label,text,clean_text,length
ham,I will come tomorrow di,i will come tomorrow di,23
ham,"sure, but make sure he knows we ain't smokin yet",sure but make sure he knows we aint smokin yet,48
ham,SERIOUSLY. TELL HER THOSE EXACT WORDS RIGHT NOW.,seriously tell her those exact words right now,48
spam,RGENT! This is the 2nd attempt to contact U!U have WON £1250 CALL 09071512433 b4 050703 T&CsBCM4235WC1N3XX. callcost 150ppm mobilesvary. max£7. 50,rgent this is the 2nd attempt to contact uu have won 1250 call 09071512433 b4 050703 tcsbcm4235wc1n3xx callcost 150ppm mobilesvary max7 50,146
ham,"Imagine you finally get to sink into that bath after I have put you through your paces, maybe even having you eat me for a while before I left ... But also imagine the feel of that cage on your cock surrounded by the bath water, reminding you always who owns you ... Enjoy, my cuck",imagine you finally get to sink into that bath after i have put you through your paces maybe even having you eat me for a while before i left  but also imagine the feel of that cage on your cock surrounded by the bath water reminding you always who owns you  enjoy my cuck,281
ham,So when you gonna get rimac access ,so when you gonna get rimac access ,35
ham,Can... I'm free...,can im free,18
ham,Hey... are you going to quit soon? Xuhui and i working till end of the month ,hey are you going to quit soon xuhui and i working till end of the month ,77
ham,Oh god..taken the teeth?is it paining,oh godtaken the teethis it paining,37
ham,"Jane babes not goin 2 wrk, feel ill after lst nite. Foned in already cover 4 me chuck.:-)",jane babes not goin 2 wrk feel ill after lst nite foned in already cover 4 me chuck,89
ham,There bold 2  &lt;#&gt; . Is that yours,there bold 2  ltgt  is that yours,39
ham,There generally isn't one. It's an uncountable noun - u in the dictionary. pieces of research?,there generally isnt one its an uncountable noun  u in the dictionary pieces of research,94
ham,"4 tacos + 1 rajas burrito, right?",4 tacos  1 rajas burrito right,33
spam,Your B4U voucher w/c 27/03 is MARSMS. Log onto www.B4Utele.com for discount credit. To opt out reply stop. Customer care call 08717168528,your b4u voucher wc 2703 is marsms log onto wwwb4utelecom for discount credit to opt out reply stop customer care call 08717168528,137
ham,"Me not waking up until 4 in the afternoon, sup",me not waking up until 4 in the afternoon sup,46
spam,"Do you ever notice that when you're driving, anyone going slower than you is an idiot and everyone driving faster than you is a maniac?",do you ever notice that when youre driving anyone going slower than you is an idiot and everyone driving faster than you is a maniac,135
ham,Ok i will tell her to stay out. Yeah its been tough but we are optimistic things will improve this month.,ok i will tell her to stay out yeah its been tough but we are optimistic things will improve this month,105
ham,Convey my regards to him,convey my regards to him,24
ham,"I can't speak, bcaz mobile have problem. I can listen you but you cann't listen my voice. So i calls you later.",i cant speak bcaz mobile have problem i can listen you but you cannt listen my voice so i calls you later,111
ham,Huh but i cant go 2 ur house empty handed right?,huh but i cant go 2 ur house empty handed right,48
ham,I've been searching for the right words to thank you for this breather. I promise i wont take your help for granted and will fulfil my promise. You have been wonderful and a blessing at all times.,ive been searching for the right words to thank you for this breather i promise i wont take your help for granted and will fulfil my promise you have been wonderful and a blessing at all times,196
ham,How much it will cost approx . Per month.,how much it will cost approx  per month,41
ham,Yes there were many sweets,yes there were many sweets,26
ham,"Japanese Proverb: If one Can do it, U too Can do it, If none Can do it,U must do it Indian version: If one Can do it, LET HIM DO it.. If none Can do it,LEAVE it!! And finally Kerala version: If one can do it, Stop him doing it.. If none can do it, Make a strike against it ...",japanese proverb if one can do it u too can do it if none can do itu must do it indian version if one can do it let him do it if none can do itleave it and finally kerala version if one can do it stop him doing it if none can do it make a strike against it ,276
ham,Are you planning to come chennai?,are you planning to come chennai,33
ham,Ok no prob...,ok no prob,13
ham,I don't know jack shit about anything or i'd say/ask something helpful but if you want you can pretend that I did and just text me whatever in response to the hypotheticalhuagauahahuagahyuhagga,i dont know jack shit about anything or id sayask something helpful but if you want you can pretend that i did and just text me whatever in response to the hypotheticalhuagauahahuagahyuhagga,193
spam,As a registered optin subscriber ur draw 4 £100 gift voucher will be entered on receipt of a correct ans to 80062 Whats No1 in the BBC charts,as a registered optin subscriber ur draw 4 100 gift voucher will be entered on receipt of a correct ans to 80062 whats no1 in the bbc charts,141
ham,Oic... I saw him too but i tot he din c me... I found a group liao...,oic i saw him too but i tot he din c me i found a group liao,69
ham,No. I dont want to hear anything,no i dont want to hear anything,32
ham,"Japanese Proverb: If one Can do it, U too Can do it, If none Can do it,U must do it Indian version: If one Can do it, LET HIM DO it.. If none Can do it,LEAVE it!! And finally Kerala version: If one can do it, Stop him doing it.. If none can do it, Make a strike against it ...",japanese proverb if one can do it u too can do it if none can do itu must do it indian version if one can do it let him do it if none can do itleave it and finally kerala version if one can do it stop him doing it if none can do it make a strike against it ,276
ham,Hmm .. Bits and pieces lol ... *sighs* ...,hmm  bits and pieces lol  sighs ,42
ham,Dear good morning now only i am up,dear good morning now only i am up,34
ham,WHORE YOU ARE UNBELIEVABLE.,whore you are unbelievable,27
ham,Hey now am free you can call me.,hey now am free you can call me,32
ham,Great! How is the office today?,great how is the office today,31
spam,"Double Mins & 1000 txts on Orange tariffs. Latest Motorola, SonyEricsson & Nokia with Bluetooth FREE! Call MobileUpd8 on 08000839402 or call2optout/HF8",double mins  1000 txts on orange tariffs latest motorola sonyericsson  nokia with bluetooth free call mobileupd8 on 08000839402 or call2optouthf8,151
ham,Whatsup there. Dont u want to sleep,whatsup there dont u want to sleep,35
ham, &lt;#&gt;  mins but i had to stop somewhere first., ltgt  mins but i had to stop somewhere first,51
ham,Dunno da next show aft 6 is 850. Toa payoh got 650.,dunno da next show aft 6 is 850 toa payoh got 650,51
spam,Camera - You are awarded a SiPix Digital Camera! call 09061221066 fromm landline. Delivery within 28 days.,camera  you are awarded a sipix digital camera call 09061221066 fromm landline delivery within 28 days,106
ham,I walked an hour 2 c u! doesnt that show I care y wont u believe im serious?,i walked an hour 2 c u doesnt that show i care y wont u believe im serious,77
ham,I am great! How are you?,i am great how are you,24
ham,Chk in ur belovd ms dict,chk in ur belovd ms dict,24
spam,2/2 146tf150p,22 146tf150p,13
ham,And is there a way you can send shade's stuff to her. And she has been wonderful too.,and is there a way you can send shades stuff to her and she has been wonderful too,85
ham,Havent planning to buy later. I check already lido only got 530 show in e afternoon. U finish work already?,havent planning to buy later i check already lido only got 530 show in e afternoon u finish work already,107
ham,I don wake since. I checked that stuff and saw that its true no available spaces. Pls call the embassy or send a mail to them.,i don wake since i checked that stuff and saw that its true no available spaces pls call the embassy or send a mail to them,126
ham,Ok. So april. Cant wait,ok so april cant wait,23
ham,Dunno lei... I thk mum lazy to go out... I neva ask her yet...,dunno lei i thk mum lazy to go out i neva ask her yet,62
ham,I came hostel. I m going to sleep. Plz call me up before class. Hrishi.,i came hostel i m going to sleep plz call me up before class hrishi,71
ham,S:)s.nervous  &lt;#&gt; :),ssnervous  ltgt ,26
ham,"Helloooo... Wake up..! ""Sweet"" ""morning"" ""welcomes"" ""You"" ""Enjoy"" ""This Day"" ""with full of joy"".. ""GUD MRNG"".",helloooo wake up sweet morning welcomes you enjoy this day with full of joy gud mrng,109
spam,"Hi there, 2nights ur lucky night! Uve been invited 2 XCHAT, the Uks wildest chat! Txt CHAT to 86688 now! 150p/MsgrcvdHG/Suite342/2Lands/Row/W1J6HL LDN 18yrs",hi there 2nights ur lucky night uve been invited 2 xchat the uks wildest chat txt chat to 86688 now 150pmsgrcvdhgsuite3422landsroww1j6hl ldn 18yrs,156
ham,Wow didn't think it was that common. I take it all back ur not a freak! Unless u chop it off:-),wow didnt think it was that common i take it all back ur not a freak unless u chop it off,95
ham,Okay but i thought you were the expert,okay but i thought you were the expert,38
ham,Were somewhere on Fredericksburg,were somewhere on fredericksburg,32
ham,That sucks. So what do you got planned for your yo valentine? I am your yo valentine aren't I?,that sucks so what do you got planned for your yo valentine i am your yo valentine arent i,94
ham,En chikku nange bakra msg kalstiya..then had tea/coffee?,en chikku nange bakra msg kalstiyathen had teacoffee,56
ham,7 at esplanade.. Do ü mind giving me a lift cos i got no car today..,7 at esplanade do  mind giving me a lift cos i got no car today,68
ham,"It wont b until 2.15 as trying 2 sort house out, is that ok?",it wont b until 215 as trying 2 sort house out is that ok,60
ham,You flippin your shit yet?,you flippin your shit yet,26
ham,He didn't see his shadow. We get an early spring yay,he didnt see his shadow we get an early spring yay,52
spam,thesmszone.com lets you send free anonymous and masked messages..im sending this message from there..do you see the potential for abuse???,thesmszonecom lets you send free anonymous and masked messagesim sending this message from theredo you see the potential for abuse,138
ham,K..k:)where are you?how did you performed?,kkwhere are youhow did you performed,42
ham,So what u doing today?,so what u doing today,22
ham,Its hard to believe things like this. All can say lie but think twice before saying anything to me.,its hard to believe things like this all can say lie but think twice before saying anything to me,99
ham,When u love someone Dont make them to love u as much as u do. But Love them so much that they dont want to be loved by anyone except you... Gud nit.,when u love someone dont make them to love u as much as u do but love them so much that they dont want to be loved by anyone except you gud nit,148
ham,Kallis wont bat in 2nd innings.,kallis wont bat in 2nd innings,31
ham,Are you angry with me. What happen dear,are you angry with me what happen dear,39
ham,Great to hear you are settling well. So what's happenin wit ola?,great to hear you are settling well so whats happenin wit ola,64
ham,"Good morning, my boytoy! How's those yummy lips ? Where's my sexy buns now ? What do you do ? Do you think of me ? Do you crave me ? Do you need me ?",good morning my boytoy hows those yummy lips  wheres my sexy buns now  what do you do  do you think of me  do you crave me  do you need me ,149
ham,I love u 2 babe! R u sure everything is alrite. Is he being an idiot? Txt bak girlie,i love u 2 babe r u sure everything is alrite is he being an idiot txt bak girlie,84
ham,What r u cooking me for dinner?,what r u cooking me for dinner,31
ham,Da is good good player.why he is unsold.,da is good good playerwhy he is unsold,40
ham,She just broke down a list of reasons why nobody's in town and I can't tell if she's being sarcastic or just faggy,she just broke down a list of reasons why nobodys in town and i cant tell if shes being sarcastic or just faggy,114
spam,For taking part in our mobile survey yesterday! You can now have 500 texts 2 use however you wish. 2 get txts just send TXT to 80160 T&C www.txt43.com 1.50p,for taking part in our mobile survey yesterday you can now have 500 texts 2 use however you wish 2 get txts just send txt to 80160 tc wwwtxt43com 150p,156
ham,Sending you greetings of joy and happiness. Do have a gr8 evening,sending you greetings of joy and happiness do have a gr8 evening,65
ham,U coming back 4 dinner rite? Dad ask me so i re confirm wif u...,u coming back 4 dinner rite dad ask me so i re confirm wif u,64
ham,"That's cool he'll be here all night, lemme know when you're around",thats cool hell be here all night lemme know when youre around,66
ham,"How are you, my Love ? Are you with your brother ? Time to talk english with him ? *grins* Say : Hey Muhommad, Penny says hello from across the sea",how are you my love  are you with your brother  time to talk english with him  grins say  hey muhommad penny says hello from across the sea,147
ham,Sometimes Heart Remembrs someone Very much... Forgets someone soon... Bcoz Heart will not like everyone. But liked ones will be Remembered Everytime... BSLVYL,sometimes heart remembrs someone very much forgets someone soon bcoz heart will not like everyone but liked ones will be remembered everytime bslvyl,158
ham,Ü takin linear algebra today?, takin linear algebra today,29
ham,So how are you really. What are you up to. How's the masters. And so on.,so how are you really what are you up to hows the masters and so on,72
ham,Hey whats up? U sleeping all morning?,hey whats up u sleeping all morning,37
ham,Thought we could go out for dinner. I'll treat you! Seem ok?,thought we could go out for dinner ill treat you seem ok,60
ham,Dai what this da.. Can i send my resume to this id.,dai what this da can i send my resume to this id,51
ham,Just taste fish curry :-P,just taste fish curry p,25
ham,Am slow in using biola's fne,am slow in using biolas fne,28
ham,"Had the money issue weigh me down but thanks to you, I can breathe easier now. I.ll make sure you dont regret it. Thanks.",had the money issue weigh me down but thanks to you i can breathe easier now ill make sure you dont regret it thanks,121
ham,Yes da. Any plm at ur office,yes da any plm at ur office,28
ham,"I promise to take good care of you, princess. I have to run now. Please send pics when you get a chance. Ttyl!",i promise to take good care of you princess i have to run now please send pics when you get a chance ttyl,110
spam,Please CALL 08712402578 immediately as there is an urgent message waiting for you,please call 08712402578 immediately as there is an urgent message waiting for you,81
ham,It means u could not keep ur words.,it means u could not keep ur words,35
ham,You have registered Sinco as Payee. Log in at icicibank.com and enter URN  &lt;#&gt;  to confirm. Beware of frauds. Do NOT share or disclose URN to anyone.,you have registered sinco as payee log in at icicibankcom and enter urn  ltgt  to confirm beware of frauds do not share or disclose urn to anyone,155
spam,Valentines Day Special! Win over £1000 in our quiz and take your partner on the trip of a lifetime! Send GO to 83600 now. 150p/msg rcvd. CustCare:08718720201.,valentines day special win over 1000 in our quiz and take your partner on the trip of a lifetime send go to 83600 now 150pmsg rcvd custcare08718720201,158
ham,"My painful personal thought- ""I always try to keep everybody happy all the time. But nobody recognises me when i am alone""",my painful personal thought i always try to keep everybody happy all the time but nobody recognises me when i am alone,122
ham,"No! But we found a diff farm shop to buy some cheese. On way back now, can i call in?",no but we found a diff farm shop to buy some cheese on way back now can i call in,85
ham,Are you this much buzy,are you this much buzy,22
spam,Dear Voucher holder Have your next meal on us. Use the following link on your pc 2 enjoy a 2 4 1 dining experiencehttp://www.vouch4me.com/etlp/dining.asp,dear voucher holder have your next meal on us use the following link on your pc 2 enjoy a 2 4 1 dining experiencehttpwwwvouch4mecometlpdiningasp,153
ham,"Nothing, i got msg frm tht unknown no..",nothing i got msg frm tht unknown no,39
ham,I think i've fixed it can you send a test message?,i think ive fixed it can you send a test message,50
ham,"Good afternoon loverboy ! How goes you day ? Any luck come your way? I think of you, sweetie and send my love across the sea to make you smile and happy",good afternoon loverboy  how goes you day  any luck come your way i think of you sweetie and send my love across the sea to make you smile and happy,152
ham,"That‘s the thing with apes, u can fight to the death to keep something, but the minute they have it when u let go, thats it!",thats the thing with apes u can fight to the death to keep something but the minute they have it when u let go thats it,124
ham,Okay lor... Wah... like that def they wont let us go... Haha... What did they say in the terms and conditions?,okay lor wah like that def they wont let us go haha what did they say in the terms and conditions,110
ham,Hurry home u big butt. Hang up on your last caller if u have to. Food is done and I'm starving. Don't ask what I cooked.,hurry home u big butt hang up on your last caller if u have to food is done and im starving dont ask what i cooked,120
spam,Free video camera phones with Half Price line rental for 12 mths and 500 cross ntwk mins 100 txts. Call MobileUpd8 08001950382 or Call2OptOut/674&,free video camera phones with half price line rental for 12 mths and 500 cross ntwk mins 100 txts call mobileupd8 08001950382 or call2optout674,146
ham,I was slept that time.you there?,i was slept that timeyou there,32
spam,"HOT LIVE FANTASIES call now 08707509020 Just 20p per min NTT Ltd, PO Box 1327 Croydon CR9 5WB 0870 is a national rate call",hot live fantasies call now 08707509020 just 20p per min ntt ltd po box 1327 croydon cr9 5wb 0870 is a national rate call,122
ham,Got it! It looks scrumptious... daddy wants to eat you all night long!,got it it looks scrumptious daddy wants to eat you all night long,70
ham,"Well, I was about to give up cos they all said no they didn‘t do one nighters. I persevered and found one but it is very cheap so i apologise in advance. It is just somewhere to sleep isnt it?",well i was about to give up cos they all said no they didnt do one nighters i persevered and found one but it is very cheap so i apologise in advance it is just somewhere to sleep isnt it,192
ham,He also knows about lunch menu only da. . I know,he also knows about lunch menu only da  i know,48
ham,"Gud gud..k, chikku tke care.. sleep well gud nyt",gud gudk chikku tke care sleep well gud nyt,48
ham,Lol grr my mom is taking forever with my prescription. Pharmacy is like 2 minutes away. Ugh.,lol grr my mom is taking forever with my prescription pharmacy is like 2 minutes away ugh,92
ham,Wife.how she knew the time of murder exactly,wifehow she knew the time of murder exactly,44
ham,How's it feel? Mr. Your not my real Valentine just my yo Valentine even tho u hardly play!!,hows it feel mr your not my real valentine just my yo valentine even tho u hardly play,91
ham,Wat so late still early mah. Or we juz go 4 dinner lor. Aiya i dunno...,wat so late still early mah or we juz go 4 dinner lor aiya i dunno,71
ham,Usually the body takes care of it buy making sure it doesnt progress. Can we pls continue this talk on saturday.,usually the body takes care of it buy making sure it doesnt progress can we pls continue this talk on saturday,112
ham,HAPPY NEW YEAR MY NO.1 MAN,happy new year my no1 man,26
ham,Feel Yourself That You Are Always Happy.. Slowly It Becomes Your Habit &amp; Finally It Becomes Part Of Your Life.. Follow It.. Happy Morning &amp; Have A Happy Day:),feel yourself that you are always happy slowly it becomes your habit amp finally it becomes part of your life follow it happy morning amp have a happy day,166
ham,You stayin out of trouble stranger!!saw Dave the other day hes sorted now!still with me bloke when u gona get a girl MR!ur mum still Thinks we will get 2GETHA! ,you stayin out of trouble strangersaw dave the other day hes sorted nowstill with me bloke when u gona get a girl mrur mum still thinks we will get 2getha ,161
ham,"Good afternoon, babe. How goes that day ? Any job prospects yet ? I miss you, my love ... *sighs* ... :-(",good afternoon babe how goes that day  any job prospects yet  i miss you my love  sighs  ,105
ham,They released vday shirts and when u put it on it makes your bottom half naked instead of those white underwear.,they released vday shirts and when u put it on it makes your bottom half naked instead of those white underwear,112
ham,I am in escape theatre now. . Going to watch KAVALAN in a few minutes,i am in escape theatre now  going to watch kavalan in a few minutes,69
ham,God's love has no limit. God's grace has no measure. God's power has no boundaries. May u have God's endless blessings always in ur life...!! Gud ni8,gods love has no limit gods grace has no measure gods power has no boundaries may u have gods endless blessings always in ur life gud ni8,149
spam,You will be receiving this week's Triple Echo ringtone shortly. Enjoy it!,you will be receiving this weeks triple echo ringtone shortly enjoy it,73
ham,Am on the uworld site. Am i buying the qbank only or am i buying it with the self assessment also?,am on the uworld site am i buying the qbank only or am i buying it with the self assessment also,98
ham,"Yeah that's what I thought, lemme know if anything's goin on later",yeah thats what i thought lemme know if anythings goin on later,66
ham,Yeah just open chat and click friend lists. Then make the list. Easy as pie,yeah just open chat and click friend lists then make the list easy as pie,75
ham,"Actually fuck that, just do whatever, do find an excuse to be in tampa at some point before january though",actually fuck that just do whatever do find an excuse to be in tampa at some point before january though,106
ham,"Hi. Hope ur day * good! Back from walk, table booked for half eight. Let me know when ur coming over.",hi hope ur day  good back from walk table booked for half eight let me know when ur coming over,101
ham,Lmao but its so fun...,lmao but its so fun,22
ham,How dare you change my ring,how dare you change my ring,27
ham,"Honey ? Sweetheart ? Darling ? Sexy buns ? Sugar plum ? Loverboy ? I miss you, boytoy ... *smacks your ass* Did you go to the gym too ?",honey  sweetheart  darling  sexy buns  sugar plum  loverboy  i miss you boytoy  smacks your ass did you go to the gym too ,135
spam,We currently have a message awaiting your collection. To collect your message just call 08718723815.,we currently have a message awaiting your collection to collect your message just call 08718723815,100
ham,Meeting u is my work. . . Tel me when shall i do my work tomorrow,meeting u is my work   tel me when shall i do my work tomorrow,65
ham,What Today-sunday..sunday is holiday..so no work..,what todaysundaysunday is holidayso no work,50
ham,"Mon okie lor... Haha, best is cheap n gd food la, ex oso okie... Depends on whether wana eat western or chinese food... Den which u prefer... ",mon okie lor haha best is cheap n gd food la ex oso okie depends on whether wana eat western or chinese food den which u prefer ,142
ham,I've been barred from all B and Q stores for life!?This twat in orange dungerees came up to me and asked if I wanted decking? So I got the first punch in!!,ive been barred from all b and q stores for lifethis twat in orange dungerees came up to me and asked if i wanted decking so i got the first punch in,155
ham,"Sorry, my battery died, I can come by but I'm only getting a gram for now, where's your place?",sorry my battery died i can come by but im only getting a gram for now wheres your place,94
ham,All e best 4 ur exam later.,all e best 4 ur exam later,27
ham,He also knows about lunch menu only da. . I know,he also knows about lunch menu only da  i know,48
spam,"For your chance to WIN a FREE Bluetooth Headset then simply reply back with ""ADP""",for your chance to win a free bluetooth headset then simply reply back with adp,81
ham,TaKe CaRE n gET WeLL sOOn,take care n get well soon,25
ham,i dnt wnt to tlk wid u,i dnt wnt to tlk wid u,22
ham,Sorry de i went to shop.,sorry de i went to shop,24
ham,"Thanks, I'll keep that in mind",thanks ill keep that in mind,30
ham,Hey sathya till now we dint meet not even a single time then how can i saw the situation sathya.,hey sathya till now we dint meet not even a single time then how can i saw the situation sathya,96
spam,You have an important customer service announcement from PREMIER. Call FREEPHONE 0800 542 0578 now!,you have an important customer service announcement from premier call freephone 0800 542 0578 now,99
ham,"The world is running and i am still.maybe all are feeling the same,so be it.or i have to admit,i am mad.then where is the correction?or let me call this is life.and keep running with the world,may be u r also running.lets run.",the world is running and i am stillmaybe all are feeling the sameso be itor i have to admiti am madthen where is the correctionor let me call this is lifeand keep running with the worldmay be u r also runninglets run,226
ham,And pls pls drink plenty plenty water,and pls pls drink plenty plenty water,37
ham,I know! Grumpy old people. My mom was like you better not be lying. Then again I am always the one to play jokes...,i know grumpy old people my mom was like you better not be lying then again i am always the one to play jokes,115
ham,Ü neva tell me how i noe... I'm not at home in da aft wat... , neva tell me how i noe im not at home in da aft wat ,61
ham,"Sweetheart, hope you are not having that kind of day! Have one with loads of reasons to smile. Biola",sweetheart hope you are not having that kind of day have one with loads of reasons to smile biola,100
ham,"see, i knew giving you a break a few times woul lead to you always wanting to miss curfew. I was gonna gibe you 'til one, but a MIDNIGHT movie is not gonna get out til after 2. You need to come home. You need to getsleep and, if anything, you need to b studdying ear training.",see i knew giving you a break a few times woul lead to you always wanting to miss curfew i was gonna gibe you til one but a midnight movie is not gonna get out til after 2 you need to come home you need to getsleep and if anything you need to b studdying ear training,276
ham,"Fighting with the world is easy, u either win or lose bt fightng with some1 who is close to u is dificult if u lose - u lose if u win - u still lose.",fighting with the world is easy u either win or lose bt fightng with some1 who is close to u is dificult if u lose  u lose if u win  u still lose,149
ham,Oh sorry please its over,oh sorry please its over,24
ham,have * good weekend.,have  good weekend,20
ham,"Ok, be careful ! Don't text and drive !",ok be careful  dont text and drive ,39
ham,The guy did some bitching but I acted like i'd be interested in buying something else next week and he gave it to us for free,the guy did some bitching but i acted like id be interested in buying something else next week and he gave it to us for free,125
ham,I dont. Can you send it to me. Plus how's mode.,i dont can you send it to me plus hows mode,47
ham,Just hopeing that wasn‘t too pissed up to remember and has gone off to his sisters or something!,just hopeing that wasnt too pissed up to remember and has gone off to his sisters or something,96
ham,Horrible u eat macs eat until u forgot abt me already rite... U take so long 2 reply. I thk it's more toot than b4 so b prepared. Now wat shall i eat?,horrible u eat macs eat until u forgot abt me already rite u take so long 2 reply i thk its more toot than b4 so b prepared now wat shall i eat,150
ham,Oh ok.. Wat's ur email?,oh ok wats ur email,23
ham,"Single line with a big meaning::::: ""Miss anything 4 ur ""Best Life"" but, don't miss ur best life for anything... Gud nyt...",single line with a big meaning miss anything 4 ur best life but dont miss ur best life for anything gud nyt,123
ham,"Cool, text me when you're parked",cool text me when youre parked,32
ham,Well boy am I glad G wasted all night at applebees for nothing,well boy am i glad g wasted all night at applebees for nothing,62
spam,CDs 4u: Congratulations ur awarded £500 of CD gift vouchers or £125 gift guaranteed & Freeentry 2 £100 wkly draw xt MUSIC to 87066 TnCs www.ldew.com1win150ppmx3age16 ,cds 4u congratulations ur awarded 500 of cd gift vouchers or 125 gift guaranteed  freeentry 2 100 wkly draw xt music to 87066 tncs wwwldewcom1win150ppmx3age16 ,166
ham,"its cool but tyler had to take off so we're gonna buy for him and drop it off at his place later tonight. Our total order is a quarter, you got enough?",its cool but tyler had to take off so were gonna buy for him and drop it off at his place later tonight our total order is a quarter you got enough,151
ham,Wat r u doing?,wat r u doing,14
ham,"U so lousy, run already come back then half dead... Hee...",u so lousy run already come back then half dead hee,58
ham,Now that you have started dont stop. Just pray for more good ideas and anything i see that can help you guys i.ll forward you a link.,now that you have started dont stop just pray for more good ideas and anything i see that can help you guys ill forward you a link,133
spam,Someone U know has asked our dating service 2 contact you! Cant Guess who? CALL 09058091854 NOW all will be revealed. PO BOX385 M6 6WU,someone u know has asked our dating service 2 contact you cant guess who call 09058091854 now all will be revealed po box385 m6 6wu,134
ham,Do you know when dad will be back?,do you know when dad will be back,34
ham,"Hi, my love! How goes that day? Fuck, this morning I woke and dropped my cell on the way down the stairs but it seems alright ... *phews* I miss you !",hi my love how goes that day fuck this morning i woke and dropped my cell on the way down the stairs but it seems alright  phews i miss you ,150
ham,it's still not working. And this time i also tried adding zeros. That was the savings. The checking is  &lt;#&gt; ,its still not working and this time i also tried adding zeros that was the savings the checking is  ltgt ,114
ham,"I didnt get ur full msg..sometext is missing, send it again",i didnt get ur full msgsometext is missing send it again,59
ham,Yup i shd haf ard 10 pages if i add figures... Ü all got how many pages?,yup i shd haf ard 10 pages if i add figures  all got how many pages,72
ham,You call times job today ok umma and ask them to speed up,you call times job today ok umma and ask them to speed up,57
ham,Is fujitsu s series lifebook good?,is fujitsu s series lifebook good,34
spam,"FREE NOKIA Or Motorola with upto 12mths 1/2price linerental, 500 FREE x-net mins&100txt/mth FREE B'tooth*. Call Mobileupd8 on 08001950382 or call 2optout/D3WV",free nokia or motorola with upto 12mths 12price linerental 500 free xnet mins100txtmth free btooth call mobileupd8 on 08001950382 or call 2optoutd3wv,158
ham,"Just wondering, the others just took off",just wondering the others just took off,40
ham,Well done and ! luv ya all ,well done and  luv ya all ,27
ham,Haha... Hope ü can hear the receipt sound... Gd luck!,haha hope  can hear the receipt sound gd luck,53
ham,"Sir, waiting for your letter.",sir waiting for your letter,29
spam,PRIVATE! Your 2003 Account Statement for shows 800 un-redeemed S.I.M. points. Call 08718738001 Identifier Code: 49557 Expires 26/11/04,private your 2003 account statement for shows 800 unredeemed sim points call 08718738001 identifier code 49557 expires 261104,134
ham,This is my number by vivek..,this is my number by vivek,28
ham,You only hate me. You can call any but you didnt accept even a single call of mine. Or even you messaged,you only hate me you can call any but you didnt accept even a single call of mine or even you messaged,104
ham,No pic. Please re-send.,no pic please resend,23
spam,Please call Amanda with regard to renewing or upgrading your current T-Mobile handset free of charge. Offer ends today. Tel 0845 021 3680 subject to T's and C's,please call amanda with regard to renewing or upgrading your current tmobile handset free of charge offer ends today tel 0845 021 3680 subject to ts and cs,160
ham,Noooooooo please. Last thing I need is stress. For once in your life be fair.,noooooooo please last thing i need is stress for once in your life be fair,77
ham,:) , ,3
spam,Please call our customer service representative on 0800 169 6031 between 10am-9pm as you have WON a guaranteed £1000 cash or £5000 prize!,please call our customer service representative on 0800 169 6031 between 10am9pm as you have won a guaranteed 1000 cash or 5000 prize,137
ham,Nah dub but je still buff,nah dub but je still buff,25
ham,Where u been hiding stranger?,where u been hiding stranger,29
ham,Oops I was in the shower when u called. Hey a parking garage collapsed at university hospital. See I'm not crazy. Stuff like that DOES happen.,oops i was in the shower when u called hey a parking garage collapsed at university hospital see im not crazy stuff like that does happen,142
ham,"We know TAJ MAHAL as symbol of love. But the other lesser known facts 1. Mumtaz was Shahjahan's 4th wife, out of his 7 wifes. 2. Shahjahan killed Mumtaz's husband to marry her. 3. Mumtaz died in her  &lt;#&gt; th delivery. 4. He then married Mumtaz's sister. Question arises where the Hell is the LOVE?:-| -The Great Hari-",we know taj mahal as symbol of love but the other lesser known facts 1 mumtaz was shahjahans 4th wife out of his 7 wifes 2 shahjahan killed mumtazs husband to marry her 3 mumtaz died in her  ltgt th delivery 4 he then married mumtazs sister question arises where the hell is the love the great hari,322
ham,Have a safe trip to Nigeria. Wish you happiness and very soon company to share moments with,have a safe trip to nigeria wish you happiness and very soon company to share moments with,91
ham,I didnt get anything da,i didnt get anything da,23
ham,"I'll text carlos and let you know, hang on",ill text carlos and let you know hang on,42
ham,26th OF JULY,26th of july,12
ham,I know that my friend already told that.,i know that my friend already told that,40
ham,Will ü b going to esplanade fr home?,will  b going to esplanade fr home,36
ham,Haha... can... But i'm having dinner with my cousin...,haha can but im having dinner with my cousin,54
ham,I not at home now lei...,i not at home now lei,24
ham,"Hiya , have u been paying money into my account? If so, thanks. Got a pleasant surprise when i checked my balance -u c, i don't get statements 4 that acc",hiya  have u been paying money into my account if so thanks got a pleasant surprise when i checked my balance u c i dont get statements 4 that acc,153
ham,Idk. I'm sitting here in a stop and shop parking lot right now bawling my eyes out because i feel like i'm a failure in everything. Nobody wants me and now i feel like i'm failing you.,idk im sitting here in a stop and shop parking lot right now bawling my eyes out because i feel like im a failure in everything nobody wants me and now i feel like im failing you,184
ham,"Do you know why god created gap between your fingers..? So that, One who is made for you comes &amp; fills those gaps by holding your hand with LOVE..!",do you know why god created gap between your fingers so that one who is made for you comes amp fills those gaps by holding your hand with love,151
spam,Had your mobile 11 months or more? U R entitled to Update to the latest colour mobiles with camera for Free! Call The Mobile Update Co FREE on 08002986030,had your mobile 11 months or more u r entitled to update to the latest colour mobiles with camera for free call the mobile update co free on 08002986030,154
ham,No da:)he is stupid da..always sending like this:)don believe any of those message.pandy is a mental:),no dahe is stupid daalways sending like thisdon believe any of those messagepandy is a mental,102
ham,Ok lor then we go tog lor...,ok lor then we go tog lor,28
spam,URGENT! We are trying to contact U. Todays draw shows that you have won a £800 prize GUARANTEED. Call 09050001808 from land line. Claim M95. Valid12hrs only,urgent we are trying to contact u todays draw shows that you have won a 800 prize guaranteed call 09050001808 from land line claim m95 valid12hrs only,156
ham,Yeah he got in at 2 and was v apologetic. n had fallen out and she was actin like spoilt child and he got caught up in that. Till 2! But we won't go there! Not doing too badly cheers. You? ,yeah he got in at 2 and was v apologetic n had fallen out and she was actin like spoilt child and he got caught up in that till 2 but we wont go there not doing too badly cheers you ,189
ham,Love that holiday Monday feeling even if I have to go to the dentists in an hour,love that holiday monday feeling even if i have to go to the dentists in an hour,80
ham,"Watching cartoon, listening music &amp; at eve had to go temple &amp; church.. What about u?",watching cartoon listening music amp at eve had to go temple amp church what about u,92
ham,Ok...,ok,5
ham,No probably  &lt;#&gt; %.,no probably  ltgt ,25
ham,Whatsup there. Dont u want to sleep,whatsup there dont u want to sleep,35
spam,Ur balance is now £500. Ur next question is: Who sang 'Uptown Girl' in the 80's ? 2 answer txt ur ANSWER to 83600. Good luck!,ur balance is now 500 ur next question is who sang uptown girl in the 80s  2 answer txt ur answer to 83600 good luck,125
ham,"""What are youdoing later? Sar xxx""",what are youdoing later sar xxx,34
ham,We took hooch for a walk toaday and i fell over! Splat! Grazed my knees and everything! Should have stayed at home! See you tomorrow! ,we took hooch for a walk toaday and i fell over splat grazed my knees and everything should have stayed at home see you tomorrow ,134
ham,Mm that time you dont like fun,mm that time you dont like fun,30
ham,So how's scotland. Hope you are not over showing your JJC tendencies. Take care. Live the dream,so hows scotland hope you are not over showing your jjc tendencies take care live the dream,95
ham,Im just wondering what your doing right now?,im just wondering what your doing right now,44
ham,"Hey sweet, I was wondering when you had a moment if you might come to me ? I want to send a file to someone but it won't go over yahoo for them because their connection sucks, remember when you set up that page for me to go to and download the format disc ? Could you tell me how to do that ? Or do you know some other way to download big files ? Because they can download stuff directly from the internet. Any help would be great, my prey ... *teasing kiss*",hey sweet i was wondering when you had a moment if you might come to me  i want to send a file to someone but it wont go over yahoo for them because their connection sucks remember when you set up that page for me to go to and download the format disc  could you tell me how to do that  or do you know some other way to download big files  because they can download stuff directly from the internet any help would be great my prey  teasing kiss,458
ham,I cant wait for cornwall. Hope tonight isnt too bad as well but its rock night shite. Anyway im going for a kip now have a good night. Speak to you soon.,i cant wait for cornwall hope tonight isnt too bad as well but its rock night shite anyway im going for a kip now have a good night speak to you soon,157
ham,Not yet had..ya sapna aunty manege y'day hogidhe..chinnu full weak and swalpa black agidhane..,not yet hadya sapna aunty manege yday hogidhechinnu full weak and swalpa black agidhane,94
ham,That's y we haf to combine n c how lor...,thats y we haf to combine n c how lor,41
ham,U call me alter at 11 ok.,u call me alter at 11 ok,25
ham,"After my work ah... Den 6 plus lor... U workin oso rite... Den go orchard lor, no other place to go liao...",after my work ah den 6 plus lor u workin oso rite den go orchard lor no other place to go liao,107
ham,Still i have not checked it da. . .,still i have not checked it da  ,35
ham,My sis is catching e show in e afternoon so i'm not watching w her. So c u wan 2 watch today or tmr lor.,my sis is catching e show in e afternoon so im not watching w her so c u wan 2 watch today or tmr lor,104
ham,I think i am disturbing her da,i think i am disturbing her da,30
ham,The battery is for mr adewale my uncle. Aka Egbon,the battery is for mr adewale my uncle aka egbon,49
ham,Ok cool. See ya then.,ok cool see ya then,21
ham,No da..today also i forgot..,no datoday also i forgot,28
ham,Purity of friendship between two is not about smiling after reading the forwarded message..Its about smiling just by seeing the name. Gud evng,purity of friendship between two is not about smiling after reading the forwarded messageits about smiling just by seeing the name gud evng,142
ham,Stop calling everyone saying I might have cancer. My throat hurts to talk. I can't be answering everyones calls. If I get one more call I'm not babysitting on Monday,stop calling everyone saying i might have cancer my throat hurts to talk i cant be answering everyones calls if i get one more call im not babysitting on monday,165
ham,"Oh really? perform, write a paper, go to a movie AND be home by midnight, huh?",oh really perform write a paper go to a movie and be home by midnight huh,78
ham,Oic cos me n my sis got no lunch today my dad went out... So dunno whether 2 eat in sch or wat...,oic cos me n my sis got no lunch today my dad went out so dunno whether 2 eat in sch or wat,97
ham,In da car park ,in da car park ,15
ham,"Height of Confidence: All the Aeronautics professors wer calld &amp; they wer askd 2 sit in an aeroplane. Aftr they sat they wer told dat the plane ws made by their students. Dey all hurried out of d plane.. Bt only 1 didnt move... He said:""if it is made by my students,this wont even start........ Datz confidence..",height of confidence all the aeronautics professors wer calld amp they wer askd 2 sit in an aeroplane aftr they sat they wer told dat the plane ws made by their students dey all hurried out of d plane bt only 1 didnt move he saidif it is made by my studentsthis wont even start datz confidence,316
ham,Dear got train and seat mine lower seat,dear got train and seat mine lower seat,39
ham,Hai priya are you right. What doctor said pa. Where are you.,hai priya are you right what doctor said pa where are you,60
ham,I will reach ur home in  &lt;#&gt;  minutes,i will reach ur home in  ltgt  minutes,43
ham,You still at the game?,you still at the game,22
ham,It just seems like weird timing that the night that all you and g want is for me to come smoke is the same day as when a shitstorm is attributed to me always coming over and making everyone smoke,it just seems like weird timing that the night that all you and g want is for me to come smoke is the same day as when a shitstorm is attributed to me always coming over and making everyone smoke,195
ham,Yup i've finished c ü there...,yup ive finished c  there,30
spam,wamma get laid?want real doggin locations sent direct to your mobile? join the UKs largest dogging network. txt dogs to 69696 now!nyt. ec2a. 3lp £1.50/msg.,wamma get laidwant real doggin locations sent direct to your mobile join the uks largest dogging network txt dogs to 69696 nownyt ec2a 3lp 150msg,155
ham,Do u konw waht is rael FRIENDSHIP Im gving yuo an exmpel: Jsut ese tihs msg.. Evrey splleing of tihs msg is wrnog.. Bt sitll yuo can raed it wihtuot ayn mitsake.. GOODNIGHT &amp; HAVE A NICE SLEEP..SWEET DREAMS..,do u konw waht is rael friendship im gving yuo an exmpel jsut ese tihs msg evrey splleing of tihs msg is wrnog bt sitll yuo can raed it wihtuot ayn mitsake goodnight amp have a nice sleepsweet dreams,212
ham,Ha ha - had popped down to the loo when you hello-ed me. Hello!,ha ha  had popped down to the loo when you helloed me hello,63
ham,Oi when you gonna ring,oi when you gonna ring,22
ham,* Was thinking about chuckin ur red green n black trainners 2 save carryin them bac on train, was thinking about chuckin ur red green n black trainners 2 save carryin them bac on train,92
ham,Nothing will ever be easy. But don't be looking for a reason not to take a risk on life and love,nothing will ever be easy but dont be looking for a reason not to take a risk on life and love,96
ham,Ü all write or wat.., all write or wat,20
ham,"Also sir, i sent you an email about how to log into the usc payment portal. I.ll send you another message that should explain how things are back home. Have a great weekend.",also sir i sent you an email about how to log into the usc payment portal ill send you another message that should explain how things are back home have a great weekend,173
ham,But i'm surprised she still can guess right lor...,but im surprised she still can guess right lor,50
ham,Pls ask macho how much is budget for bb bold 2 is cos i saw a new one for  &lt;#&gt;  dollars.,pls ask macho how much is budget for bb bold 2 is cos i saw a new one for  ltgt  dollars,94
ham,"Yeah, that's fine! It's £6 to get in, is that ok? ",yeah thats fine its 6 to get in is that ok ,50
ham,Hi da:)how is the todays class?,hi dahow is the todays class,31
ham,jay says he'll put in  &lt;#&gt;,jay says hell put in  ltgt,32
ham,No. It's not pride. I'm almost  &lt;#&gt;  years old and shouldn't be takin money from my kid. You're not supposed to have to deal with this stuff. This is grownup stuff--why i don't tell you.,no its not pride im almost  ltgt  years old and shouldnt be takin money from my kid youre not supposed to have to deal with this stuff this is grownup stuffwhy i dont tell you,192
ham,"Got fujitsu, ibm, hp, toshiba... Got a lot of model how to say...",got fujitsu ibm hp toshiba got a lot of model how to say,65
ham,I got your back! Do you have any dislikes in bed?,i got your back do you have any dislikes in bed,49
ham,I'm ok wif it cos i like 2 try new things. But i scared u dun like mah. Cos u said not too loud.,im ok wif it cos i like 2 try new things but i scared u dun like mah cos u said not too loud,96
ham,Yunny i'm walking in citylink now ü faster come down... Me very hungry...,yunny im walking in citylink now  faster come down me very hungry,73
ham,Ü no home work to do meh... , no home work to do meh ,28
spam,"Dear Matthew please call 09063440451 from a landline, your complimentary 4*Lux Tenerife holiday or £1000 CASH await collection. ppm150 SAE T&Cs Box334 SK38XH.",dear matthew please call 09063440451 from a landline your complimentary 4lux tenerife holiday or 1000 cash await collection ppm150 sae tcs box334 sk38xh,158
ham,K..k..i'm also fine:)when will you complete the course?,kkim also finewhen will you complete the course,55
ham,Remember on that day..,remember on that day,22
ham,Dhoni have luck to win some big title.so we will win:),dhoni have luck to win some big titleso we will win,54
ham,"Yeah I am, so I'll leave maybe 7ish?",yeah i am so ill leave maybe 7ish,36
ham,"Customer place, i wil cal u sir.",customer place i wil cal u sir,32
ham,Wat time ü finish?,wat time  finish,18
ham,Thank god they are in bed!,thank god they are in bed,26
ham,"No shit, but I wasn't that surprised, so I went and spent the evening with that french guy I met in town here and we fooled around a bit but I didn't let him fuck me",no shit but i wasnt that surprised so i went and spent the evening with that french guy i met in town here and we fooled around a bit but i didnt let him fuck me,165
ham,Eat at old airport road... But now 630 oredi... Got a lot of pple...,eat at old airport road but now 630 oredi got a lot of pple,68
ham,I will vote for wherever my heart guides me,i will vote for wherever my heart guides me,43
spam,"Double mins and txts 4 6months FREE Bluetooth on Orange. Available on Sony, Nokia Motorola phones. Call MobileUpd8 on 08000839402 or call2optout/N9DX",double mins and txts 4 6months free bluetooth on orange available on sony nokia motorola phones call mobileupd8 on 08000839402 or call2optoutn9dx,149
ham,"Yeah probably, I still gotta check out with leo",yeah probably i still gotta check out with leo,47
ham,Dear :-/ why you mood off. I cant drive so i brother to drive,dear  why you mood off i cant drive so i brother to drive,61
ham,Hmmm...k...but i want to change the field quickly da:-)i wanna get system administrator or network administrator..,hmmmkbut i want to change the field quickly dai wanna get system administrator or network administrator,114
ham,Oh ok..,oh ok,7
ham,No problem baby. Is this is a good time to talk? I called and left a message.,no problem baby is this is a good time to talk i called and left a message,77
ham,I'm done oredi...,im done oredi,17
ham,See the forwarding message for proof,see the forwarding message for proof,36
spam,"You have been selected to stay in 1 of 250 top British hotels - FOR NOTHING! Holiday Worth £350! To Claim, Call London 02072069400. Bx 526, SW73SS",you have been selected to stay in 1 of 250 top british hotels  for nothing holiday worth 350 to claim call london 02072069400 bx 526 sw73ss,146
spam,http//tms. widelive.com/index. wml?id=820554ad0a1705572711&first=true¡C C Ringtone¡,httptms widelivecomindex wmlid820554ad0a1705572711firsttruec c ringtone,83
ham,Prabha..i'm soryda..realy..frm heart i'm sory,prabhaim sorydarealyfrm heart im sory,45
ham,You best watch what you say cause I get drunk as a motherfucker,you best watch what you say cause i get drunk as a motherfucker,63
spam,"You have won ?1,000 cash or a ?2,000 prize! To claim, call09050000327. T&C: RSTM, SW7 3SS. 150ppm",you have won 1000 cash or a 2000 prize to claim call09050000327 tc rstm sw7 3ss 150ppm,97
ham,My computer just fried the only essential part we don't keep spares of because my fucking idiot roommates looovvve leaving the thing running on full  &lt;#&gt; /7,my computer just fried the only essential part we dont keep spares of because my fucking idiot roommates looovvve leaving the thing running on full  ltgt 7,162
ham,Lol for real. She told my dad I have cancer,lol for real she told my dad i have cancer,43
ham,Probably money worries. Things are coming due and i have several outstanding invoices for work i did two and three months ago.,probably money worries things are coming due and i have several outstanding invoices for work i did two and three months ago,126
ham,"Yeah, I'll leave in a couple minutes &amp; let you know when I get to mu",yeah ill leave in a couple minutes amp let you know when i get to mu,72
ham,I.ll get there tomorrow and send it to you,ill get there tomorrow and send it to you,42
ham,"[…] anyway, many good evenings to u! s", anyway many good evenings to u s,38
ham,"Think i might have to give it a miss. Am teaching til twelve, then have lecture at two. Damn this working thing.",think i might have to give it a miss am teaching til twelve then have lecture at two damn this working thing,112
ham,K k :-):-) then watch some films.,k k  then watch some films,33
ham,Can you just come in for a sec? There's somebody here I want you to see,can you just come in for a sec theres somebody here i want you to see,71
ham,If you hear a loud scream in about &lt;#&gt; minutes its cause my Gyno will be shoving things up me that don't belong :/,if you hear a loud scream in about ltgt minutes its cause my gyno will be shoving things up me that dont belong ,120
spam,"Dear Voucher Holder, To claim this weeks offer, at your PC please go to http://www.wtlp.co.uk/text. Ts&Cs apply.",dear voucher holder to claim this weeks offer at your pc please go to httpwwwwtlpcouktext tscs apply,112
ham,Just sleeping..and surfing,just sleepingand surfing,26
ham,Have you bookedthe hut? And also your time off? How are you by the way?,have you bookedthe hut and also your time off how are you by the way,71
spam,important information 4 orange user 0789xxxxxxx. today is your lucky day!2find out why log onto http://www.urawinner.com THERE'S A FANTASTIC SURPRISE AWAITING YOU!,important information 4 orange user 0789xxxxxxx today is your lucky day2find out why log onto httpwwwurawinnercom theres a fantastic surprise awaiting you,163
ham,"You aren't coming home between class, right? I need to work out and shower!",you arent coming home between class right i need to work out and shower,75
ham,Am I the only one who doesn't stalk profiles?,am i the only one who doesnt stalk profiles,45
spam,Win a £1000 cash prize or a prize worth £5000,win a 1000 cash prize or a prize worth 5000,45
ham,U 2.,u 2,4
ham,True. Its easier with her here.,true its easier with her here,31
ham,"Just got part Nottingham - 3 hrs 63miles. Good thing i love my man so much, but only doing 40mph. Hey ho",just got part nottingham  3 hrs 63miles good thing i love my man so much but only doing 40mph hey ho,104
ham,Ok... Let u noe when i leave my house.,ok let u noe when i leave my house,38
ham,Wot u up 2 u weirdo?,wot u up 2 u weirdo,20
ham,"Rose for red,red for blood,blood for heart,heart for u. But u for me.... Send tis to all ur friends.. Including me.. If u like me.. If u get back, 1-u r poor in relation! 2-u need some 1 to support 3-u r frnd 2 many 4-some1 luvs u 5+- some1 is praying god to marry u.:-) try it....",rose for redred for bloodblood for heartheart for u but u for me send tis to all ur friends including me if u like me if u get back 1u r poor in relation 2u need some 1 to support 3u r frnd 2 many 4some1 luvs u 5 some1 is praying god to marry u try it,281
spam,WIN a year supply of CDs 4 a store of ur choice worth £500 & enter our £100 Weekly draw txt MUSIC to 87066 Ts&Cs www.Ldew.com.subs16+1win150ppmx3,win a year supply of cds 4 a store of ur choice worth 500  enter our 100 weekly draw txt music to 87066 tscs wwwldewcomsubs161win150ppmx3,145
ham,You got called a tool?,you got called a tool,22
spam,Sunshine Quiz Wkly Q! Win a top Sony DVD player if u know which country the Algarve is in? Txt ansr to 82277. £1.50 SP:Tyrone,sunshine quiz wkly q win a top sony dvd player if u know which country the algarve is in txt ansr to 82277 150 sptyrone,125
ham,When did i use soc... I use it only at home... Ü dunno how 2 type it in word ar...,when did i use soc i use it only at home  dunno how 2 type it in word ar,82
ham,Ok no prob. Take ur time.,ok no prob take ur time,25
ham,"Ever green quote ever told by Jerry in cartoon ""A Person Who Irritates u Always Is the one Who Loves u Vry Much But Fails to Express It...!..!! :-) :-) gud nyt",ever green quote ever told by jerry in cartoon a person who irritates u always is the one who loves u vry much but fails to express it   gud nyt,159
spam,"WELL DONE! Your 4* Costa Del Sol Holiday or £5000 await collection. Call 09050090044 Now toClaim. SAE, TCs, POBox334, Stockport, SK38xh, Cost£1.50/pm, Max10mins",well done your 4 costa del sol holiday or 5000 await collection call 09050090044 now toclaim sae tcs pobox334 stockport sk38xh cost150pm max10mins,160
ham,"Come to me, slave. Your doing it again ... Going into your shell and unconsciously avoiding me ... You are making me unhappy :-(",come to me slave your doing it again  going into your shell and unconsciously avoiding me  you are making me unhappy ,128
ham,K k:) sms chat with me.,k k sms chat with me,23
ham,Lol wtf random. Btw is that your lunch break,lol wtf random btw is that your lunch break,44
ham,Thank you princess! I want to see your nice juicy booty...,thank you princess i want to see your nice juicy booty,58
ham,"Aight, I'll hit you up when I get some cash",aight ill hit you up when i get some cash,43
ham,"Sorry, I can't help you on this.",sorry i cant help you on this,32
ham,"Call me when you/carlos is/are here, my phone's vibrate is acting up and I might not hear texts",call me when youcarlos isare here my phones vibrate is acting up and i might not hear texts,95
ham,Tell me they're female :V how're you throwing in? We're deciding what all to get now,tell me theyre female v howre you throwing in were deciding what all to get now,84
ham,"Princess, i like to make love  &lt;#&gt;  times per night. Hope thats not a problem!",princess i like to make love  ltgt  times per night hope thats not a problem,84
ham,When are you guys leaving?,when are you guys leaving,26
ham,"Gumby's has a special where a  &lt;#&gt; "" cheese pizza is $2 so I know what we're doin tonight",gumbys has a special where a  ltgt  cheese pizza is 2 so i know what were doin tonight,95
ham,Dnt worry...use ice pieces in a cloth pack.also take 2 tablets.,dnt worryuse ice pieces in a cloth packalso take 2 tablets,63
ham,"Hmmm ... And imagine after you've come home from that having to rub my feet, make me dinner and help me get ready for my date ! Are you sure your ready for that kind of life ?",hmmm  and imagine after youve come home from that having to rub my feet make me dinner and help me get ready for my date  are you sure your ready for that kind of life ,175
ham,Depends on where u going lor.,depends on where u going lor,29
ham,"Ok thats cool. Its , just off either raglan rd or edward rd. Behind the cricket ground. Gimme ring when ur closeby see you tuesday.",ok thats cool its  just off either raglan rd or edward rd behind the cricket ground gimme ring when ur closeby see you tuesday,131
ham,HARD BUT TRUE: How much you show &amp;  express your love to someone....that much it will hurt when they leave you or you get seperated...!鈥┾??〨ud evening...,hard but true how much you show amp  express your love to someonethat much it will hurt when they leave you or you get seperatedud evening,157
ham,Lol your always so convincing.,lol your always so convincing,30
ham,"God picked up a flower and dippeditinaDEW, lovingly touched itwhichturnedinto u, and the he gifted tomeandsaid,THIS FRIEND IS 4U",god picked up a flower and dippeditinadew lovingly touched itwhichturnedinto u and the he gifted tomeandsaidthis friend is 4u,128
ham,I'm going for bath will msg you next  &lt;#&gt;  min..,im going for bath will msg you next  ltgt  min,54
ham,"Storming msg: Wen u lift d phne, u say ""HELLO"" Do u knw wt is d real meaning of HELLO?? . . . It's d name of a girl..! . . . Yes.. And u knw who is dat girl?? ""Margaret Hello"" She is d girlfrnd f Grahmbell who invnted telphone... . . . . Moral:One can 4get d name of a person, bt not his girlfrnd... G o o d n i g h t . . .@",storming msg wen u lift d phne u say hello do u knw wt is d real meaning of hello    its d name of a girl    yes and u knw who is dat girl margaret hello she is d girlfrnd f grahmbell who invnted telphone     moralone can 4get d name of a person bt not his girlfrnd g o o d n i g h t   ,324
spam,"Urgent UR awarded a complimentary trip to EuroDisinc Trav, Aco&Entry41 Or £1000. To claim txt DIS to 87121 18+6*£1.50(moreFrmMob. ShrAcomOrSglSuplt)10, LS1 3AJ",urgent ur awarded a complimentary trip to eurodisinc trav acoentry41 or 1000 to claim txt dis to 87121 186150morefrmmob shracomorsglsuplt10 ls1 3aj,159
ham,I agree. So i can stop thinkin about ipad. Can you please ask macho the same question.,i agree so i can stop thinkin about ipad can you please ask macho the same question,86
ham,I got it before the new year cos yetunde said she wanted to surprise you with it but when i didnt see money i returned it mid january before the  &lt;#&gt; day return period ended.,i got it before the new year cos yetunde said she wanted to surprise you with it but when i didnt see money i returned it mid january before the  ltgt day return period ended,180
ham,Can't take any major roles in community outreach. You rock mel,cant take any major roles in community outreach you rock mel,62
spam,"Urgent! call 09066612661 from landline. Your complementary 4* Tenerife Holiday or £10,000 cash await collection SAE T&Cs PO Box 3 WA14 2PX 150ppm 18+ Sender: Hol Offer",urgent call 09066612661 from landline your complementary 4 tenerife holiday or 10000 cash await collection sae tcs po box 3 wa14 2px 150ppm 18 sender hol offer,167
ham,Yeah get the unlimited,yeah get the unlimited,22
ham,"Say this slowly.? GOD,I LOVE YOU &amp; I NEED YOU,CLEAN MY HEART WITH YOUR BLOOD.Send this to Ten special people &amp; u c miracle tomorrow, do it,pls,pls do it...",say this slowly godi love you amp i need youclean my heart with your bloodsend this to ten special people amp u c miracle tomorrow do itplspls do it,163
ham,"It's that time of the week again, ryan",its that time of the week again ryan,38
ham,Waiting for your call.,waiting for your call,22
spam,"You are being contacted by our Dating Service by someone you know! To find out who it is, call from your mobile or landline 09064017305 PoBox75LDNS7 ",you are being contacted by our dating service by someone you know to find out who it is call from your mobile or landline 09064017305 pobox75ldns7 ,149
ham,"I'm in a meeting, call me later at",im in a meeting call me later at,34
spam,U have a secret admirer who is looking 2 make contact with U-find out who they R*reveal who thinks UR so special-call on 09058094594,u have a secret admirer who is looking 2 make contact with ufind out who they rreveal who thinks ur so specialcall on 09058094594,132
ham,Haha mayb u're rite... U know me well. Da feeling of being liked by someone is gd lor. U faster go find one then all gals in our group attached liao.,haha mayb ure rite u know me well da feeling of being liked by someone is gd lor u faster go find one then all gals in our group attached liao,149
ham,Yes :)it completely in out of form:)clark also utter waste.,yes it completely in out of formclark also utter waste,59
spam,"Fantasy Football is back on your TV. Go to Sky Gamestar on Sky Active and play £250k Dream Team. Scoring starts on Saturday, so register now!SKY OPT OUT to 88088",fantasy football is back on your tv go to sky gamestar on sky active and play 250k dream team scoring starts on saturday so register nowsky opt out to 88088,161
ham,Hey i've booked the 2 lessons on sun liao...,hey ive booked the 2 lessons on sun liao,44
ham,Umma. Did she say anything,umma did she say anything,26
ham,Yup,yup,3
ham,Don't necessarily expect it to be done before you get back though because I'm just now headin out,dont necessarily expect it to be done before you get back though because im just now headin out,97
spam,Bloomberg -Message center +447797706009 Why wait? Apply for your future http://careers. bloomberg.com,bloomberg message center 447797706009 why wait apply for your future httpcareers bloombergcom,101
ham,"Its ok., i just askd did u knw tht no?",its ok i just askd did u knw tht no,38
ham,"fyi I'm at usf now, swing by the room whenever",fyi im at usf now swing by the room whenever,46
ham,I miss you so much I'm so desparate I have recorded the message you left for me the other day and listen to it just to hear the sound of your voice. I love you,i miss you so much im so desparate i have recorded the message you left for me the other day and listen to it just to hear the sound of your voice i love you,159
ham,"2 celebrate my bday, y else?",2 celebrate my bday y else,29
ham,When should I come over?,when should i come over,24
ham,"I dont knw pa, i just drink milk..",i dont knw pa i just drink milk,34
ham,Where wuld I be without my baby? The thought alone mite break me and I dont wanna go crazy but everyboy needs his lady xxxxxxxx,where wuld i be without my baby the thought alone mite break me and i dont wanna go crazy but everyboy needs his lady xxxxxxxx,128
ham,I wish that I was with you. Holding you tightly. Making you see how important you are. How much you mean to me ... How much I need you ... In my life ...,i wish that i was with you holding you tightly making you see how important you are how much you mean to me  how much i need you  in my life ,153
ham,"Not for possession, especially not first offense",not for possession especially not first offense,48
ham,Honestly i've just made a lovely cup of tea and promptly dropped my keys in it and then burnt my fingers getting them out!,honestly ive just made a lovely cup of tea and promptly dropped my keys in it and then burnt my fingers getting them out,122
ham,"Come round, it's . ",come round its  ,19
ham,Really? I crashed out cuddled on my sofa.,really i crashed out cuddled on my sofa,41
ham,Our Prashanthettan's mother passed away last night. pray for her and family.,our prashanthettans mother passed away last night pray for her and family,76
ham,Thanx...,thanx,8
ham,Your gonna have to pick up a $1 burger for yourself on your way home. I can't even move. Pain is killing me.,your gonna have to pick up a 1 burger for yourself on your way home i cant even move pain is killing me,108
ham,"Sorry sir, i will call you tomorrow.  senthil.hsbc",sorry sir i will call you tomorrow  senthilhsbc,50
spam,I am hot n horny and willing I live local to you - text a reply to hear strt back from me 150p per msg Netcollex LtdHelpDesk: 02085076972 reply Stop to end,i am hot n horny and willing i live local to you  text a reply to hear strt back from me 150p per msg netcollex ltdhelpdesk 02085076972 reply stop to end,155
ham,The 2 oz guy is being kinda flaky but one friend is interested in picking up $ &lt;#&gt;  worth tonight if possible,the 2 oz guy is being kinda flaky but one friend is interested in picking up  ltgt  worth tonight if possible,115
ham,get ready to moan and scream :),get ready to moan and scream ,31
ham,Did you catch the bus ? Are you frying an egg ? Did you make a tea? Are you eating your mom's left over dinner ? Do you feel my Love ?,did you catch the bus  are you frying an egg  did you make a tea are you eating your moms left over dinner  do you feel my love ,134
ham,Yup... From what i remb... I think should be can book... ,yup from what i remb i think should be can book ,57
ham,As in different styles?,as in different styles,23
spam,URGENT! We are trying to contact U. Todays draw shows that you have won a £2000 prize GUARANTEED. Call 09058094507 from land line. Claim 3030. Valid 12hrs only,urgent we are trying to contact u todays draw shows that you have won a 2000 prize guaranteed call 09058094507 from land line claim 3030 valid 12hrs only,159
ham,I to am looking forward to all the sex cuddling.. Only two more sleeps ,i to am looking forward to all the sex cuddling only two more sleeps ,71
ham,"No, but you told me you were going, before you got drunk!",no but you told me you were going before you got drunk,57
ham,"My friend just got here and says he's upping his order by a few grams (he's got $ &lt;#&gt; ), when can you get here?",my friend just got here and says hes upping his order by a few grams hes got  ltgt  when can you get here,117
ham,So u gonna get deus ex?,so u gonna get deus ex,23
ham,Really do hope the work doesnt get stressful. Have a gr8 day.,really do hope the work doesnt get stressful have a gr8 day,61
spam,"Hello from Orange. For 1 month's free access to games, news and sport, plus 10 free texts and 20 photo messages, reply YES. Terms apply: www.orange.co.uk/ow",hello from orange for 1 months free access to games news and sport plus 10 free texts and 20 photo messages reply yes terms apply wwworangecoukow,156
spam,You have 1 new message. Please call 08712400200.,you have 1 new message please call 08712400200,48
ham,Alright. I'm out--have a good night!,alright im outhave a good night,36
ham,Umma my life and vava umma love you lot dear,umma my life and vava umma love you lot dear,44
ham,Yup but not studying surfing lor. I'm in e lazy mode today.,yup but not studying surfing lor im in e lazy mode today,59
ham,"K, wait chikku..il send aftr  &lt;#&gt; mins",k wait chikkuil send aftr  ltgt mins,44
ham,"Fighting with the world is easy, u either win or lose bt fightng with some1 who is close to u is dificult if u lose - u lose if u win - u still lose.",fighting with the world is easy u either win or lose bt fightng with some1 who is close to u is dificult if u lose  u lose if u win  u still lose,149
ham,"Carlos is down but I have to pick it up from him, so I'll swing by usf in a little bit",carlos is down but i have to pick it up from him so ill swing by usf in a little bit,86
ham,Is that on the telly? No its Brdget Jones!,is that on the telly no its brdget jones,42
ham,Dai  &lt;#&gt;  naal eruku.,dai  ltgt  naal eruku,27
ham,Keep my payasam there if rinu brings,keep my payasam there if rinu brings,36
ham,But that's on ebay it might be less elsewhere.,but thats on ebay it might be less elsewhere,46
ham,How much for an eighth?,how much for an eighth,23
ham,Jus ans me lar. U'll noe later.,jus ans me lar ull noe later,31
ham,I'm in a movie. Call me 4 wat?,im in a movie call me 4 wat,30
ham,Yeah like if it goes like it did with my friends imma flip my shit in like half an hour,yeah like if it goes like it did with my friends imma flip my shit in like half an hour,87
ham,"What are you doing in langport? Sorry, but I'll probably be in bed by 9pm. It sucks being ill at xmas! When do you and go2sri lanka? ",what are you doing in langport sorry but ill probably be in bed by 9pm it sucks being ill at xmas when do you and go2sri lanka ,133
ham,"I shall book chez jules for half eight, if that's ok with you?",i shall book chez jules for half eight if thats ok with you,62
spam,"Sunshine Hols. To claim ur med holiday send a stamped self address envelope to Drinks on Us UK, PO Box 113, Bray, Wicklow, Eire. Quiz Starts Saturday! Unsub Stop",sunshine hols to claim ur med holiday send a stamped self address envelope to drinks on us uk po box 113 bray wicklow eire quiz starts saturday unsub stop,161
ham,Hope ur head doesn't hurt 2 much ! Am ploughing my way through a pile of ironing ! Staying in with a chinky tonight come round if you like.,hope ur head doesnt hurt 2 much  am ploughing my way through a pile of ironing  staying in with a chinky tonight come round if you like,139
spam,U have a secret admirer who is looking 2 make contact with U-find out who they R*reveal who thinks UR so special-call on 09058094599,u have a secret admirer who is looking 2 make contact with ufind out who they rreveal who thinks ur so specialcall on 09058094599,132
ham,Leave it de:-). Start Prepare for next:-)..,leave it de start prepare for next,43
ham,Becoz its  &lt;#&gt;  jan whn al the post ofice is in holiday so she cn go fr the post ofice...got it duffer,becoz its  ltgt  jan whn al the post ofice is in holiday so she cn go fr the post oficegot it duffer,108
ham,My sister cleared two round in birla soft yesterday.,my sister cleared two round in birla soft yesterday,52
ham,hiya hows it going in sunny africa? hope u r avin a good time. give that big old silver back a big kiss from me.,hiya hows it going in sunny africa hope u r avin a good time give that big old silver back a big kiss from me,112
ham,There's someone here that has a year  &lt;#&gt;  toyota camry like mr olayiwola's own. Mileage is  &lt;#&gt; k.its clean but i need to know how much will it sell for. If i can raise the dough for it how soon after landing will it sell. Holla back.,theres someone here that has a year  ltgt  toyota camry like mr olayiwolas own mileage is  ltgt kits clean but i need to know how much will it sell for if i can raise the dough for it how soon after landing will it sell holla back,247
ham,The evo. I just had to download flash. Jealous?,the evo i just had to download flash jealous,47
ham,I thank you so much for all you do with selflessness. I love you plenty.,i thank you so much for all you do with selflessness i love you plenty,72
ham,I want kfc its Tuesday. Only buy 2 meals ONLY 2. No gravy. Only 2 Mark. 2!,i want kfc its tuesday only buy 2 meals only 2 no gravy only 2 mark 2,74
ham,Ok thanx...,ok thanx,11
spam,Dear U've been invited to XCHAT. This is our final attempt to contact u! Txt CHAT to 86688,dear uve been invited to xchat this is our final attempt to contact u txt chat to 86688,90
ham,"So anyways, you can just go to your gym or whatever, my love *smiles* I hope your ok and having a good day babe ... I miss you so much already",so anyways you can just go to your gym or whatever my love smiles i hope your ok and having a good day babe  i miss you so much already,142
ham,"Well done, blimey, exercise, yeah, i kinda remember wot that is, hmm. ",well done blimey exercise yeah i kinda remember wot that is hmm ,70
ham,I'm gonna say no. Sorry. I would but as normal am starting to panic about time. Sorry again! Are you seeing on Tuesday?,im gonna say no sorry i would but as normal am starting to panic about time sorry again are you seeing on tuesday,119
ham,I HAVE A DATE ON SUNDAY WITH WILL!!,i have a date on sunday with will,35
spam,"Had your mobile 10 mths? Update to the latest Camera/Video phones for FREE. KEEP UR SAME NUMBER, Get extra free mins/texts. Text YES for a call",had your mobile 10 mths update to the latest cameravideo phones for free keep ur same number get extra free minstexts text yes for a call,143
ham,I jokin oni lar.. Ü busy then i wun disturb ü.,i jokin oni lar  busy then i wun disturb ,46
ham,U guys never invite me anywhere :(,u guys never invite me anywhere ,34
ham,"Wen ur lovable bcums angry wid u, dnt take it seriously.. Coz being angry is d most childish n true way of showing deep affection, care n luv!.. kettoda manda... Have nice day da.",wen ur lovable bcums angry wid u dnt take it seriously coz being angry is d most childish n true way of showing deep affection care n luv kettoda manda have nice day da,179
ham,Ofcourse I also upload some songs,ofcourse i also upload some songs,33
ham,I like to think there's always the possibility of being in a pub later.,i like to think theres always the possibility of being in a pub later,71
ham,"""NONE!NOWHERE IKNO DOESDISCOUNT!SHITINNIT""",nonenowhere ikno doesdiscountshitinnit,42
ham,We will meet soon princess! Ttyl!,we will meet soon princess ttyl,33
ham,He's an adult and would learn from the experience. There's no real danger. I just dont like peeps using drugs they dont need. But no comment,hes an adult and would learn from the experience theres no real danger i just dont like peeps using drugs they dont need but no comment,140
ham,Yo you around? A friend of mine's lookin to pick up later tonight,yo you around a friend of mines lookin to pick up later tonight,65
ham,Lol! Nah wasn't too bad thanks. Its good to b home but its been quite a reality check. Hows ur day been? Did u do anything with website?,lol nah wasnt too bad thanks its good to b home but its been quite a reality check hows ur day been did u do anything with website,136
spam,"Urgent! call 09066350750 from your landline. Your complimentary 4* Ibiza Holiday or 10,000 cash await collection SAE T&Cs PO BOX 434 SK3 8WP 150 ppm 18+",urgent call 09066350750 from your landline your complimentary 4 ibiza holiday or 10000 cash await collection sae tcs po box 434 sk3 8wp 150 ppm 18,152
ham,Then wat r u doing now? Busy wif work?,then wat r u doing now busy wif work,38
ham,Dont know you bring some food,dont know you bring some food,29
ham,"Sounds gd... Haha... Can... Wah, u yan jiu so fast liao...",sounds gd haha can wah u yan jiu so fast liao,58
ham,Or I guess  &lt;#&gt;  min,or i guess  ltgt  min,26
ham,"&lt;#&gt;  is fast approaching. So, Wish u a very Happy New Year Happy Sankranti Happy republic day Happy Valentines Day Happy Shivratri Happy Ugadi Happy Fools day Happy May Day Happy Independence Day, Happy Friendship,Mother,Father,Teachers,Childrens Day, &amp; HAPPY BIRTHDAY 4 U. Happy Ganesh festival Happy Dasara Happy Diwali Happy Christmas  &lt;#&gt;  Good Mornings Afternoons, Evenings Nights. RememberI AM the first to WISHING U ALL THESE...your's Raj",ltgt  is fast approaching so wish u a very happy new year happy sankranti happy republic day happy valentines day happy shivratri happy ugadi happy fools day happy may day happy independence day happy friendshipmotherfatherteacherschildrens day amp happy birthday 4 u happy ganesh festival happy dasara happy diwali happy christmas  ltgt  good mornings afternoons evenings nights rememberi am the first to wishing u all theseyours raj,461
ham,Printer is cool. I mean groovy. Wine is groovying,printer is cool i mean groovy wine is groovying,49
ham,India have to take lead:),india have to take lead,25
ham,Does cinema plus drink appeal tomo? * Is a fr thriller by director i like on at mac at 8.30.,does cinema plus drink appeal tomo  is a fr thriller by director i like on at mac at 830,92
ham,I cant pick the phone right now. Pls send a message,i cant pick the phone right now pls send a message,51
ham,"Good afternoon, my love ... How goes your day ? How did you sleep ? I hope your well, my boytoy ... I think of you ...",good afternoon my love  how goes your day  how did you sleep  i hope your well my boytoy  i think of you ,118
ham,I need you to be in my strong arms...,i need you to be in my strong arms,37
spam,RECPT 1/3. You have ordered a Ringtone. Your order is being processed...,recpt 13 you have ordered a ringtone your order is being processed,72
ham,I went to project centre,i went to project centre,24
ham,Got it..mail panren paru..,got itmail panren paru,26
ham,alright tyler's got a minor crisis and has to be home sooner than he thought so be here asap,alright tylers got a minor crisis and has to be home sooner than he thought so be here asap,92
ham,Its too late:)but its k.wish you the same.,its too latebut its kwish you the same,42
spam,A £400 XMAS REWARD IS WAITING FOR YOU! Our computer has randomly picked you from our loyal mobile customers to receive a £400 reward. Just call 09066380611,a 400 xmas reward is waiting for you our computer has randomly picked you from our loyal mobile customers to receive a 400 reward just call 09066380611,155
ham,"Aight, you close by or still down around alex's place?",aight you close by or still down around alexs place,54
spam,"Your free ringtone is waiting to be collected. Simply text the password ""MIX"" to 85069 to verify. Get Usher and Britney. FML, PO Box 5249, MK17 92H. 450Ppw 16",your free ringtone is waiting to be collected simply text the password mix to 85069 to verify get usher and britney fml po box 5249 mk17 92h 450ppw 16,158
ham,You need to get up. Now.,you need to get up now,24
ham,"Best msg: It's hard to be with a person, when u know that one more step foward will make u fall in love.. &amp; One step back can ruin ur friendship.. good night:-) ...",best msg its hard to be with a person when u know that one more step foward will make u fall in love amp one step back can ruin ur friendship good night ,168
spam,"Thanks for your ringtone order, ref number K718. Your mobile will be charged £4.50. Should your tone not arrive please call customer services on 09065069120",thanks for your ringtone order ref number k718 your mobile will be charged 450 should your tone not arrive please call customer services on 09065069120,156
ham,Kindly send some one to our flat before  &lt;DECIMAL&gt;  today.,kindly send some one to our flat before  ltdecimalgt  today,64
ham,Happy new year to u too!,happy new year to u too,24
spam,FREE>Ringtone! Reply REAL or POLY eg REAL1 1. PushButton 2. DontCha 3. BabyGoodbye 4. GoldDigger 5. WeBeBurnin 1st tone FREE and 6 more when u join for £3/wk,freeringtone reply real or poly eg real1 1 pushbutton 2 dontcha 3 babygoodbye 4 golddigger 5 webeburnin 1st tone free and 6 more when u join for 3wk,157
ham,"Geeee ... I miss you already, you know ? Your all I can think about. Fuck, I can't wait till next year when we will be together ... *loving kiss*",geeee  i miss you already you know  your all i can think about fuck i cant wait till next year when we will be together  loving kiss,145
ham,That's my honeymoon outfit. :),thats my honeymoon outfit ,30
spam,"WELL DONE! Your 4* Costa Del Sol Holiday or £5000 await collection. Call 09050090044 Now toClaim. SAE, TCs, POBox334, Stockport, SK38xh, Cost£1.50/pm, Max10mins",well done your 4 costa del sol holiday or 5000 await collection call 09050090044 now toclaim sae tcs pobox334 stockport sk38xh cost150pm max10mins,160
ham,"Say this slowly.? GOD,I LOVE YOU &amp; I NEED YOU,CLEAN MY HEART WITH YOUR BLOOD.Send this to Ten special people &amp; u c miracle tomorrow, do it,pls,pls do it...",say this slowly godi love you amp i need youclean my heart with your bloodsend this to ten special people amp u c miracle tomorrow do itplspls do it,163
spam,"HOT LIVE FANTASIES call now 08707509020 Just 20p per min NTT Ltd, PO Box 1327 Croydon CR9 5WB 0870 is a national rate call",hot live fantasies call now 08707509020 just 20p per min ntt ltd po box 1327 croydon cr9 5wb 0870 is a national rate call,122
spam,Phony £350 award - Todays Voda numbers ending XXXX are selected to receive a £350 award. If you have a match please call 08712300220 quoting claim code 3100 standard rates app,phony 350 award  todays voda numbers ending xxxx are selected to receive a 350 award if you have a match please call 08712300220 quoting claim code 3100 standard rates app,175
ham,I want to sent  &lt;#&gt; mesages today. Thats y. Sorry if i hurts,i want to sent  ltgt mesages today thats y sorry if i hurts,66
ham,Tell them the drug dealer's getting impatient,tell them the drug dealers getting impatient,45
ham,Boy you best get yo ass out here quick,boy you best get yo ass out here quick,38
ham,hows my favourite person today? r u workin hard? couldn't sleep again last nite nearly rang u at 4.30,hows my favourite person today r u workin hard couldnt sleep again last nite nearly rang u at 430,101
ham,S...i will take mokka players only:),si will take mokka players only,36
ham,Aight sorry I take ten years to shower. What's the plan?,aight sorry i take ten years to shower whats the plan,56
ham,Oh and by the way you do have more food in your fridge! Want to go out for a meal tonight? ,oh and by the way you do have more food in your fridge want to go out for a meal tonight ,91
ham,I accidentally brought em home in the box,i accidentally brought em home in the box,41
ham,I see a cup of coffee animation,i see a cup of coffee animation,31
ham,Shuhui has bought ron's present it's a swatch watch...,shuhui has bought rons present its a swatch watch,54
ham,"Nt only for driving even for many reasons she is called BBD..thts it chikku, then hw abt dvg cold..heard tht vinobanagar violence hw is the condition..and hw ru ? Any problem?",nt only for driving even for many reasons she is called bbdthts it chikku then hw abt dvg coldheard tht vinobanagar violence hw is the conditionand hw ru  any problem,175
ham,This is all just creepy and crazy to me.,this is all just creepy and crazy to me,40
ham,Have you had a good day? Mine was really busy are you up to much tomorrow night?,have you had a good day mine was really busy are you up to much tomorrow night,80
ham,Wa... U so efficient... Gee... Thanx...,wa u so efficient gee thanx,39
ham,Aiyah then i wait lor. Then u entertain me. Hee...,aiyah then i wait lor then u entertain me hee,50
ham,Thank you baby! I cant wait to taste the real thing...,thank you baby i cant wait to taste the real thing,54
ham,Ok lor. I'm in town now lei.,ok lor im in town now lei,28
ham,"It'll be tough, but I'll do what I have to",itll be tough but ill do what i have to,42
ham,Are you ok. What happen to behave like this,are you ok what happen to behave like this,43
ham,Hey what are you doing. Y no reply pa..,hey what are you doing y no reply pa,39
ham,Please da call me any mistake from my side sorry da. Pls da goto doctor.,please da call me any mistake from my side sorry da pls da goto doctor,72
ham,"We spend our days waiting for the ideal path to appear in front of us.. But what we forget is.. ""paths are made by walking.. not by waiting.."" Goodnight!",we spend our days waiting for the ideal path to appear in front of us but what we forget is paths are made by walking not by waiting goodnight,153
ham,"Bill, as in: Are there any letters for me. i’m expecting one from orange that isn’t a bill but may still say orange on it.",bill as in are there any letters for me im expecting one from orange that isnt a bill but may still say orange on it,122
ham,Company is very good.environment is terrific and food is really nice:),company is very goodenvironment is terrific and food is really nice,70
ham,Then u better go sleep.. Dun disturb u liao.. U wake up then msg me lor..,then u better go sleep dun disturb u liao u wake up then msg me lor,73
spam,Wanna have a laugh? Try CHIT-CHAT on your mobile now! Logon by txting the word: CHAT and send it to No: 8883 CM PO Box 4217 London W1A 6ZF 16+ 118p/msg rcvd,wanna have a laugh try chitchat on your mobile now logon by txting the word chat and send it to no 8883 cm po box 4217 london w1a 6zf 16 118pmsg rcvd,156
ham,Finish already... Yar they keep saying i mushy... I so embarrassed ok...,finish already yar they keep saying i mushy i so embarrassed ok,72
ham,Lol I have to take it. member how I said my aunt flow didn't visit for 6 months? It's cause I developed ovarian cysts. Bc is the only way to shrink them.,lol i have to take it member how i said my aunt flow didnt visit for 6 months its cause i developed ovarian cysts bc is the only way to shrink them,153
ham,I calls you later. Afternoon onwords mtnl service get problem in south mumbai. I can hear you but you cann't listen me.,i calls you later afternoon onwords mtnl service get problem in south mumbai i can hear you but you cannt listen me,119
ham,In work now. Going have in few min.,in work now going have in few min,35
ham,I am in hospital da. . I will return home in evening,i am in hospital da  i will return home in evening,52
ham,Yeah sure I'll leave in a min,yeah sure ill leave in a min,29
ham,"Jus chillaxin, what up",jus chillaxin what up,22
ham,Tessy..pls do me a favor. Pls convey my birthday wishes to Nimya..pls dnt forget it. Today is her birthday Shijas,tessypls do me a favor pls convey my birthday wishes to nimyapls dnt forget it today is her birthday shijas,113
ham,I dont have any of your file in my bag..i was in work when you called me.i 'll tell you if i find anything in my room.,i dont have any of your file in my bagi was in work when you called mei ll tell you if i find anything in my room,118
ham,I am on the way to tirupur.,i am on the way to tirupur,27
ham,"If you can make it any time tonight or whenever you can it's cool, just text me whenever you're around",if you can make it any time tonight or whenever you can its cool just text me whenever youre around,102
spam,"To review and KEEP the fantastic Nokia N-Gage game deck with Club Nokia, go 2 www.cnupdates.com/newsletter. unsubscribe from alerts reply with the word OUT",to review and keep the fantastic nokia ngage game deck with club nokia go 2 wwwcnupdatescomnewsletter unsubscribe from alerts reply with the word out,155
ham,I like to talk pa but am not able to. I dont know y.,i like to talk pa but am not able to i dont know y,52
ham,"It's ok, at least armand's still around",its ok at least armands still around,39
ham,"Yup, no need. I'll jus wait 4 e rain 2 stop.",yup no need ill jus wait 4 e rain 2 stop,44
ham,"Hello baby, did you get back to your mom's ? Are you setting up the computer now ? Filling your belly ? How goes it loverboy ? I miss you already ... *sighs*",hello baby did you get back to your moms  are you setting up the computer now  filling your belly  how goes it loverboy  i miss you already  sighs,157
ham,I like dis sweater fr mango but no more my size already so irritating.,i like dis sweater fr mango but no more my size already so irritating,70
ham,"Great. I'm in church now, will holla when i get out",great im in church now will holla when i get out,51
ham,Nice line said by a broken heart- Plz don't cum 1 more times infront of me... Other wise once again I ll trust U... Good 9t:),nice line said by a broken heart plz dont cum 1 more times infront of me other wise once again i ll trust u good 9t,125
ham,Wat's da model num of ur phone?,wats da model num of ur phone,31
ham,"Good afternoon, my love! How goes that day ? I hope maybe you got some leads on a job. I think of you, boytoy and send you a passionate kiss from across the sea",good afternoon my love how goes that day  i hope maybe you got some leads on a job i think of you boytoy and send you a passionate kiss from across the sea,160
ham,"Hello, hello, hi lou sorry it took so long 2 reply- I left mobile at friends in Lancaster, just got it bak Neway im sorry I couldnt make ur bday 2 hun!",hello hello hi lou sorry it took so long 2 reply i left mobile at friends in lancaster just got it bak neway im sorry i couldnt make ur bday 2 hun,153
spam,Please call our customer service representative on FREEPHONE 0808 145 4742 between 9am-11pm as you have WON a guaranteed £1000 cash or £5000 prize!,please call our customer service representative on freephone 0808 145 4742 between 9am11pm as you have won a guaranteed 1000 cash or 5000 prize,147
ham,Me fine..absolutly fine,me fineabsolutly fine,23
ham,Hey what's up charles sorry about the late reply.,hey whats up charles sorry about the late reply,49
ham,cud u tell ppl im gona b a bit l8 cos 2 buses hav gon past cos they were full & im still waitin 4 1. Pete x,cud u tell ppl im gona b a bit l8 cos 2 buses hav gon past cos they were full  im still waitin 4 1 pete x,107
ham,Dare i ask... Any luck with sorting out the car?,dare i ask any luck with sorting out the car,48
ham,Ok k..sry i knw 2 siva..tats y i askd..,ok ksry i knw 2 sivatats y i askd,39
ham,"Fuck babe ... I miss you already, you know ? Can't you let me send you some money towards your net ? I need you ... I want you ... I crave you ...",fuck babe  i miss you already you know  cant you let me send you some money towards your net  i need you  i want you  i crave you ,146
ham,CHEERS LOU! YEAH WAS A GOODNITE SHAME U NEVA CAME! C YA GAILxx,cheers lou yeah was a goodnite shame u neva came c ya gailxx,62
ham,"Why is that, princess? I bet the brothas are all chasing you!",why is that princess i bet the brothas are all chasing you,61
ham,"It could work, we'll reach a consensus at the next meeting",it could work well reach a consensus at the next meeting,58
ham,Sorry da:)i was thought of calling you lot of times:)lil busy.i will call you at noon..,sorry dai was thought of calling you lot of timeslil busyi will call you at noon,87
ham,Amazing : If you rearrange these letters it gives the same meaning... Dormitory = Dirty room Astronomer = Moon starer The eyes = They see Election results = Lies lets recount Mother-in-law = Woman Hitler Eleven plus two =Twelve plus one Its Amazing... !:-),amazing  if you rearrange these letters it gives the same meaning dormitory  dirty room astronomer  moon starer the eyes  they see election results  lies lets recount motherinlaw  woman hitler eleven plus two twelve plus one its amazing ,256
ham,I send the print  outs da.,i send the print  outs da,26
ham,Dont you have message offer,dont you have message offer,27
ham,Height of recycling: Read twice- People spend time for earning money and the same money is spent for spending time!;-) Good morning.. keep smiling:-),height of recycling read twice people spend time for earning money and the same money is spent for spending time good morning keep smiling,149
ham,I hope you know I'm still mad at you.,i hope you know im still mad at you,37
ham,Yes.. now only saw your message..,yes now only saw your message,33
ham,Nothing spl..wat abt u and whr ru?,nothing splwat abt u and whr ru,34
ham,No did you check? I got his detailed message now,no did you check i got his detailed message now,48
ham,No just send to you. Bec you in temple na.,no just send to you bec you in temple na,42
ham,"New Theory: Argument wins d SITUATION, but loses the PERSON. So dont argue with ur friends just.. . . . kick them &amp; say, I'm always correct.!",new theory argument wins d situation but loses the person so dont argue with ur friends just    kick them amp say im always correct,145
ham,Thats cool. Where should i cum? On you or in you? :),thats cool where should i cum on you or in you ,52
ham,K:)k..its good:)when are you going?,kkits goodwhen are you going,35
ham,Just checking in on you. Really do miss seeing Jeremiah. Do have a great month,just checking in on you really do miss seeing jeremiah do have a great month,78
ham,No no. I will check all rooms befor activities,no no i will check all rooms befor activities,46
ham,So that takes away some money worries,so that takes away some money worries,37
spam,I'd like to tell you my deepest darkest fantasies. Call me 09094646631 just 60p/min. To stop texts call 08712460324 (nat rate),id like to tell you my deepest darkest fantasies call me 09094646631 just 60pmin to stop texts call 08712460324 nat rate,126
spam,Do you want a new video handset? 750 anytime any network mins? Half Price Line Rental? Camcorder? Reply or call 08000930705 for delivery tomorrow,do you want a new video handset 750 anytime any network mins half price line rental camcorder reply or call 08000930705 for delivery tomorrow,145
ham,"""Response"" is one of d powerful weapon 2 occupy a place in others 'HEART'... So, always give response 2 who cares 4 U""... Gud night..swt dreams..take care",response is one of d powerful weapon 2 occupy a place in others heart so always give response 2 who cares 4 u gud nightswt dreamstake care,154
ham,We can make a baby in yo tho,we can make a baby in yo tho,28
ham,Nutter. Cutter. Ctter. Cttergg. Cttargg. Ctargg. Ctagg. ie you,nutter cutter ctter cttergg cttargg ctargg ctagg ie you,62
ham,No message..no responce..what happend?,no messageno responcewhat happend,38
ham,I wish! I don't think its gonna snow that much. But it will be more than those flurries we usually get that melt before they hit the ground. Eek! We haven't had snow since &lt;#&gt; before I was even born!,i wish i dont think its gonna snow that much but it will be more than those flurries we usually get that melt before they hit the ground eek we havent had snow since ltgt before i was even born,205
ham,Orh i tot u say she now still dun believe.,orh i tot u say she now still dun believe,42
ham,Are you happy baby ? Are you alright ? Did you take that job ? I hope your fine. I send you a kiss to make you smile from across the sea ... *kiss* *kiss*,are you happy baby  are you alright  did you take that job  i hope your fine i send you a kiss to make you smile from across the sea  kiss kiss,154
spam,"TheMob>Hit the link to get a premium Pink Panther game, the new no. 1 from Sugababes, a crazy Zebra animation or a badass Hoody wallpaper-all 4 FREE!",themobhit the link to get a premium pink panther game the new no 1 from sugababes a crazy zebra animation or a badass hoody wallpaperall 4 free,149
ham,Thanks for this hope you had a good day today,thanks for this hope you had a good day today,45
ham,"Usf I guess, might as well take 1 car",usf i guess might as well take 1 car,37
ham,Big brother‘s really scraped the barrel with this shower of social misfits,big brothers really scraped the barrel with this shower of social misfits,74
spam,"Final Chance! Claim ur £150 worth of discount vouchers today! Text YES to 85023 now! SavaMob, member offers mobile! T Cs SavaMob POBOX84, M263UZ. £3.00 Subs 16",final chance claim ur 150 worth of discount vouchers today text yes to 85023 now savamob member offers mobile t cs savamob pobox84 m263uz 300 subs 16,159
ham,Can you talk with me..,can you talk with me,22
ham,Another month. I need chocolate weed and alcohol.,another month i need chocolate weed and alcohol,49
ham,Okie,okie,4
ham,Wife.how she knew the time of murder exactly,wifehow she knew the time of murder exactly,44
ham,Nite nite pocay wocay luv u more than n e thing 4eva I promise ring u 2morrowxxxx,nite nite pocay wocay luv u more than n e thing 4eva i promise ring u 2morrowxxxx,81
ham,"Dont search love, let love find U. Thats why its called falling in love, bcoz U dont force yourself, U just fall and U know there is smeone to hold U... BSLVYL",dont search love let love find u thats why its called falling in love bcoz u dont force yourself u just fall and u know there is smeone to hold u bslvyl,159
ham,"Sorry, I'll call later in meeting.",sorry ill call later in meeting,34
ham,Excellent! Wish we were together right now!,excellent wish we were together right now,43
ham,Why did I wake up on my own &gt;:(,why did i wake up on my own gt,34
ham,It has issues right now. Ill fix for her by tomorrow.,it has issues right now ill fix for her by tomorrow,53
ham,Jay says that you're a double-faggot,jay says that youre a doublefaggot,36
spam,WINNER!! As a valued network customer you have been selected to receivea £900 prize reward! To claim call 09061701461. Claim code KL341. Valid 12 hours only.,winner as a valued network customer you have been selected to receivea 900 prize reward to claim call 09061701461 claim code kl341 valid 12 hours only,157
ham,Thanks. Fills me with complete calm and reassurance! ,thanks fills me with complete calm and reassurance ,53
ham,Ok i am on the way to home hi hi,ok i am on the way to home hi hi,32
ham,Yar lor... Keep raining non stop... Or u wan 2 go elsewhere?,yar lor keep raining non stop or u wan 2 go elsewhere,60
spam,Collect your VALENTINE'S weekend to PARIS inc Flight & Hotel + £200 Prize guaranteed! Text: PARIS to No: 69101. www.rtf.sphosting.com,collect your valentines weekend to paris inc flight  hotel  200 prize guaranteed text paris to no 69101 wwwrtfsphostingcom,133
ham,Wish u many many returns of the day.. Happy birthday vikky..,wish u many many returns of the day happy birthday vikky,60
ham,Dunno y u ask me.,dunno y u ask me,17
ham,All done? All handed in? Celebrations in full swing yet?,all done all handed in celebrations in full swing yet,56
ham,K still are you loving me.,k still are you loving me,26
ham,Take something for pain. If it moves however to any side in the next 6hrs see a doctor.,take something for pain if it moves however to any side in the next 6hrs see a doctor,87
ham,Yes princess! I want to make you happy...,yes princess i want to make you happy,41
ham,Fuck cedar key and fuck her (come over anyway tho),fuck cedar key and fuck her come over anyway tho,50
ham,K..i deleted my contact that why?,ki deleted my contact that why,33
ham,Okie.. Thanx..,okie thanx,14
ham,Huh? 6 also cannot? Then only how many mistakes?,huh 6 also cannot then only how many mistakes,48
ham,Ok no problem... Yup i'm going to sch at 4 if i rem correctly...,ok no problem yup im going to sch at 4 if i rem correctly,64
spam,85233 FREE>Ringtone!Reply REAL,85233 freeringtonereply real,30
spam,"TheMob> Check out our newest selection of content, Games, Tones, Gossip, babes and sport, Keep your mobile fit and funky text WAP to 82468",themob check out our newest selection of content games tones gossip babes and sport keep your mobile fit and funky text wap to 82468,138
ham,Ya srsly better than yi tho,ya srsly better than yi tho,27
spam,You have 1 new message. Please call 08715205273,you have 1 new message please call 08715205273,47
ham,Doc prescribed me morphine cause the other pain meds aren't enough. Waiting for my mom to bring it. That med should kick in fast so I'm gonna try to be on later,doc prescribed me morphine cause the other pain meds arent enough waiting for my mom to bring it that med should kick in fast so im gonna try to be on later,160
ham,They did't play one day last year know even though they have very good team.. Like india.,they didt play one day last year know even though they have very good team like india,89
ham,"I prefer my free days... Tues, wed, fri oso can... Ü ask those workin lor...",i prefer my free days tues wed fri oso can  ask those workin lor,76
spam,Congratulations ur awarded 500 of CD vouchers or 125gift guaranteed & Free entry 2 100 wkly draw txt MUSIC to 87066,congratulations ur awarded 500 of cd vouchers or 125gift guaranteed  free entry 2 100 wkly draw txt music to 87066,115
ham,Don no da:)whats you plan?,don no dawhats you plan,26
ham,How come u got nothing to do?,how come u got nothing to do,29
ham,Never blame a day in ur life. Good days give u happiness. Bad days give u experience. Both are essential in life! All are Gods blessings! good morning.:,never blame a day in ur life good days give u happiness bad days give u experience both are essential in life all are gods blessings good morning,152
ham,Nope. Meanwhile she talk say make i greet you.,nope meanwhile she talk say make i greet you,46
ham,Yavnt tried yet and never played original either,yavnt tried yet and never played original either,48
ham,You call him and tell now infront of them. Call him now.,you call him and tell now infront of them call him now,56
ham,I'm in school now n i'll be in da lab doing some stuff give me a call when ü r done.,im in school now n ill be in da lab doing some stuff give me a call when  r done,84
ham,She's fine. Good to hear from you. How are you my dear? Happy new year oh.,shes fine good to hear from you how are you my dear happy new year oh,74
spam,Customer service annoncement. You have a New Years delivery waiting for you. Please call 07046744435 now to arrange delivery,customer service annoncement you have a new years delivery waiting for you please call 07046744435 now to arrange delivery,124
ham,Thank you. I like you as well...,thank you i like you as well,32
ham,I will come tomorrow di,i will come tomorrow di,23
ham,Hi i won't b ard 4 christmas. But do enjoy n merry x'mas.,hi i wont b ard 4 christmas but do enjoy n merry xmas,57
ham,U really pig leh sleep so much. My dad wake me up at 10 smth 2 eat lunch today.,u really pig leh sleep so much my dad wake me up at 10 smth 2 eat lunch today,79
ham,Joy's father is John. Then John is the ____ of Joy's father. If u ans ths you hav  &lt;#&gt;  IQ. Tis s IAS question try to answer.,joys father is john then john is the  of joys father if u ans ths you hav  ltgt  iq tis s ias question try to answer,131
ham,"Mum, hope you are having a great day. Hoping this text meets you well and full of life. Have a great day. Abiola",mum hope you are having a great day hoping this text meets you well and full of life have a great day abiola,112
ham,Too late. I said i have the website. I didn't i have or dont have the slippers,too late i said i have the website i didnt i have or dont have the slippers,78
ham,Hi its Kate how is your evening? I hope i can see you tomorrow for a bit but i have to bloody babyjontet! Txt back if u can. :) xxx,hi its kate how is your evening i hope i can see you tomorrow for a bit but i have to bloody babyjontet txt back if u can  xxx,131
ham,Missing you too.pray inshah allah,missing you toopray inshah allah,33
ham,"I am in tirupur da, once you started from office call me.",i am in tirupur da once you started from office call me,57
ham,Probably earlier than that if the station's where I think it is,probably earlier than that if the stations where i think it is,63
ham,Rofl. Its true to its name,rofl its true to its name,26
ham,For me the love should start with attraction.i should feel that I need her every time around me.she should be the first thing which comes in my thoughts.I would start the day and end it with her.she should be there every time I dream.love will be then when my every breath has her name.my life should happen around her.my life will be named to her.I would cry for her.will give all my happiness and take all her sorrows.I will be ready to fight with anyone for her.I will be in love when I will be doing the craziest things for her.love will be when I don't have to proove anyone that my girl is the most beautiful lady on the whole planet.I will always be singing praises for her.love will be when I start up making chicken curry and end up makiing sambar.life will be the most beautiful then.will get every morning and thank god for the day because she is with me.I would like to say a lot..will tell later..,for me the love should start with attractioni should feel that i need her every time around meshe should be the first thing which comes in my thoughtsi would start the day and end it with hershe should be there every time i dreamlove will be then when my every breath has her namemy life should happen around hermy life will be named to heri would cry for herwill give all my happiness and take all her sorrowsi will be ready to fight with anyone for heri will be in love when i will be doing the craziest things for herlove will be when i dont have to proove anyone that my girl is the most beautiful lady on the whole planeti will always be singing praises for herlove will be when i start up making chicken curry and end up makiing sambarlife will be the most beautiful thenwill get every morning and thank god for the day because she is with mei would like to say a lotwill tell later,910
ham,Yes.i'm in office da:),yesim in office da,22
ham,I told her I had a Dr appt next week. She thinks I'm gonna die. I told her its just a check. Nothing to be worried about. But she didn't listen.,i told her i had a dr appt next week she thinks im gonna die i told her its just a check nothing to be worried about but she didnt listen,144
ham,You still coming tonight?,you still coming tonight,25
ham,Hope youre not having too much fun without me!! see u tomorrow love jess x,hope youre not having too much fun without me see u tomorrow love jess x,75
ham,Yup he msg me: is tat yijue? Then i tot it's my group mate cos we meeting today mah... I'm askin if ü leaving earlier or wat mah cos mayb ü haf to walk v far...,yup he msg me is tat yijue then i tot its my group mate cos we meeting today mah im askin if  leaving earlier or wat mah cos mayb  haf to walk v far,160
ham,I am in tirupur.  call you da.,i am in tirupur  call you da,30
ham,"What do you do, my dog ? Must I always wait till the end of your day to have word from you ? Did you run out of time on your cell already?",what do you do my dog  must i always wait till the end of your day to have word from you  did you run out of time on your cell already,138
ham,Hey!!! I almost forgot ... Happy B-day babe ! I love ya!!,hey i almost forgot  happy bday babe  i love ya,57
ham,Well if I'm that desperate I'll just call armand again,well if im that desperate ill just call armand again,54
spam,Email AlertFrom: Jeri StewartSize: 2KBSubject: Low-cost prescripiton drvgsTo listen to email call 123,email alertfrom jeri stewartsize 2kbsubject lowcost prescripiton drvgsto listen to email call 123,101
ham,Senthil group company Apnt 5pm.,senthil group company apnt 5pm,31
ham,When you guys planning on coming over?,when you guys planning on coming over,38
ham,Im good! I have been thinking about you...,im good i have been thinking about you,42
ham,At what time are you coming.,at what time are you coming,28
ham,"Aight text me when you're back at mu and I'll swing by, need somebody to get the door for me",aight text me when youre back at mu and ill swing by need somebody to get the door for me,92
ham,U say leh... Of course nothing happen lar. Not say v romantic jus a bit only lor. I thk e nite scenery not so nice leh.,u say leh of course nothing happen lar not say v romantic jus a bit only lor i thk e nite scenery not so nice leh,119
ham,"Sorry I missed you babe. I was up late and slept in. I hope you enjoy your driving lesson, boytoy. I miss you too ... *teasing kiss*",sorry i missed you babe i was up late and slept in i hope you enjoy your driving lesson boytoy i miss you too  teasing kiss,132
ham,Yo dude guess who just got arrested the other day,yo dude guess who just got arrested the other day,49
ham,Going for dinner.msg you after.,going for dinnermsg you after,31
ham,K...k...yesterday i was in cbe .,kkyesterday i was in cbe ,32
ham,somewhere out there beneath the pale moon light someone think in of u some where out there where dreams come true... goodnite &amp; sweet dreams,somewhere out there beneath the pale moon light someone think in of u some where out there where dreams come true goodnite amp sweet dreams,144
ham,Neshanth..tel me who r u?,neshanthtel me who r u,25
spam,"Twinks, bears, scallies, skins and jocks are calling now. Don't miss the weekend's fun. Call 08712466669 at 10p/min. 2 stop texts call 08712460324(nat rate)",twinks bears scallies skins and jocks are calling now dont miss the weekends fun call 08712466669 at 10pmin 2 stop texts call 08712460324nat rate,156
ham,Lol that's different. I don't go trying to find every real life photo you ever took.,lol thats different i dont go trying to find every real life photo you ever took,84
ham,Am watching house – very entertaining – am getting the whole hugh laurie thing – even with the stick – indeed especially with the stick.,am watching house  very entertaining  am getting the whole hugh laurie thing  even with the stick  indeed especially with the stick,136
spam,How come it takes so little time for a child who is afraid of the dark to become a teenager who wants to stay out all night?,how come it takes so little time for a child who is afraid of the dark to become a teenager who wants to stay out all night,124
spam,Free 1st week entry 2 TEXTPOD 4 a chance 2 win 40GB iPod or £250 cash every wk. Txt POD to 84128 Ts&Cs www.textpod.net custcare 08712405020.,free 1st week entry 2 textpod 4 a chance 2 win 40gb ipod or 250 cash every wk txt pod to 84128 tscs wwwtextpodnet custcare 08712405020,140
ham,"Each Moment in a day,has its own value-Morning brings hope,afternoon brings faith,Evening brings luv,Night brings rest,Wish u find them all today.Good Morning",each moment in a dayhas its own valuemorning brings hopeafternoon brings faithevening brings luvnight brings restwish u find them all todaygood morning,158
ham,Go chase after her and run her over while she's crossing the street,go chase after her and run her over while shes crossing the street,67
ham,Yup,yup,3
ham,You will be in the place of that man,you will be in the place of that man,36
ham,Btw regarding that we should really try to see if anyone else can be our 4th guy before we commit to a random dude,btw regarding that we should really try to see if anyone else can be our 4th guy before we commit to a random dude,114
ham,Mmmm ... Fuck ... Not fair ! You know my weaknesses ! *grins* *pushes you to your knee's* *exposes my belly and pulls your head to it* Don't forget ... I know yours too *wicked smile*,mmmm  fuck  not fair  you know my weaknesses  grins pushes you to your knees exposes my belly and pulls your head to it dont forget  i know yours too wicked smile,183
ham,"""ALRITE HUNNY!WOT U UP 2 2NITE? DIDNT END UP GOIN DOWN TOWN JUS DA PUB INSTEAD! JUS CHILLIN AT DA MO IN ME BEDROOM!LOVE JEN XXX.""",alrite hunnywot u up 2 2nite didnt end up goin down town jus da pub instead jus chillin at da mo in me bedroomlove jen xxx,129
ham,"Ah, well that confuses things, doesn‘t it?",ah well that confuses things doesnt it,42
ham,"(No promises on when though, haven't even gotten dinner yet)",no promises on when though havent even gotten dinner yet,60
ham,Ok...,ok,5
ham,You unbelievable faglord,you unbelievable faglord,24
ham,Oh k :)why you got job then whats up?,oh k why you got job then whats up,37
ham,No you'll just get a headache trying to figure it out. U can trust me to do the math. I promise. O:-),no youll just get a headache trying to figure it out u can trust me to do the math i promise o,101
ham,Ü say until like dat i dun buy ericsson oso cannot oredi lar..., say until like dat i dun buy ericsson oso cannot oredi lar,63
ham,"Hey sexy buns ! Have I told you ? I adore you, loverboy. I hope you remember to thank your sister in law for those meatballs *grins* ... i love you, babe",hey sexy buns  have i told you  i adore you loverboy i hope you remember to thank your sister in law for those meatballs grins  i love you babe,153
ham,Pls what's the full name of joke's school cos fees in university of florida seem to actually be  &lt;#&gt; k. Pls holla back,pls whats the full name of jokes school cos fees in university of florida seem to actually be  ltgt k pls holla back,124
ham,COME BACK TO TAMPA FFFFUUUUUUU,come back to tampa ffffuuuuuuu,30
ham,"Received, understood n acted upon!",received understood n acted upon,34
spam,Panasonic & BluetoothHdset FREE. Nokia FREE. Motorola FREE & DoubleMins & DoubleTxt on Orange contract. Call MobileUpd8 on 08000839402 or call 2optout,panasonic  bluetoothhdset free nokia free motorola free  doublemins  doubletxt on orange contract call mobileupd8 on 08000839402 or call 2optout,150
ham,"Sorry, I'll call later",sorry ill call later,22
ham,"naughty little thought: 'its better to flirt, flirt n flirt, rather than loving someone n gettin hurt, hurt n hurt...:-) Gud nyt",naughty little thought its better to flirt flirt n flirt rather than loving someone n gettin hurt hurt n hurt gud nyt,128
ham,Hi di is yijue we're meeting at 7 pm at esaplanade tonight.,hi di is yijue were meeting at 7 pm at esaplanade tonight,59
ham,ok. I am a gentleman and will treat you with dignity and respect.,ok i am a gentleman and will treat you with dignity and respect,65
ham,With my sis lor... We juz watched italian job.,with my sis lor we juz watched italian job,46
ham,"Faith makes things possible,Hope makes things work,Love makes things beautiful,May you have all three this Christmas!Merry Christmas!",faith makes things possiblehope makes things worklove makes things beautifulmay you have all three this christmasmerry christmas,133
ham,"Yup. Anything lor, if u dun wan it's ok...",yup anything lor if u dun wan its ok,42
ham,Shopping lor. Them raining mah hard 2 leave orchard.,shopping lor them raining mah hard 2 leave orchard,52
ham,Aiyah ok wat as long as got improve can already wat...,aiyah ok wat as long as got improve can already wat,54
ham,"Yep, at derek's house now, see you Sunday &lt;3",yep at dereks house now see you sunday lt3,47
ham,Hey you told your name to gautham ah?,hey you told your name to gautham ah,37
ham,"Are you sure you don't mean ""get here, we made you hold all the weed""",are you sure you dont mean get here we made you hold all the weed,69
ham,It should take about  &lt;#&gt;  min,it should take about  ltgt  min,36
ham,Wat makes u thk i'll fall down. But actually i thk i'm quite prone 2 falls. Lucky my dad at home i ask him come n fetch me already.,wat makes u thk ill fall down but actually i thk im quite prone 2 falls lucky my dad at home i ask him come n fetch me already,131
spam,"This is the 2nd time we have tried to contact u. U have won the £400 prize. 2 claim is easy, just call 087104711148 NOW! Only 10p per minute. BT-national-rate",this is the 2nd time we have tried to contact u u have won the 400 prize 2 claim is easy just call 087104711148 now only 10p per minute btnationalrate,158
spam,UR awarded a City Break and could WIN a £200 Summer Shopping spree every WK. Txt STORE to 88039.SkilGme.TsCs087147403231Winawk!Age16+£1.50perWKsub,ur awarded a city break and could win a 200 summer shopping spree every wk txt store to 88039skilgmetscs087147403231winawkage16150perwksub,146
ham,Like a personal sized or what,like a personal sized or what,29
ham,"Yo, I'm at my parents' gettin cash. Good news: we picked up a downstem",yo im at my parents gettin cash good news we picked up a downstem,70
ham,I need to come home and give you some good lovin...,i need to come home and give you some good lovin,51
ham,You are gorgeous! keep those pix cumming :) thank you!,you are gorgeous keep those pix cumming  thank you,54
ham,Just finished. Missing you plenty,just finished missing you plenty,33
spam,"URGENT! Your Mobile No. was awarded £2000 Bonus Caller Prize on 5/9/03 This is our final try to contact U! Call from Landline 09064019788 BOX42WR29C, 150PPM",urgent your mobile no was awarded 2000 bonus caller prize on 5903 this is our final try to contact u call from landline 09064019788 box42wr29c 150ppm,156
ham,I'm fine. Hope you are good. Do take care.,im fine hope you are good do take care,42
ham,Its a valentine game. . . send dis msg to all ur friends. . If 5 answers r d same then someone really loves u. . Ques- which colour suits me the best?,its a valentine game   send dis msg to all ur friends  if 5 answers r d same then someone really loves u  ques which colour suits me the best,150
ham,Yes princess! I want to catch you with my big strong hands...,yes princess i want to catch you with my big strong hands,61
ham,"Oh! Shit, I thought that was your trip! Loooooool ... That just makes SO much more sense now ... *grins* and the sofa reference was ... The ""sleep on a couch"" link you sent me ... Wasn't that how you went on your trip ? Oh ... And didn't your babe go with you for that celebration with your rents?",oh shit i thought that was your trip loooooool  that just makes so much more sense now  grins and the sofa reference was  the sleep on a couch link you sent me  wasnt that how you went on your trip  oh  and didnt your babe go with you for that celebration with your rents,297
ham,Ball is moving a lot.will spin in last :)so very difficult to bat:),ball is moving a lotwill spin in last so very difficult to bat,67
ham,I asked you to call him now ok,i asked you to call him now ok,30
ham,Sad story of a Man - Last week was my b'day. My Wife did'nt wish me. My Parents forgot n so did my Kids . I went to work. Even my Colleagues did not wish.,sad story of a man  last week was my bday my wife didnt wish me my parents forgot n so did my kids  i went to work even my colleagues did not wish,154
ham,"Ooh, 4got, i'm gonna start belly dancing in moseley weds 6.30 if u want 2 join me, they have a cafe too. ",ooh 4got im gonna start belly dancing in moseley weds 630 if u want 2 join me they have a cafe too ,105
spam,"Urgent! Please call 0906346330. Your ABTA complimentary 4* Spanish Holiday or £10,000 cash await collection SAE T&Cs BOX 47 PO19 2EZ 150ppm 18+",urgent please call 0906346330 your abta complimentary 4 spanish holiday or 10000 cash await collection sae tcs box 47 po19 2ez 150ppm 18,143
spam,"Win the newest Harry Potter and the Order of the Phoenix (Book 5) reply HARRY, answer 5 questions - chance to be the first among readers!",win the newest harry potter and the order of the phoenix book 5 reply harry answer 5 questions  chance to be the first among readers,138
ham,Congrats. That's great. I wanted to tell you not to tell me your score cos it might make me relax. But its motivating me so thanks for sharing,congrats thats great i wanted to tell you not to tell me your score cos it might make me relax but its motivating me so thanks for sharing,142
ham,"Open rebtel with firefox. When it loads just put plus sign in the user name place, and it will show you two numbers. The lower number is my number. Once you pick that number the pin will display okay!",open rebtel with firefox when it loads just put plus sign in the user name place and it will show you two numbers the lower number is my number once you pick that number the pin will display okay,200
ham,K I'll be there before 4.,k ill be there before 4,25
ham,U can call me now...,u can call me now,20
ham,And of course you should make a stink!,and of course you should make a stink,38
ham,I'm good. Have you registered to vote?,im good have you registered to vote,38
ham,Did u fix the teeth?if not do it asap.ok take care.,did u fix the teethif not do it asapok take care,51
ham,Oooh bed ridden ey? What are YOU thinking of?,oooh bed ridden ey what are you thinking of,45
ham,Do u hav any frnd by name ashwini in ur college?,do u hav any frnd by name ashwini in ur college,48
ham,Am i that much dirty fellow?,am i that much dirty fellow,28
ham,"""HELLO U.CALL WEN U FINISH WRK.I FANCY MEETIN UP WIV U ALL TONITE AS I NEED A BREAK FROM DABOOKS. DID 4 HRS LAST NITE+2 TODAY OF WRK!""",hello ucall wen u finish wrki fancy meetin up wiv u all tonite as i need a break from dabooks did 4 hrs last nite2 today of wrk,134
ham,Huh so fast... Dat means u havent finished painting?,huh so fast dat means u havent finished painting,52
ham,"I'm not smoking while people use ""wylie smokes too much"" to justify ruining my shit",im not smoking while people use wylie smokes too much to justify ruining my shit,83
ham,Good Morning my Dear Shijutta........... Have a great &amp; successful day.,good morning my dear shijutta have a great amp successful day,75
ham,Ü predict wat time ü'll finish buying?, predict wat time ll finish buying,38
ham,"""CHEERS U TEX MECAUSE U WEREBORED! YEAH OKDEN HUNNY R UIN WK SAT?SOUNDS LIKEYOUR HAVIN GR8FUN J! KEEP UPDAT COUNTINLOTS OF LOVEME XXXXX.""",cheers u tex mecause u werebored yeah okden hunny r uin wk satsounds likeyour havin gr8fun j keep updat countinlots of loveme xxxxx,138
ham,No drama Pls.i have had enough from you and family while i am struggling in the hot sun in a strange place.No reason why there should be an ego of not going 'IF NOT INVITED' when actually its necessity to go.wait for very serious reppurcussions.,no drama plsi have had enough from you and family while i am struggling in the hot sun in a strange placeno reason why there should be an ego of not going if not invited when actually its necessity to gowait for very serious reppurcussions,245
ham,One day a crab was running on the sea shore..The waves came n cleared the footprints of the crab.. Crab asked: being my frnd y r u clearing my beautiful footprints? Waves replied: A fox was following ur footprints to catch you! thats y i cleared it off:) frndsship never lets u dwn :-) GUD nyt..,one day a crab was running on the sea shorethe waves came n cleared the footprints of the crab crab asked being my frnd y r u clearing my beautiful footprints waves replied a fox was following ur footprints to catch you thats y i cleared it off frndsship never lets u dwn  gud nyt,295
ham,I dun believe u. I thk u told him.,i dun believe u i thk u told him,34
ham,Yeah you should. I think you can use your gt atm now to register. Not sure but if there's anyway i can help let me know. But when you do be sure you are ready.,yeah you should i think you can use your gt atm now to register not sure but if theres anyway i can help let me know but when you do be sure you are ready,159
spam,Your next amazing xxx PICSFREE1 video will be sent to you enjoy! If one vid is not enough for 2day text back the keyword PICSFREE1 to get the next video.,your next amazing xxx picsfree1 video will be sent to you enjoy if one vid is not enough for 2day text back the keyword picsfree1 to get the next video,153
ham,Dont think you need yellow card for uk travel. Ask someone that has gone before. If you do its just  &lt;#&gt; bucks,dont think you need yellow card for uk travel ask someone that has gone before if you do its just  ltgt bucks,116
ham,Can ü call me at 10:10 to make sure dat i've woken up...,can  call me at 1010 to make sure dat ive woken up,56
ham,Babe ! What are you doing ? Where are you ? Who are you talking to ? Do you think of me ? Are you being a good boy? Are you missing me? Do you love me ?,babe  what are you doing  where are you  who are you talking to  do you think of me  are you being a good boy are you missing me do you love me ,152
spam,"Orange customer, you may now claim your FREE CAMERA PHONE upgrade for your loyalty. Call now on 0207 153 9996. Offer ends 14thMarch. T&C's apply. Opt-out availa",orange customer you may now claim your free camera phone upgrade for your loyalty call now on 0207 153 9996 offer ends 14thmarch tcs apply optout availa,160
ham,Okie but i scared u say i fat... Then u dun wan me already...,okie but i scared u say i fat then u dun wan me already,61
ham,Lol yes. But it will add some spice to your day.,lol yes but it will add some spice to your day,48
ham,"What do u reckon as need 2 arrange transport if u can't do it, thanks",what do u reckon as need 2 arrange transport if u cant do it thanks,69
spam,"You have been specially selected to receive a ""3000 award! Call 08712402050 BEFORE the lines close. Cost 10ppm. 16+. T&Cs apply. AG Promo",you have been specially selected to receive a 3000 award call 08712402050 before the lines close cost 10ppm 16 tcs apply ag promo,137
ham,We'll join the  &lt;#&gt;  bus,well join the  ltgt  bus,30
spam,"Latest News! Police station toilet stolen, cops have nothing to go on!",latest news police station toilet stolen cops have nothing to go on,70
ham,U in town alone?,u in town alone,16
spam,YOU ARE CHOSEN TO RECEIVE A £350 AWARD! Pls call claim number 09066364311 to collect your award which you are selected to receive as a valued mobile customer.,you are chosen to receive a 350 award pls call claim number 09066364311 to collect your award which you are selected to receive as a valued mobile customer,158
ham,Ujhhhhhhh computer shipped out with address to sandiago and parantella lane. Wtf. Poop.,ujhhhhhhh computer shipped out with address to sandiago and parantella lane wtf poop,87
ham,Happy birthday... May all ur dreams come true...,happy birthday may all ur dreams come true,48
ham,Anything lor but toa payoh got place 2 walk meh...,anything lor but toa payoh got place 2 walk meh,50
ham,Aiyar u so poor thing... I give u my support k... Jia you! I'll think of u...,aiyar u so poor thing i give u my support k jia you ill think of u,77
ham,"Do 1 thing! Change that sentence into: ""Because i want 2 concentrate in my educational career im leaving here..""",do 1 thing change that sentence into because i want 2 concentrate in my educational career im leaving here,112
spam,We have new local dates in your area - Lots of new people registered in YOUR AREA. Reply DATE to start now! 18 only www.flirtparty.us REPLYS150,we have new local dates in your area  lots of new people registered in your area reply date to start now 18 only wwwflirtpartyus replys150,143
ham,Are you going to wipro interview today?,are you going to wipro interview today,39
ham,I am going to film 2day da. At 6pm. Sorry da.,i am going to film 2day da at 6pm sorry da,45
ham,Hey so whats the plan this sat? ,hey so whats the plan this sat ,32
spam,"We know someone who you know that fancies you. Call 09058097218 to find out who. POBox 6, LS15HB 150p",we know someone who you know that fancies you call 09058097218 to find out who pobox 6 ls15hb 150p,101
ham,K:)k:)good:)study well.,kkgoodstudy well,23
ham,Ok. Very good. Its all about making that money.,ok very good its all about making that money,47
ham,Yep get with the program. You're slacking.,yep get with the program youre slacking,42
ham,Olol i printed out a forum post by a guy with the exact same  prob which was fixed with a gpu replacement. Hopefully they dont ignore that.,olol i printed out a forum post by a guy with the exact same  prob which was fixed with a gpu replacement hopefully they dont ignore that,139
ham,Yo you guys ever figure out how much we need for alcohol? Jay and I are trying to figure out how much we can safely spend on weed,yo you guys ever figure out how much we need for alcohol jay and i are trying to figure out how much we can safely spend on weed,129
ham,"Goodmorning,my grandfather expired..so am on leave today.",goodmorningmy grandfather expiredso am on leave today,57
ham,"chile, please! It's only a  &lt;DECIMAL&gt;  hour drive for me. I come down all the time and will be subletting feb-april for audition season.",chile please its only a  ltdecimalgt  hour drive for me i come down all the time and will be subletting febapril for audition season,142
ham,Howz pain?hope u r fine..,howz painhope u r fine,25
ham,Nice.nice.how is it working?,nicenicehow is it working,28
ham,OK i'm waliking ard now... Do u wan me 2 buy anything go ur house?,ok im waliking ard now do u wan me 2 buy anything go ur house,66
ham,"Hi Chikku, send some nice msgs",hi chikku send some nice msgs,30
ham,"I hav almost reached. Call, i m unable to connect u.",i hav almost reached call i m unable to connect u,52
ham,"Yeah there's quite a bit left, I'll swing by tomorrow when I get up",yeah theres quite a bit left ill swing by tomorrow when i get up,67
spam,"Mila, age23, blonde, new in UK. I look sex with UK guys. if u like fun with me. Text MTALK to 69866.18 . 30pp/txt 1st 5free. £1.50 increments. Help08718728876",mila age23 blonde new in uk i look sex with uk guys if u like fun with me text mtalk to 6986618  30pptxt 1st 5free 150 increments help08718728876,158
ham,Do u konw waht is rael FRIENDSHIP Im gving yuo an exmpel: Jsut ese tihs msg.. Evrey splleing of tihs msg is wrnog.. Bt sitll yuo can raed it wihtuot ayn mitsake.. GOODNIGHT &amp; HAVE A NICE SLEEP..SWEET DREAMS..,do u konw waht is rael friendship im gving yuo an exmpel jsut ese tihs msg evrey splleing of tihs msg is wrnog bt sitll yuo can raed it wihtuot ayn mitsake goodnight amp have a nice sleepsweet dreams,212
ham,Ha ha cool cool chikku chikku:-):-DB-),ha ha cool cool chikku chikkudb,38
ham,No..its ful of song lyrics..,noits ful of song lyrics,28
ham,Yo do you know anyone  &lt;#&gt;  or otherwise able to buy liquor? Our guy flaked and right now if we don't get a hold of somebody its just 4 loko all night,yo do you know anyone  ltgt  or otherwise able to buy liquor our guy flaked and right now if we dont get a hold of somebody its just 4 loko all night,156
ham,"Don't worry though, I understand how important it is that I be put in my place with a poorly thought out punishment in the face of the worst thing that has ever happened to me. Brb gonna go kill myself",dont worry though i understand how important it is that i be put in my place with a poorly thought out punishment in the face of the worst thing that has ever happened to me brb gonna go kill myself,201
ham,In that case I guess I'll see you at campus lodge,in that case i guess ill see you at campus lodge,49
ham,There the size of elephant tablets & u shove um up ur ass!!,there the size of elephant tablets  u shove um up ur ass,59
spam,Ur cash-balance is currently 500 pounds - to maximize ur cash-in now send CASH to 86688 only 150p/msg. CC: 08718720201 PO BOX 114/14 TCR/W1,ur cashbalance is currently 500 pounds  to maximize ur cashin now send cash to 86688 only 150pmsg cc 08718720201 po box 11414 tcrw1,139
spam,"Hey Boys. Want hot XXX pics sent direct 2 ur phone? Txt PORN to 69855, 24Hrs free and then just 50p per day. To stop text STOPBCM SF WC1N3XX",hey boys want hot xxx pics sent direct 2 ur phone txt porn to 69855 24hrs free and then just 50p per day to stop text stopbcm sf wc1n3xx,140
ham,I will reach office around  &lt;DECIMAL&gt; . &amp; my mobile have problem. You cann't get my voice. So call you asa i'll free,i will reach office around  ltdecimalgt  amp my mobile have problem you cannt get my voice so call you asa ill free,126
ham,Carlos says we can pick up from him later so yeah we're set,carlos says we can pick up from him later so yeah were set,59
ham,"Tee hee. Off to lecture, cheery bye bye.",tee hee off to lecture cheery bye bye,40
ham,Dad says hurry the hell up,dad says hurry the hell up,26
ham,Mmm thats better now i got a roast down me! id b better if i had a few drinks down me 2! Good indian?,mmm thats better now i got a roast down me id b better if i had a few drinks down me 2 good indian,102
ham,Babe !!!! I LOVE YOU !!!! *covers your face in kisses*,babe  i love you  covers your face in kisses,54
ham,Was just about to ask. Will keep this one. Maybe that's why you didn't get all the messages we sent you on glo,was just about to ask will keep this one maybe thats why you didnt get all the messages we sent you on glo,110
ham,Ok then i will come to ur home after half an hour,ok then i will come to ur home after half an hour,49
ham,"It,,s a taxt massage....tie-pos argh ok! Lool!",its a taxt massagetiepos argh ok lool,46
ham,That was random saw my old roomate on campus. He graduated,that was random saw my old roomate on campus he graduated,58
ham,Oh ok i didnt know what you meant. Yep i am baby jontin,oh ok i didnt know what you meant yep i am baby jontin,55
ham,"So many people seems to be special at first sight, But only very few will remain special to you till your last sight.. Maintain them till life ends.. Sh!jas",so many people seems to be special at first sight but only very few will remain special to you till your last sight maintain them till life ends shjas,156
ham,Aiyar hard 2 type. U later free then tell me then i call n scold n tell u.,aiyar hard 2 type u later free then tell me then i call n scold n tell u,74
ham,Not yet chikku..wat abt u?,not yet chikkuwat abt u,26
ham,Wat uniform? In where get?,wat uniform in where get,26
ham,2marrow only. Wed at  &lt;#&gt;  to 2 aha.,2marrow only wed at  ltgt  to 2 aha,42
ham,Hmmm.still we dont have opener?,hmmmstill we dont have opener,31
ham,What you did in  leave.,what you did in  leave,23
spam,FreeMsg Today's the day if you are ready! I'm horny & live in your town. I love sex fun & games! Netcollex Ltd 08700621170150p per msg reply Stop to end,freemsg todays the day if you are ready im horny  live in your town i love sex fun  games netcollex ltd 08700621170150p per msg reply stop to end,152
ham,Da my birthdate in certificate is in april but real date is today. But dont publish it. I shall give you a special treat if you keep the secret. Any way thanks for the wishes,da my birthdate in certificate is in april but real date is today but dont publish it i shall give you a special treat if you keep the secret any way thanks for the wishes,174
ham,Just trying to figure out when I'm suppose to see a couple different people this week. We said we'd get together but I didn't set dates,just trying to figure out when im suppose to see a couple different people this week we said wed get together but i didnt set dates,135
ham,Lolnice. I went from a fish to ..water.?,lolnice i went from a fish to water,40
ham,I guess it is useless calling u 4 something important.,i guess it is useless calling u 4 something important,54
ham,My drive can only be read. I need to write,my drive can only be read i need to write,42
ham,He said i look pretty wif long hair wat. But i thk he's cutting quite short 4 me leh.,he said i look pretty wif long hair wat but i thk hes cutting quite short 4 me leh,85
ham,I'll reach in ard 20 mins ok...,ill reach in ard 20 mins ok,31
spam,"Welcome to UK-mobile-date this msg is FREE giving you free calling to 08719839835. Future mgs billed at 150p daily. To cancel send ""go stop"" to 89123",welcome to ukmobiledate this msg is free giving you free calling to 08719839835 future mgs billed at 150p daily to cancel send go stop to 89123,149
ham,"Yeah work is fine, started last week, all the same stuff as before, dull but easy and guys are fun!",yeah work is fine started last week all the same stuff as before dull but easy and guys are fun,99
ham,What's happening with you. Have you gotten a job and have you begun registration for permanent residency,whats happening with you have you gotten a job and have you begun registration for permanent residency,104
ham,Goodnight da thangam I really miss u dear.,goodnight da thangam i really miss u dear,42
ham,I'm really not up to it still tonight babe,im really not up to it still tonight babe,42
spam,"Thank you, winner notified by sms. Good Luck! No future marketing reply STOP to 84122 customer services 08450542832",thank you winner notified by sms good luck no future marketing reply stop to 84122 customer services 08450542832,115
ham,Nope but i'm going home now then go pump petrol lor... Like going 2 rain soon...,nope but im going home now then go pump petrol lor like going 2 rain soon,80
ham,"Gal n boy walking in d park. gal-can i hold ur hand? boy-y? do u think i would run away? gal-no, jst wana c how it feels walking in heaven with an prince..GN:-)",gal n boy walking in d park galcan i hold ur hand boyy do u think i would run away galno jst wana c how it feels walking in heaven with an princegn,160
ham,You will be in the place of that man,you will be in the place of that man,36
ham,"Hmmm... Guess we can go 4 kb n power yoga... Haha, dunno we can tahan power yoga anot... Thk got lo oso, forgot liao...",hmmm guess we can go 4 kb n power yoga haha dunno we can tahan power yoga anot thk got lo oso forgot liao,119
ham,Yeah but which is worse for i,yeah but which is worse for i,29
ham,Can ü send me a copy of da report?,can  send me a copy of da report,34
spam,"For ur chance to win a £250 cash every wk TXT: ACTION to 80608. T's&C's www.movietrivia.tv custcare 08712405022, 1x150p/wk",for ur chance to win a 250 cash every wk txt action to 80608 tscs wwwmovietriviatv custcare 08712405022 1x150pwk,122
ham,Oh baby of the house. How come you dont have any new pictures on facebook,oh baby of the house how come you dont have any new pictures on facebook,73
ham,Got c... I lazy to type... I forgot ü in lect... I saw a pouch but like not v nice...,got c i lazy to type i forgot  in lect i saw a pouch but like not v nice,85
ham,"Ok., is any problem to u frm him? Wats matter?",ok is any problem to u frm him wats matter,46
spam,88066 FROM 88066 LOST 3POUND HELP,88066 from 88066 lost 3pound help,33
ham,Nobody names their penis a girls name this story doesn't add up at all,nobody names their penis a girls name this story doesnt add up at all,70
ham,Shall call now dear having food,shall call now dear having food,31
ham,Kinda. First one gets in at twelve! Aah. Speak tomo,kinda first one gets in at twelve aah speak tomo,51
ham,"That's cool, I'll come by like  &lt;#&gt; ish",thats cool ill come by like  ltgt ish,45
spam,FREE camera phones with linerental from 4.49/month with 750 cross ntwk mins. 1/2 price txt bundle deals also avble. Call 08001950382 or call2optout/J MF,free camera phones with linerental from 449month with 750 cross ntwk mins 12 price txt bundle deals also avble call 08001950382 or call2optoutj mf,152
ham,No shoot me. I'm in the docs waiting room. :/,no shoot me im in the docs waiting room ,45
ham,"Like  &lt;#&gt; , same question",like  ltgt  same question,31
ham,"Princess, is your kitty shaved or natural?",princess is your kitty shaved or natural,42
spam,(Bank of Granite issues Strong-Buy) EXPLOSIVE PICK FOR OUR MEMBERS *****UP OVER 300% *********** Nasdaq Symbol CDGT That is a $5.00 per..,bank of granite issues strongbuy explosive pick for our members up over 300  nasdaq symbol cdgt that is a 500 per,137
ham,How are you enjoying this semester? Take care brother.,how are you enjoying this semester take care brother,54
ham,"Night has ended for another day, morning has come in a special way. May you smile like the sunny rays and leaves your worries at the blue blue bay.",night has ended for another day morning has come in a special way may you smile like the sunny rays and leaves your worries at the blue blue bay,147
spam,"Free entry to the gr8prizes wkly comp 4 a chance to win the latest Nokia 8800, PSP or £250 cash every wk.TXT GREAT to 80878 http//www.gr8prizes.com 08715705022",free entry to the gr8prizes wkly comp 4 a chance to win the latest nokia 8800 psp or 250 cash every wktxt great to 80878 httpwwwgr8prizescom 08715705022,159
ham,I‘m parked next to a MINI!!!! When are you coming in today do you think?,im parked next to a mini when are you coming in today do you think,72
ham,Oh ic. I thought you meant mary jane.,oh ic i thought you meant mary jane,37
ham,Many times we lose our best ones bcoz we are ,many times we lose our best ones bcoz we are ,45
ham,Nope watching tv at home... Not going out. V bored...,nope watching tv at home not going out v bored,53
ham,I taught that Ranjith sir called me. So only i sms like that. Becaus hes verifying about project. Prabu told today so only pa dont mistake me..,i taught that ranjith sir called me so only i sms like that becaus hes verifying about project prabu told today so only pa dont mistake me,143
ham,We're finally ready fyi,were finally ready fyi,23
ham,In which place do you want da.,in which place do you want da,30
ham,i see. When we finish we have loads of loans to pay,i see when we finish we have loads of loans to pay,51
spam,You have won a Nokia 7250i. This is what you get when you win our FREE auction. To take part send Nokia to 86021 now. HG/Suite342/2Lands Row/W1JHL 16+,you have won a nokia 7250i this is what you get when you win our free auction to take part send nokia to 86021 now hgsuite3422lands roww1jhl 16,150
ham,Watching tv lor...,watching tv lor,18
ham,Y bishan lei... I tot ü say lavender? ,y bishan lei i tot  say lavender ,38
ham,Ay wana meet on sat?ü wkg on sat?,ay wana meet on sat wkg on sat,33
ham,"I need an 8th but I'm off campus atm, could I pick up in an hour or two?",i need an 8th but im off campus atm could i pick up in an hour or two,72
ham,Or i go home first lar ü wait 4 me lor.. I put down my stuff first..,or i go home first lar  wait 4 me lor i put down my stuff first,68
ham,I am in a marriage function,i am in a marriage function,27
ham,Why you keeping me away like this,why you keeping me away like this,33
ham,Yo! Howz u? girls never rang after india. L,yo howz u girls never rang after india l,43
ham,"Beautiful Truth against Gravity.. Read carefully: ""Our heart feels light when someone is in it.. But it feels very heavy when someone leaves it.."" GOOD NIGHT",beautiful truth against gravity read carefully our heart feels light when someone is in it but it feels very heavy when someone leaves it good night,157
ham,You please give us connection today itself before  &lt;DECIMAL&gt;  or refund the bill,you please give us connection today itself before  ltdecimalgt  or refund the bill,86
ham,"Garbage bags, eggs, jam, bread, hannaford wheat chex",garbage bags eggs jam bread hannaford wheat chex,52
ham,i can call in  &lt;#&gt;  min if thats ok,i can call in  ltgt  min if thats ok,41
ham,Aiyo a bit pai seh ü noe... Scared he dun rem who i am then die... Hee... But he become better lookin oredi leh...,aiyo a bit pai seh  noe scared he dun rem who i am then die hee but he become better lookin oredi leh,114
ham,Happy new years melody!,happy new years melody,23
spam,How about getting in touch with folks waiting for company? Just txt back your NAME and AGE to opt in! Enjoy the community (150p/SMS),how about getting in touch with folks waiting for company just txt back your name and age to opt in enjoy the community 150psms,132
ham,… and don‘t worry we‘ll have finished by march … ish!, and dont worry well have finished by march  ish,53
ham," said kiss, kiss, i can't do the sound effects! He is a gorgeous man isn't he! Kind of person who needs a smile to brighten his day! ", said kiss kiss i cant do the sound effects he is a gorgeous man isnt he kind of person who needs a smile to brighten his day ,133
ham,"Now u sound like manky scouse boy steve,like! I is travelling on da bus home.wot has u inmind 4 recreation dis eve?",now u sound like manky scouse boy stevelike i is travelling on da bus homewot has u inmind 4 recreation dis eve,115
ham,Then why no one talking to me,then why no one talking to me,29
spam,"Someone has contacted our dating service and entered your phone becausethey fancy you! To find out who it is call from a landline 09058098002. PoBox1, W14RG 150p",someone has contacted our dating service and entered your phone becausethey fancy you to find out who it is call from a landline 09058098002 pobox1 w14rg 150p,161
ham,K I'll be sure to get up before noon and see what's what,k ill be sure to get up before noon and see whats what,56
ham,"I got arrested for possession at, I shit you not,  &lt;TIME&gt;  pm",i got arrested for possession at i shit you not  lttimegt  pm,67
ham,Am not working but am up to eyes in philosophy so will text u later when a bit more free for chat...,am not working but am up to eyes in philosophy so will text u later when a bit more free for chat,100
spam,"Hi, the SEXYCHAT girls are waiting for you to text them. Text now for a great night chatting. send STOP to stop this service",hi the sexychat girls are waiting for you to text them text now for a great night chatting send stop to stop this service,124
ham,"Nope, I'm still in the market",nope im still in the market,29
ham,Are you still playing with gautham?,are you still playing with gautham,35
spam,"Bears Pic Nick, and Tom, Pete and ... Dick. In fact, all types try gay chat with photo upload call 08718730666 (10p/min). 2 stop texts call 08712460324",bears pic nick and tom pete and  dick in fact all types try gay chat with photo upload call 08718730666 10pmin 2 stop texts call 08712460324,151
ham,Hiya. How was last night? I've been naughty and bought myself clothes and very little ... Ready for more shopping tho! What kind of time do you wanna meet?,hiya how was last night ive been naughty and bought myself clothes and very little  ready for more shopping tho what kind of time do you wanna meet,155
ham,I'm watching lotr w my sis dis aft. So u wan 2 meet me 4 dinner at nite a not?,im watching lotr w my sis dis aft so u wan 2 meet me 4 dinner at nite a not,78
ham,I have had two more letters from . I will copy them for you cos one has a message for you. Speak soon,i have had two more letters from  i will copy them for you cos one has a message for you speak soon,101
ham,Oh my God. I'm almost home,oh my god im almost home,26
ham,Yup but it's not giving me problems now so mayb i'll jus leave it...,yup but its not giving me problems now so mayb ill jus leave it,68
ham,Can not use foreign stamps in this country.,can not use foreign stamps in this country,43
spam,"YOUR CHANCE TO BE ON A REALITY FANTASY SHOW call now = 08707509020 Just 20p per min NTT Ltd, PO Box 1327 Croydon CR9 5WB 0870 is a national = rate call",your chance to be on a reality fantasy show call now  08707509020 just 20p per min ntt ltd po box 1327 croydon cr9 5wb 0870 is a national  rate call,151
ham,Ok... U enjoy ur shows...,ok u enjoy ur shows,25
spam,"Dear Voucher Holder, 2 claim this weeks offer, at your PC go to http://www.e-tlp.co.uk/expressoffer Ts&Cs apply.2 stop texts txt STOP to 80062.",dear voucher holder 2 claim this weeks offer at your pc go to httpwwwetlpcoukexpressoffer tscs apply2 stop texts txt stop to 80062,143
ham,Small problem in auction:)punj now asking tiwary,small problem in auctionpunj now asking tiwary,48
spam,I don't know u and u don't know me. Send CHAT to 86688 now and let's find each other! Only 150p/Msg rcvd. HG/Suite342/2Lands/Row/W1J6HL LDN. 18 years or over.,i dont know u and u dont know me send chat to 86688 now and lets find each other only 150pmsg rcvd hgsuite3422landsroww1j6hl ldn 18 years or over,158
ham,"Haha awesome, I've been to 4u a couple times. Who all's coming?",haha awesome ive been to 4u a couple times who alls coming,63
ham,Stupid auto correct on my phone,stupid auto correct on my phone,31
ham,"Yeah, don't go to bed, I'll be back before midnight",yeah dont go to bed ill be back before midnight,51
ham,"Night has ended for another day, morning has come in a special way. May you smile like the sunny rays and leaves your worries at the blue blue bay. Gud mrng",night has ended for another day morning has come in a special way may you smile like the sunny rays and leaves your worries at the blue blue bay gud mrng,156
ham,"Hi this is yijue, can i meet u at 11 tmr?",hi this is yijue can i meet u at 11 tmr,41
ham,Will you come online today night,will you come online today night,32
ham,I was just callin to say hi. Take care bruv!,i was just callin to say hi take care bruv,44
ham,Hey check it da. I have listed da.,hey check it da i have listed da,34
ham,Hope you are feeling great. Pls fill me in. Abiola,hope you are feeling great pls fill me in abiola,50
ham,Also remember to get dobby's bowl from your car,also remember to get dobbys bowl from your car,47
spam,Show ur colours! Euro 2004 2-4-1 Offer! Get an England Flag & 3Lions tone on ur phone! Click on the following service message for info!,show ur colours euro 2004 241 offer get an england flag  3lions tone on ur phone click on the following service message for info,135
ham,Hi Dear Call me its urgnt. I don't know whats your problem. You don't want to work or if you have any other problem at least tell me. Wating for your reply.,hi dear call me its urgnt i dont know whats your problem you dont want to work or if you have any other problem at least tell me wating for your reply,156
ham,Pls give her the food preferably pap very slowly with loads of sugar. You can take up to an hour to give it. And then some water. Very very slowly.,pls give her the food preferably pap very slowly with loads of sugar you can take up to an hour to give it and then some water very very slowly,147
ham,hi baby im cruisin with my girl friend what r u up 2? give me a call in and hour at home if thats alright or fone me on this fone now love jenny xxx,hi baby im cruisin with my girl friend what r u up 2 give me a call in and hour at home if thats alright or fone me on this fone now love jenny xxx,148
ham,Awww dat is sweet! We can think of something to do he he! Have a nice time tonight ill probably txt u later cos im lonely :( xxx.,awww dat is sweet we can think of something to do he he have a nice time tonight ill probably txt u later cos im lonely  xxx,129
ham,Hi' Test on  &lt;#&gt; rd ....,hi test on  ltgt rd ,30
ham,"Its ok, if anybody asks abt me, u tel them..:-P",its ok if anybody asks abt me u tel themp,47
ham,"Hi hope u r both ok, he said he would text and he hasn't, have u seen him, let me down gently please ",hi hope u r both ok he said he would text and he hasnt have u seen him let me down gently please ,101
ham,"I wonder how you got online, my love ? Had you gone to the net cafe ? Did you get your phone recharged ? Were you on a friends net ? I think of you, boytoy",i wonder how you got online my love  had you gone to the net cafe  did you get your phone recharged  were you on a friends net  i think of you boytoy,155
spam,You have an important customer service announcement. Call FREEPHONE 0800 542 0825 now!,you have an important customer service announcement call freephone 0800 542 0825 now,86
spam,8007 FREE for 1st week! No1 Nokia tone 4 ur mob every week just txt NOKIA to 8007 Get txting and tell ur mates www.getzed.co.uk POBox 36504 W4 5WQ norm 150p/tone 16+,8007 free for 1st week no1 nokia tone 4 ur mob every week just txt nokia to 8007 get txting and tell ur mates wwwgetzedcouk pobox 36504 w4 5wq norm 150ptone 16,165
ham,Ya just telling abt tht incident..,ya just telling abt tht incident,34
ham,"OH YEAH,AND HAV A GREAT TIME IN NEWQUAY-SEND ME A POSTCARD !1 LOOK AFTER ALL THE GIRLS WHILE IM GONE(U KNOW THE 1IM TALKIN BOUT!)xx",oh yeahand hav a great time in newquaysend me a postcard 1 look after all the girls while im goneu know the 1im talkin boutxx,131
ham,S but mostly not like that.,s but mostly not like that,27
ham,"Evening * v good if somewhat event laden. Will fill you in, don't you worry … Head * ok but throat * wrecked. See you at six then!",evening  v good if somewhat event laden will fill you in dont you worry  head  ok but throat  wrecked see you at six then,130
ham,Yes..gauti and sehwag out of odi series.,yesgauti and sehwag out of odi series,40
ham,"""The world suffers a lot... Not because of the violence of bad people. But because of the silence of good people!"", Gud night....",the world suffers a lot not because of the violence of bad people but because of the silence of good people gud night,129
ham,Now project pa. After that only i can come.,now project pa after that only i can come,43
ham,"Hi, Mobile no.  &lt;#&gt;  has added you in their contact list on www.fullonsms.com It s a great place to send free sms to people For more visit fullonsms.com",hi mobile no  ltgt  has added you in their contact list on wwwfullonsmscom it s a great place to send free sms to people for more visit fullonsmscom,158
spam,Please CALL 08712402779 immediately as there is an urgent message waiting for you,please call 08712402779 immediately as there is an urgent message waiting for you,81
ham,I wnt to buy a BMW car urgently..its vry urgent.but hv a shortage of  &lt;#&gt; Lacs.there is no source to arng dis amt. &lt;#&gt; lacs..thats my prob,i wnt to buy a bmw car urgentlyits vry urgentbut hv a shortage of  ltgt lacsthere is no source to arng dis amt ltgt lacsthats my prob,150
ham,If You mean the website. Yes.,if you mean the website yes,29
ham,All sounds good. Fingers . Makes it difficult to type,all sounds good fingers  makes it difficult to type,53
ham,"Thank you so much. When we skyped wit kz and sura, we didnt get the pleasure of your company. Hope you are good. We've given you ultimatum oh! We are countin down to aburo. Enjoy! This is the message i sent days ago",thank you so much when we skyped wit kz and sura we didnt get the pleasure of your company hope you are good weve given you ultimatum oh we are countin down to aburo enjoy this is the message i sent days ago,215
ham,I.ll post her out l8r. In class,ill post her out l8r in class,31
ham,Just wait till end of march when el nino gets himself. Oh.,just wait till end of march when el nino gets himself oh,58
spam,FreeMsg Hi baby wow just got a new cam moby. Wanna C a hot pic? or Fancy a chat?Im w8in 4uTxt / rply CHAT to 82242 Hlp 08712317606 Msg150p 2rcv,freemsg hi baby wow just got a new cam moby wanna c a hot pic or fancy a chatim w8in 4utxt  rply chat to 82242 hlp 08712317606 msg150p 2rcv,143
ham,In the end she might still vomit but its okay. Not everything will come out.,in the end she might still vomit but its okay not everything will come out,76
ham,You give us back my id proof and  &lt;#&gt;  rs. We wont allow you to work. We will come to your home within days,you give us back my id proof and  ltgt  rs we wont allow you to work we will come to your home within days,113
ham,Aiyo please ü got time meh.,aiyo please  got time meh,27
ham,"As in missionary hook up, doggy hook up, standing...|",as in missionary hook up doggy hook up standing,53
ham,"Sorry vikky, i'm Watching olave mandara movie kano in trishul theatre wit my frnds..",sorry vikky im watching olave mandara movie kano in trishul theatre wit my frnds,84
ham,"Call me. I m unable to cal. Lets meet bhaskar, and deep",call me i m unable to cal lets meet bhaskar and deep,55
ham,Sorry for the delay. Yes masters,sorry for the delay yes masters,32
ham,Hey are we going for the lo lesson or gym? ,hey are we going for the lo lesson or gym ,43
ham,Fine. Do you remember me.,fine do you remember me,25
spam,"Had your contract mobile 11 Mnths? Latest Motorola, Nokia etc. all FREE! Double Mins & Text on Orange tariffs. TEXT YES for callback, no to remove from records.",had your contract mobile 11 mnths latest motorola nokia etc all free double mins  text on orange tariffs text yes for callback no to remove from records,160
ham,Are you free now?can i call now?,are you free nowcan i call now,32
ham,"Got ur mail Dileep.thank you so muchand look forward to lots of support...very less contacts here,remember one venugopal you mentioned.tomorrow if not late,i shall try to come up till there.goodnight dear.",got ur mail dileepthank you so muchand look forward to lots of supportvery less contacts hereremember one venugopal you mentionedtomorrow if not latei shall try to come up till theregoodnight dear,205
ham,Okay name ur price as long as its legal! Wen can I pick them up? Y u ave x ams xx,okay name ur price as long as its legal wen can i pick them up y u ave x ams xx,81
ham,"Yes, my reg is  Ciao!",yes my reg is  ciao,21
ham,I don't know but I'm raping dudes at poker,i dont know but im raping dudes at poker,42
ham,Will purchase d stuff today and mail to you. Do you have a po box number?,will purchase d stuff today and mail to you do you have a po box number,73
ham,Hey i will be really pretty late... You want to go for the lesson first? I will join you. I'm only reaching tp mrt,hey i will be really pretty late you want to go for the lesson first i will join you im only reaching tp mrt,114
ham,Do you want bold 2 or bb torch,do you want bold 2 or bb torch,30
spam,<Forwarded from 21870000>Hi - this is your Mailbox Messaging SMS alert. You have 4 messages. You have 21 matches. Please call back on 09056242159 to retrieve your messages and matches,forwarded from 21870000hi  this is your mailbox messaging sms alert you have 4 messages you have 21 matches please call back on 09056242159 to retrieve your messages and matches,183
ham,Sounds like you have many talents! would you like to go on a dinner date next week?,sounds like you have many talents would you like to go on a dinner date next week,83
ham,Ranjith cal drpd Deeraj and deepak 5min hold,ranjith cal drpd deeraj and deepak 5min hold,44
ham,Hi! This is Roger from CL. How are you?,hi this is roger from cl how are you,39
ham,Where you. What happen,where you what happen,22
ham,Love you aathi..love u lot..,love you aathilove u lot,28
ham,LOL ... No just was busy,lol  no just was busy,24
spam,Todays Vodafone numbers ending with 4882 are selected to a receive a £350 award. If your number matches call 09064019014 to receive your £350 award.,todays vodafone numbers ending with 4882 are selected to a receive a 350 award if your number matches call 09064019014 to receive your 350 award,148
spam,"Think ur smart ? Win £200 this week in our weekly quiz, text PLAY to 85222 now!T&Cs WinnersClub PO BOX 84, M26 3UZ. 16+. GBP1.50/week",think ur smart  win 200 this week in our weekly quiz text play to 85222 nowtcs winnersclub po box 84 m26 3uz 16 gbp150week,133
spam,Our records indicate u maybe entitled to 5000 pounds in compensation for the Accident you had. To claim 4 free reply with CLAIM to this msg. 2 stop txt STOP,our records indicate u maybe entitled to 5000 pounds in compensation for the accident you had to claim 4 free reply with claim to this msg 2 stop txt stop,156
ham,"Cool, text me when you're ready",cool text me when youre ready,31
spam,"You are being contacted by our dating service by someone you know! To find out who it is, call from a land line 09050000878. PoBox45W2TG150P",you are being contacted by our dating service by someone you know to find out who it is call from a land line 09050000878 pobox45w2tg150p,140
ham,Now only i reached home. . . I am very tired now. . I will come tomorro,now only i reached home   i am very tired now  i will come tomorro,71
ham,"""Hey j! r u feeling any better, hopeSo hunny. i amnow feelin ill & ithink i may have tonsolitusaswell! damn iam layin in bedreal bored. lotsof luv me xxxx""",hey j r u feeling any better hopeso hunny i amnow feelin ill  ithink i may have tonsolitusaswell damn iam layin in bedreal bored lotsof luv me xxxx,155
ham,Was doing my test earlier. I appreciate you. Will call you tomorrow.,was doing my test earlier i appreciate you will call you tomorrow,68
ham,K.i did't see you.:)k:)where are you now?,ki didt see youkwhere are you now,41
spam,"Someone U know has asked our dating service 2 contact you! Cant Guess who? CALL 09058097189 NOW all will be revealed. POBox 6, LS15HB 150p ",someone u know has asked our dating service 2 contact you cant guess who call 09058097189 now all will be revealed pobox 6 ls15hb 150p ,139
ham,Am okay. Will soon be over. All the best,am okay will soon be over all the best,40
ham,somewhere out there beneath the pale moon light someone think in of u some where out there where dreams come true... goodnite &amp; sweet dreams,somewhere out there beneath the pale moon light someone think in of u some where out there where dreams come true goodnite amp sweet dreams,144
ham,Hey gals...U all wanna meet 4 dinner at nìte? ,hey galsu all wanna meet 4 dinner at nte ,46
ham,"So many people seems to be special at first sight, But only very few will remain special to you till your last sight.. Maintain them till life ends.. Sh!jas",so many people seems to be special at first sight but only very few will remain special to you till your last sight maintain them till life ends shjas,156
ham,K..k..any special today?,kkany special today,24
ham,It's é only $140 ard...É rest all ard $180 at least...Which is é price 4 é 2 bedrm ($900),its  only 140 ard rest all ard 180 at leastwhich is  price 4  2 bedrm 900,89
ham,"Al he does is moan at me if n e thin goes wrong its my fault&al de arguments r my fault&fed up of him of himso y bother? Hav 2go, thanx.xx",al he does is moan at me if n e thin goes wrong its my faultal de arguments r my faultfed up of him of himso y bother hav 2go thanxxx,138
ham,"Wait that's still not all that clear, were you not sure about me being sarcastic or that that's why x doesn't want to live with us",wait thats still not all that clear were you not sure about me being sarcastic or that thats why x doesnt want to live with us,130
ham,Its a valentine game. . . Send dis msg to all ur friends. .. If 5 answers r d same then someone really loves u. Ques- which colour suits me the best?rply me,its a valentine game   send dis msg to all ur friends  if 5 answers r d same then someone really loves u ques which colour suits me the bestrply me,156
ham,Nt yet chikku..simple habba..hw abt u?,nt yet chikkusimple habbahw abt u,38
ham,"Fuuuuck I need to stop sleepin, sup",fuuuuck i need to stop sleepin sup,35
ham,I'm at work. Please call,im at work please call,24
ham,Nationwide auto centre (or something like that) on Newport road. I liked them there,nationwide auto centre or something like that on newport road i liked them there,83
ham,I love to cuddle! I want to hold you in my strong arms right now...,i love to cuddle i want to hold you in my strong arms right now,67
spam,"Congrats! 1 year special cinema pass for 2 is yours. call 09061209465 now! C Suprman V, Matrix3, StarWars3, etc all 4 FREE! bx420-ip4-5we. 150pm. Dont miss out!",congrats 1 year special cinema pass for 2 is yours call 09061209465 now c suprman v matrix3 starwars3 etc all 4 free bx420ip45we 150pm dont miss out,160
spam,Enjoy the jamster videosound gold club with your credits for 2 new videosounds+2 logos+musicnews! get more fun from jamster.co.uk! 16+only Help? call: 09701213186 ,enjoy the jamster videosound gold club with your credits for 2 new videosounds2 logosmusicnews get more fun from jamstercouk 16only help call 09701213186 ,163
ham,But pls dont play in others life.,but pls dont play in others life,33
ham,Jason says it's cool if we pick some up from his place in like an hour,jason says its cool if we pick some up from his place in like an hour,70
ham,Its on in engalnd! But telly has decided it won't let me watch it and mia and elliot were kissing! Damn it!,its on in engalnd but telly has decided it wont let me watch it and mia and elliot were kissing damn it,107
ham,I've reached sch already...,ive reached sch already,27
ham,Unni thank you dear for the recharge..Rakhesh,unni thank you dear for the rechargerakhesh,45
ham,The Xmas story is peace.. The Xmas msg is love.. The Xmas miracle is jesus.. Hav a blessed month ahead &amp; wish U Merry Xmas...,the xmas story is peace the xmas msg is love the xmas miracle is jesus hav a blessed month ahead amp wish u merry xmas,129
ham,"Hey elaine, is today's meeting still on?",hey elaine is todays meeting still on,40
ham,If u dun drive then how i go 2 sch.,if u dun drive then how i go 2 sch,35
ham,The greatest test of courage on earth is to bear defeat without losing heart....gn tc,the greatest test of courage on earth is to bear defeat without losing heartgn tc,85
ham,"A boy was late 2 home. His father: ""POWER OF FRNDSHIP""",a boy was late 2 home his father power of frndship,54
ham,"Aight, let me know when you're gonna be around usf",aight let me know when youre gonna be around usf,50
ham,Then why you not responding,then why you not responding,27
ham,Baaaaabe! I misss youuuuu ! Where are you ? I have to go and teach my class at 5 ...,baaaaabe i misss youuuuu  where are you  i have to go and teach my class at 5 ,84
ham,Okie...,okie,7
ham,I surely dont forgot to come:)i will always be in touch in with you:-),i surely dont forgot to comei will always be in touch in with you,70
spam,"XXXMobileMovieClub: To use your credit, click the WAP link in the next txt message or click here>> http://wap. xxxmobilemovieclub.com?n=QJKGIGHJJGCBL",xxxmobilemovieclub to use your credit click the wap link in the next txt message or click here httpwap xxxmobilemovieclubcomnqjkgighjjgcbl,149
ham,"Yeah, we got one lined up for us",yeah we got one lined up for us,32
ham,Ok leave no need to ask,ok leave no need to ask,23
ham,How u doin baby girl ?? hope u are okay every time I call ure phone is off! I miss u get in touch,how u doin baby girl  hope u are okay every time i call ure phone is off i miss u get in touch,97
spam,500 free text msgs. Just text ok to 80488 and we'll credit your account,500 free text msgs just text ok to 80488 and well credit your account,71
ham,So i'm doing a list of buyers.,so im doing a list of buyers,30
ham,"House-Maid is the murderer, coz the man was murdered on  &lt;#&gt; th January.. As public holiday all govt.instituitions are closed,including post office..understand?",housemaid is the murderer coz the man was murdered on  ltgt th january as public holiday all govtinstituitions are closedincluding post officeunderstand,166
spam,"FreeMsg Why haven't you replied to my text? I'm Randy, sexy, female and live local. Luv to hear from u. Netcollex Ltd 08700621170150p per msg reply Stop to end",freemsg why havent you replied to my text im randy sexy female and live local luv to hear from u netcollex ltd 08700621170150p per msg reply stop to end,159
ham,All these nice new shirts and the only thing I can wear them to is nudist themed ;_; you in mu?,all these nice new shirts and the only thing i can wear them to is nudist themed  you in mu,95
spam,Update_Now - 12Mths Half Price Orange line rental: 400mins...Call MobileUpd8 on 08000839402 or call2optout=J5Q,updatenow  12mths half price orange line rental 400minscall mobileupd8 on 08000839402 or call2optoutj5q,110
spam,XMAS iscoming & ur awarded either £500 CD gift vouchers & free entry 2 r £100 weekly draw txt MUSIC to 87066 TnC www.Ldew.com1win150ppmx3age16subscription ,xmas iscoming  ur awarded either 500 cd gift vouchers  free entry 2 r 100 weekly draw txt music to 87066 tnc wwwldewcom1win150ppmx3age16subscription ,155
ham,Yeah. I got a list with only u and Joanna if I'm feeling really anti social,yeah i got a list with only u and joanna if im feeling really anti social,75
ham,"Oh... I was thkin of goin yogasana at 10 den no nd to go at 3 den can rush to parco 4 nb... Okie lor, u call me when ready...",oh i was thkin of goin yogasana at 10 den no nd to go at 3 den can rush to parco 4 nb okie lor u call me when ready,125
ham,Now get step 2 outta the way. Congrats again.,now get step 2 outta the way congrats again,45
spam,Hi I'm sue. I am 20 years old and work as a lapdancer. I love sex. Text me live - I'm i my bedroom now. text SUE to 89555. By TextOperator G2 1DA 150ppmsg 18+,hi im sue i am 20 years old and work as a lapdancer i love sex text me live  im i my bedroom now text sue to 89555 by textoperator g2 1da 150ppmsg 18,158
spam,We tried to call you re your reply to our sms for a video mobile 750 mins UNLIMITED TEXT free camcorder Reply or call now 08000930705 Del Thurs,we tried to call you re your reply to our sms for a video mobile 750 mins unlimited text free camcorder reply or call now 08000930705 del thurs,143
ham,Is there a reason we've not spoken this year? Anyways have a great week and all the best in your exam,is there a reason weve not spoken this year anyways have a great week and all the best in your exam,101
spam,"England v Macedonia - dont miss the goals/team news. Txt ur national team to 87077 eg ENGLAND to 87077 Try:WALES, SCOTLAND 4txt/ú1.20 POBOXox36504W45WQ 16+",england v macedonia  dont miss the goalsteam news txt ur national team to 87077 eg england to 87077 trywales scotland 4txt120 poboxox36504w45wq 16,155
ham,How much are we getting?,how much are we getting,24
ham,"I'm outside islands, head towards hard rock and you'll run into me",im outside islands head towards hard rock and youll run into me,66
ham,Yeah confirmed for you staying at  that weekend,yeah confirmed for you staying at  that weekend,47
ham,"Aight yo, dats straight dogg",aight yo dats straight dogg,28
ham,"7 wonders in My WORLD 7th You 6th Ur style 5th Ur smile 4th Ur Personality 3rd Ur Nature 2nd Ur SMS and 1st ""Ur Lovely Friendship""... good morning dear",7 wonders in my world 7th you 6th ur style 5th ur smile 4th ur personality 3rd ur nature 2nd ur sms and 1st ur lovely friendship good morning dear,151
spam,Great NEW Offer - DOUBLE Mins & DOUBLE Txt on best Orange tariffs AND get latest camera phones 4 FREE! Call MobileUpd8 free on 08000839402 NOW! or 2stoptxt T&Cs,great new offer  double mins  double txt on best orange tariffs and get latest camera phones 4 free call mobileupd8 free on 08000839402 now or 2stoptxt tcs,160
ham,"not that I know of, most people up here are still out of town",not that i know of most people up here are still out of town,61
ham,"Awesome, that gonna be soon or later tonight?",awesome that gonna be soon or later tonight,45
ham,"Two fundamentals of cool life: ""Walk, like you are the KING""...! OR ""Walk like you Dont care,whoever is the KING""!... Gud nyt",two fundamentals of cool life walk like you are the king or walk like you dont carewhoever is the king gud nyt,125
ham,"Yeah there's barely enough room for the two of us, x has too many fucking shoes. Sorry man, see you later",yeah theres barely enough room for the two of us x has too many fucking shoes sorry man see you later,105
ham,"I just got home babe, are you still awake ?",i just got home babe are you still awake ,43
spam,"Loan for any purpose £500 - £75,000. Homeowners + Tenants welcome. Have you been previously refused? We can still help. Call Free 0800 1956669 or text back 'help'",loan for any purpose 500  75000 homeowners  tenants welcome have you been previously refused we can still help call free 0800 1956669 or text back help,162
ham,I knew it... U slept v late yest? Wake up so late...,i knew it u slept v late yest wake up so late,52
ham,"see you then, we're all christmassy here!",see you then were all christmassy here,41
ham,Crucify is c not s. You should have told me earlier.,crucify is c not s you should have told me earlier,52
spam,Freemsg: 1-month unlimited free calls! Activate SmartCall Txt: CALL to No: 68866. Subscriptn3gbp/wk unlimited calls Help: 08448714184 Stop?txt stop landlineonly,freemsg 1month unlimited free calls activate smartcall txt call to no 68866 subscriptn3gbpwk unlimited calls help 08448714184 stoptxt stop landlineonly,160
ham,Now got tv 2 watch meh? U no work today?,now got tv 2 watch meh u no work today,40
ham,So li hai... Me bored now da lecturer repeating last weeks stuff waste time... ,so li hai me bored now da lecturer repeating last weeks stuff waste time ,79
ham,Saw Guys and Dolls last night with Patrick Swayze it was great,saw guys and dolls last night with patrick swayze it was great,62
ham,Networking job is there.,networking job is there,24
ham,"Just checked out, heading out to drop off my stuff now",just checked out heading out to drop off my stuff now,54
ham,Raji..pls do me a favour. Pls convey my Birthday wishes to Nimya. Pls. Today is her birthday.,rajipls do me a favour pls convey my birthday wishes to nimya pls today is her birthday,93
ham,"Under the sea, there lays a rock. In the rock, there is an envelope. In the envelope, there is a paper. On the paper, there are 3 words... '",under the sea there lays a rock in the rock there is an envelope in the envelope there is a paper on the paper there are 3 words ,140
ham,"The LAY MAN! Just to let you know you are missed and thought off. Do have a great day. And if you can send me bimbo and ugo's numbers, ill appreciate. Safe",the lay man just to let you know you are missed and thought off do have a great day and if you can send me bimbo and ugos numbers ill appreciate safe,155
ham,Somebody should go to andros and steal ice,somebody should go to andros and steal ice,42
ham,"Just got some gas money, any chance you and the gang want to go on a grand nature adventure?",just got some gas money any chance you and the gang want to go on a grand nature adventure,92
ham,Anyway seriously hit me up when you're back because otherwise I have to light up with armand and he always has shit and/or is vomiting,anyway seriously hit me up when youre back because otherwise i have to light up with armand and he always has shit andor is vomiting,134
ham,Carlos says he'll be at mu in  &lt;#&gt;  minutes,carlos says hell be at mu in  ltgt  minutes,49
ham,Anything...,anything,11
ham,S.this will increase the chance of winning.,sthis will increase the chance of winning,43
ham,Haha okay... Today weekend leh... ,haha okay today weekend leh ,34
ham,"Will do, you gonna be at blake's all night? I might be able to get out of here a little early",will do you gonna be at blakes all night i might be able to get out of here a little early,93
ham,"Mmmmm ... It was sooooo good to wake to your words this morning, my Love!! Mmmm fuck ... I love you too, my Lion ... *devouring kiss from across the sea*",mmmmm  it was sooooo good to wake to your words this morning my love mmmm fuck  i love you too my lion  devouring kiss from across the sea,153
spam,PRIVATE! Your 2003 Account Statement for shows 800 un-redeemed S. I. M. points. Call 08719899230 Identifier Code: 41685 Expires 07/11/04,private your 2003 account statement for shows 800 unredeemed s i m points call 08719899230 identifier code 41685 expires 071104,136
ham,I not busy juz dun wan 2 go so early.. Hee.. ,i not busy juz dun wan 2 go so early hee ,45
ham,Mom wants to know where you at,mom wants to know where you at,30
ham,What * u wearing?,what  u wearing,17
ham,Erm. I thought the contract ran out the4th of october.,erm i thought the contract ran out the4th of october,54
ham,Yes:)here tv is always available in work place..,yeshere tv is always available in work place,48
ham,Dear got bus directly to calicut,dear got bus directly to calicut,32
ham,Sounds like a plan! Cardiff is still here and still cold! I'm sitting on the radiator!,sounds like a plan cardiff is still here and still cold im sitting on the radiator,86
spam,You can donate £2.50 to UNICEF's Asian Tsunami disaster support fund by texting DONATE to 864233. £2.50 will be added to your next bill,you can donate 250 to unicefs asian tsunami disaster support fund by texting donate to 864233 250 will be added to your next bill,135
ham,Thank u!,thank u,8
ham,Are you wet right now?,are you wet right now,22
ham,"Dude u knw also telugu..thts gud..k, gud nyt..",dude u knw also teluguthts gudk gud nyt,46
ham,Huh but i got lesson at 4 lei n i was thinkin of going to sch earlier n i tot of parkin at kent vale...  ,huh but i got lesson at 4 lei n i was thinkin of going to sch earlier n i tot of parkin at kent vale  ,105
spam,Dear Subscriber ur draw 4 £100 gift voucher will b entered on receipt of a correct ans. When was Elvis Presleys Birthday? TXT answer to 80062,dear subscriber ur draw 4 100 gift voucher will b entered on receipt of a correct ans when was elvis presleys birthday txt answer to 80062,141
spam,"Welcome to Select, an O2 service with added benefits. You can now call our specially trained advisors FREE from your mobile by dialling 402.",welcome to select an o2 service with added benefits you can now call our specially trained advisors free from your mobile by dialling 402,140
ham,Tomorrow i am not going to theatre. . . So i can come wherever u call me. . . Tell me where and when to come tomorrow,tomorrow i am not going to theatre   so i can come wherever u call me   tell me where and when to come tomorrow,117
ham,Going to take your babe out ?,going to take your babe out ,29
ham,Cps is causing the outages to conserve energy.,cps is causing the outages to conserve energy,46
ham,"Hey... Thk we juz go accordin to wat we discussed yest lor, except no kb on sun... Cos there's nt much lesson to go if we attend kb on sat...",hey thk we juz go accordin to wat we discussed yest lor except no kb on sun cos theres nt much lesson to go if we attend kb on sat,141
ham,Wot about on wed nite I am 3 then but only til 9!,wot about on wed nite i am 3 then but only til 9,49
ham,"Good morning, im suffering from fever and dysentry ..will not be able to come to office today.",good morning im suffering from fever and dysentry will not be able to come to office today,94
ham,I don know account details..i will ask my mom and send you.my mom is out of reach now.,i don know account detailsi will ask my mom and send youmy mom is out of reach now,86
ham,How come she can get it? Should b quite diff to guess rite...,how come she can get it should b quite diff to guess rite,61
ham,Draw va?i dont think so:),draw vai dont think so,25
ham,I enjoy watching and playing football and basketball. Anything outdoors. And you?,i enjoy watching and playing football and basketball anything outdoors and you,81
ham,Where is it. Is there any opening for mca.,where is it is there any opening for mca,42
ham,Where at were hungry too,where at were hungry too,24
spam,Loans for any purpose even if you have Bad Credit! Tenants Welcome. Call NoWorriesLoans.com on 08717111821,loans for any purpose even if you have bad credit tenants welcome call noworriesloanscom on 08717111821,106
ham,Never y lei... I v lazy... Got wat? Dat day ü send me da url cant work one...,never y lei i v lazy got wat dat day  send me da url cant work one,77
ham,"sorry brah, just finished the last of my exams, what up",sorry brah just finished the last of my exams what up,55
ham,Wanna do some art?! :D,wanna do some art d,22
ham,Just finished eating. Got u a plate. NOT leftovers this time.,just finished eating got u a plate not leftovers this time,61
ham,"Sorry, I'll call later",sorry ill call later,22
ham,Which is weird because I know I had it at one point,which is weird because i know i had it at one point,51
ham,"New Theory: Argument wins d SITUATION, but loses the PERSON. So dont argue with ur friends just.. . . . kick them &amp; say, I'm always correct.!",new theory argument wins d situation but loses the person so dont argue with ur friends just    kick them amp say im always correct,145
ham,Its like that hotel dusk game i think. You solve puzzles in a area thing,its like that hotel dusk game i think you solve puzzles in a area thing,72
ham,U don't remember that old commercial?,u dont remember that old commercial,37
ham,Will be out of class in a few hours. Sorry,will be out of class in a few hours sorry,42
ham,Dont know supports ass and srt i thnk. I think ps3 can play through usb too,dont know supports ass and srt i thnk i think ps3 can play through usb too,75
ham,Hey are you angry with me. Reply me dr.,hey are you angry with me reply me dr,39
ham,No break time one... How... I come out n get my stuff fr ü?,no break time one how i come out n get my stuff fr ,59
ham,K.:)do it at evening da:)urgent:),kdo it at evening daurgent,33
ham,Cos daddy arranging time c wat time fetch ü mah...,cos daddy arranging time c wat time fetch  mah,50
ham,"Haha awesome, omw back now then",haha awesome omw back now then,31
ham,Omg you can make a wedding chapel in frontierville? Why do they get all the good stuff?,omg you can make a wedding chapel in frontierville why do they get all the good stuff,87
ham,"A gram usually runs like  &lt;#&gt; , a half eighth is smarter though and gets you almost a whole second gram for  &lt;#&gt;",a gram usually runs like  ltgt  a half eighth is smarter though and gets you almost a whole second gram for  ltgt,124
ham,I am going to sleep. I am tired of travel.,i am going to sleep i am tired of travel,42
ham,Well there's still a bit left if you guys want to tonight,well theres still a bit left if you guys want to tonight,57
ham,"K so am I, how much for an 8th? Fifty?",k so am i how much for an 8th fifty,38
ham,"Cool, I'll text you in a few",cool ill text you in a few,28
ham,K. I will sent it again,k i will sent it again,23
ham,Do you like Italian food?,do you like italian food,25
ham,"Omw back to tampa from west palm, you hear what happened?",omw back to tampa from west palm you hear what happened,57
ham,Take us out shopping and Mark will distract Isaiah.=D,take us out shopping and mark will distract isaiahd,53
ham,He remains a bro amongst bros,he remains a bro amongst bros,29
ham,Should I head straight there or what,should i head straight there or what,36
ham,There are some nice pubs near here or there is Frankie n Bennys near the warner cinema?,there are some nice pubs near here or there is frankie n bennys near the warner cinema,87
ham,Ok. I asked for money how far,ok i asked for money how far,29
ham,"I know you are thinkin malaria. But relax, children cant handle malaria. She would have been worse and its gastroenteritis. If she takes enough to replace her loss her temp will reduce. And if you give her malaria meds now she will just vomit. Its a self limiting illness she has which means in a few days it will completely stop",i know you are thinkin malaria but relax children cant handle malaria she would have been worse and its gastroenteritis if she takes enough to replace her loss her temp will reduce and if you give her malaria meds now she will just vomit its a self limiting illness she has which means in a few days it will completely stop,329
ham,Oh k:)after that placement there ah?,oh kafter that placement there ah,36
ham,I'm so in love with you. I'm excited each day i spend with you. You make me so happy.,im so in love with you im excited each day i spend with you you make me so happy,85
spam,HMV BONUS SPECIAL 500 pounds of genuine HMV vouchers to be won. Just answer 4 easy questions. Play Now! Send HMV to 86688 More info:www.100percent-real.com,hmv bonus special 500 pounds of genuine hmv vouchers to be won just answer 4 easy questions play now send hmv to 86688 more infowww100percentrealcom,155
ham,Hope you are having a great new semester. Do wish you the very best. You are made for greatness.,hope you are having a great new semester do wish you the very best you are made for greatness,96
ham,She.s fine. I have had difficulties with her phone. It works with mine. Can you pls send her another friend request.,shes fine i have had difficulties with her phone it works with mine can you pls send her another friend request,116
ham,"I'm home, my love ... If your still awake ... *loving kiss*",im home my love  if your still awake  loving kiss,59
ham,"A famous quote : when you develop the ability to listen to 'anything' unconditionally without losing your temper or self confidence, it means you are ......... 'MARRIED'",a famous quote  when you develop the ability to listen to anything unconditionally without losing your temper or self confidence it means you are  married,169
ham,A pure hearted person can have a wonderful smile that makes even his/her enemies to feel guilty for being an enemy.. So catch the world with your smile..:) GOODMORNING &amp; HAVE A SMILEY SUNDAY..:),a pure hearted person can have a wonderful smile that makes even hisher enemies to feel guilty for being an enemy so catch the world with your smile goodmorning amp have a smiley sunday,198
ham,"I guess that's why you re worried. You must know that there's a way the body repairs itself. And i'm quite sure you shouldn't worry. We'll take it slow. First the tests, they will guide when your ovulation is then just relax. Nothing you've said is a reason to worry but i.ll keep on followin you up.",i guess thats why you re worried you must know that theres a way the body repairs itself and im quite sure you shouldnt worry well take it slow first the tests they will guide when your ovulation is then just relax nothing youve said is a reason to worry but ill keep on followin you up,300
ham,Don't fret. I'll buy the ovulation test strips and send them to you. You wont get them til like march. Can you send me your postal address.u'll be alright.Okay.,dont fret ill buy the ovulation test strips and send them to you you wont get them til like march can you send me your postal addressull be alrightokay,160
ham,"Sorry my roommates took forever, it ok if I come by now?",sorry my roommates took forever it ok if i come by now,56
ham,"Good good, billy mates all gone. Just been jogging, again! Did enjoy concert?",good good billy mates all gone just been jogging again did enjoy concert,77
ham,Lol yeah at this point I guess not,lol yeah at this point i guess not,34
ham,Let there be snow. Let there be snow. This kind of weather brings ppl together so friendships can grow.,let there be snow let there be snow this kind of weather brings ppl together so friendships can grow,103
ham,As if i wasn't having enough trouble sleeping.,as if i wasnt having enough trouble sleeping,46
ham,Send this to ur friends and receive something about ur voice..... How is my speaking expression? 1.childish 2.naughty 3.Sentiment 4.rowdy 5.ful of attitude 6.romantic 7.shy 8.Attractive 9.funny  &lt;#&gt; .irritating  &lt;#&gt; .lovable. reply me..,send this to ur friends and receive something about ur voice how is my speaking expression 1childish 2naughty 3sentiment 4rowdy 5ful of attitude 6romantic 7shy 8attractive 9funny  ltgt irritating  ltgt lovable reply me,248
ham,Enjoy urself tmr...,enjoy urself tmr,19
ham,Ya that one is slow as poo,ya that one is slow as poo,26
ham,Except theres a chick with huge boobs.,except theres a chick with huge boobs,38
ham,Ok which your another number,ok which your another number,28
ham,Ok...,ok,5
ham,Otherwise had part time job na-tuition..,otherwise had part time job natuition,40
ham,Been running but only managed 5 minutes and then needed oxygen! Might have to resort to the roller option!,been running but only managed 5 minutes and then needed oxygen might have to resort to the roller option,106
spam,"YOUR CHANCE TO BE ON A REALITY FANTASY SHOW call now = 08707509020 Just 20p per min NTT Ltd, PO Box 1327 Croydon CR9 5WB 0870 is a national = rate call.",your chance to be on a reality fantasy show call now  08707509020 just 20p per min ntt ltd po box 1327 croydon cr9 5wb 0870 is a national  rate call,152
ham,My love ... I hope your not doing anything drastic. Don't you dare sell your pc or your phone ...,my love  i hope your not doing anything drastic dont you dare sell your pc or your phone ,97
ham,"""HEY DAS COOL... IKNOW ALL 2 WELLDA PERIL OF STUDENTFINANCIAL CRISIS!SPK 2 U L8R.""",hey das cool iknow all 2 wellda peril of studentfinancial crisisspk 2 u l8r,82
ham,U calling me right? Call my hand phone...,u calling me right call my hand phone,41
ham,1 in cbe. 2 in chennai.,1 in cbe 2 in chennai,23
ham,Went fast asleep dear.take care.,went fast asleep deartake care,32
ham,Should i buy him a blackberry bold 2 or torch. Should i buy him new or used. Let me know. Plus are you saying i should buy the  &lt;#&gt; g wifi ipad. And what are you saying about the about the  &lt;#&gt; g?,should i buy him a blackberry bold 2 or torch should i buy him new or used let me know plus are you saying i should buy the  ltgt g wifi ipad and what are you saying about the about the  ltgt g,208
spam,Congratulations YOU'VE Won. You're a Winner in our August £1000 Prize Draw. Call 09066660100 NOW. Prize Code 2309.,congratulations youve won youre a winner in our august 1000 prize draw call 09066660100 now prize code 2309,114
ham,God bless.get good sleep my dear...i will pray!,god blessget good sleep my deari will pray,47
ham,"yeah, that's what I was thinking",yeah thats what i was thinking,32
ham,Lmao ok I wont be needing u to do my hair anymore.,lmao ok i wont be needing u to do my hair anymore,50
spam,Fancy a shag? I do.Interested? sextextuk.com txt XXUK SUZY to 69876. Txts cost 1.50 per msg. TnCs on website. X,fancy a shag i dointerested sextextukcom txt xxuk suzy to 69876 txts cost 150 per msg tncs on website x,111
ham,In which place i can get rooms cheap:-),in which place i can get rooms cheap,39
ham,Yes. Last  practice,yes last  practice,19
ham,Its  &lt;#&gt; k here oh. Should i send home for sale.,its  ltgt k here oh should i send home for sale,54
ham,"Aiyo... Her lesson so early... I'm still sleepin, haha... Okie, u go home liao den confirm w me lor...",aiyo her lesson so early im still sleepin haha okie u go home liao den confirm w me lor,102
ham,"K, want us to come by now?",k want us to come by now,26
spam,"5 Free Top Polyphonic Tones call 087018728737, National Rate. Get a toppoly tune sent every week, just text SUBPOLY to 81618, £3 per pole. UnSub 08718727870.",5 free top polyphonic tones call 087018728737 national rate get a toppoly tune sent every week just text subpoly to 81618 3 per pole unsub 08718727870,157
ham,I'm very happy for you babe ! Woo hoo party on dude!,im very happy for you babe  woo hoo party on dude,52
ham,* Am on a train back from northampton so i'm afraid not!, am on a train back from northampton so im afraid not,56
ham,No. Did you multimedia message them or e-mail?,no did you multimedia message them or email,46
spam,Great News! Call FREEFONE 08006344447 to claim your guaranteed £1000 CASH or £2000 gift. Speak to a live operator NOW!,great news call freefone 08006344447 to claim your guaranteed 1000 cash or 2000 gift speak to a live operator now,118
ham,Why de. You looking good only:-)..,why de you looking good only,34
ham,"""ME 2 BABE I FEEL THE SAME LETS JUST 4GET ABOUT IT+BOTH TRY +CHEER UP+NOT FIT SOO MUCHXXLOVE U LOCAXX""",me 2 babe i feel the same lets just 4get about itboth try cheer upnot fit soo muchxxlove u locaxx,102
ham,"Anyway I don't think I can secure anything up here, lemme know if you want me to drive down south and chill",anyway i dont think i can secure anything up here lemme know if you want me to drive down south and chill,107
ham,Bring it if you got it,bring it if you got it,22
ham,Dunno lei he neva say...,dunno lei he neva say,24
ham,Wat happened to the cruise thing,wat happened to the cruise thing,32
ham,I donno its in your genes or something,i donno its in your genes or something,38
ham,"I can't, I don't have her number!",i cant i dont have her number,33
ham,Well there's not a lot of things happening in Lindsay on New years *sighs* Some bars in Ptbo and the blue heron has something going,well theres not a lot of things happening in lindsay on new years sighs some bars in ptbo and the blue heron has something going,131
ham,"Aight that'll work, thanks",aight thatll work thanks,26
ham,Wif my family booking tour package.,wif my family booking tour package,35
ham,Where are you ? What are you doing ? Are yuou working on getting the pc to your mom's ? Did you find a spot that it would work ? I need you,where are you  what are you doing  are yuou working on getting the pc to your moms  did you find a spot that it would work  i need you,139
ham,Just nw i came to hme da..,just nw i came to hme da,26
ham,You are right. Meanwhile how's project twins comin up,you are right meanwhile hows project twins comin up,53
ham,Aiyah e rain like quite big leh. If drizzling i can at least run home.,aiyah e rain like quite big leh if drizzling i can at least run home,70
ham,Yup next stop.,yup next stop,14
ham,Din i tell u jus now 420,din i tell u jus now 420,24
ham,Good night my dear.. Sleepwell&amp;Take care,good night my dear sleepwellamptake care,44
spam,"Get 3 Lions England tone, reply lionm 4 mono or lionp 4 poly. 4 more go 2 www.ringtones.co.uk, the original n best. Tones 3GBP network operator rates apply",get 3 lions england tone reply lionm 4 mono or lionp 4 poly 4 more go 2 wwwringtonescouk the original n best tones 3gbp network operator rates apply,155
ham,Get down in gandhipuram and walk to cross cut road. Right side &lt;#&gt; street road and turn at first right.,get down in gandhipuram and walk to cross cut road right side ltgt street road and turn at first right,109
spam,"Wan2 win a Meet+Greet with Westlife 4 U or a m8? They are currently on what tour? 1)Unbreakable, 2)Untamed, 3)Unkempt. Text 1,2 or 3 to 83049. Cost 50p +std text",wan2 win a meetgreet with westlife 4 u or a m8 they are currently on what tour 1unbreakable 2untamed 3unkempt text 12 or 3 to 83049 cost 50p std text,161
ham,What you need. You have a person to give na.,what you need you have a person to give na,44
ham,"I've got ten bucks, jay is being noncomittal",ive got ten bucks jay is being noncomittal,44
ham,Dunno lei... I might b eatin wif my frens... If ü wan to eat then i wait 4 ü lar,dunno lei i might b eatin wif my frens if  wan to eat then i wait 4  lar,80
ham,Went to ganesh dress shop,went to ganesh dress shop,25
ham,"I'm tired of arguing with you about this week after week. Do what you want and from now on, i'll do the same.",im tired of arguing with you about this week after week do what you want and from now on ill do the same,109
ham,Bishan lar nearer... No need buy so early cos if buy now i gotta park my car...,bishan lar nearer no need buy so early cos if buy now i gotta park my car,79
ham,Did you stitch his trouser,did you stitch his trouser,26
ham,Ok i msg u b4 i leave my house.,ok i msg u b4 i leave my house,31
ham,Nooooooo I'm gonna be bored to death all day. Cable and internet outage.,nooooooo im gonna be bored to death all day cable and internet outage,72
ham,"Save yourself the stress. If the person has a dorm account, just send your account details and the money will be sent to you.",save yourself the stress if the person has a dorm account just send your account details and the money will be sent to you,125
ham,"LOL .. *grins* .. I'm not babe, but thanks for thinking of me!",lol  grins  im not babe but thanks for thinking of me,62
ham,Hi..i got the money da:),hii got the money da,24
ham,"Same, I'm at my great aunts anniversary party in tarpon springs",same im at my great aunts anniversary party in tarpon springs,63
spam,PRIVATE! Your 2004 Account Statement for 07742676969 shows 786 unredeemed Bonus Points. To claim call 08719180248 Identifier Code: 45239 Expires,private your 2004 account statement for 07742676969 shows 786 unredeemed bonus points to claim call 08719180248 identifier code 45239 expires,144
ham,Dont let studying stress you out. L8r.,dont let studying stress you out l8r,38
ham,Nt joking seriously i told,nt joking seriously i told,26
ham,Ok then no need to tell me anything i am going to sleep good night,ok then no need to tell me anything i am going to sleep good night,66
ham,if you aren't here in the next  &lt;#&gt;  hours imma flip my shit,if you arent here in the next  ltgt  hours imma flip my shit,66
ham,How come i din c ü... Yup i cut my hair...,how come i din c  yup i cut my hair,42
ham,Hi where you. You in home or calicut?,hi where you you in home or calicut,37
ham,Hi mate its RV did u hav a nice hol just a message 3 say hello coz havent sent u 1 in ages started driving so stay off roads!RVx,hi mate its rv did u hav a nice hol just a message 3 say hello coz havent sent u 1 in ages started driving so stay off roadsrvx,129
ham,I can make lasagna for you... vodka...,i can make lasagna for you vodka,38
ham,Sos! Any amount i can get pls.,sos any amount i can get pls,30
ham,"When people see my msgs, They think Iam addicted to msging... They are wrong, Bcoz They don\'t know that Iam addicted to my sweet Friends..!! BSLVYL",when people see my msgs they think iam addicted to msging they are wrong bcoz they dont know that iam addicted to my sweet friends bslvyl,148
ham,Rightio. 11.48 it is then. Well arent we all up bright and early this morning.,rightio 1148 it is then well arent we all up bright and early this morning,78
ham,"8 at the latest, g's still there if you can scrounge up some ammo and want to give the new ak a try",8 at the latest gs still there if you can scrounge up some ammo and want to give the new ak a try,99
ham,Then ü come n pick me at 530 ar?,then  come n pick me at 530 ar,32
spam,"WIN: We have a winner! Mr. T. Foley won an iPod! More exciting prizes soon, so keep an eye on ur mobile or visit www.win-82050.co.uk",win we have a winner mr t foley won an ipod more exciting prizes soon so keep an eye on ur mobile or visit wwwwin82050couk,132
ham,I couldn't say no as he is a dying man and I feel sad for him so I will go and I just wanted you to know I would probably be gone late into your night,i couldnt say no as he is a dying man and i feel sad for him so i will go and i just wanted you to know i would probably be gone late into your night,150
ham,K. I will sent it again,k i will sent it again,23
ham,"THATS ALRITE GIRL, U KNOW GAIL IS NEVA WRONG!!TAKE CARE SWEET AND DONT WORRY.C U L8TR HUN!LOVE Yaxxx",thats alrite girl u know gail is neva wrongtake care sweet and dont worryc u l8tr hunlove yaxxx,102
ham,"Men always needs a beautiful, intelligent, caring, loving, adjustable, cooperative wife. But the law allows only one wife....",men always needs a beautiful intelligent caring loving adjustable cooperative wife but the law allows only one wife,125
ham,Love you aathi..love u lot..,love you aathilove u lot,28
ham,Huh y lei...,huh y lei,12
ham,I would but I'm still cozy. And exhausted from last night.nobody went to school or work. Everything is closed.,i would but im still cozy and exhausted from last nightnobody went to school or work everything is closed,110
ham,"Short But Cute : "" Be a good person , but dont try to prove"" ..... Gud mrng...",short but cute   be a good person  but dont try to prove  gud mrng,78
ham,Also hi wesley how've you been,also hi wesley howve you been,30
spam,Buy Space Invaders 4 a chance 2 win orig Arcade Game console. Press 0 for Games Arcade (std WAP charge) See o2.co.uk/games 4 Terms + settings. No purchase,buy space invaders 4 a chance 2 win orig arcade game console press 0 for games arcade std wap charge see o2coukgames 4 terms  settings no purchase,154
ham,"Yeah, where's your class at?",yeah wheres your class at,28
ham,"Sorry, got a late start, we're on the way",sorry got a late start were on the way,41
spam,URGENT! We are trying to contact you. Last weekends draw shows that you have won a £900 prize GUARANTEED. Call 09061701851. Claim code K61. Valid 12hours only,urgent we are trying to contact you last weekends draw shows that you have won a 900 prize guaranteed call 09061701851 claim code k61 valid 12hours only,158
spam,Free tones Hope you enjoyed your new content. text stop to 61610 to unsubscribe. help:08712400602450p Provided by tones2you.co.uk,free tones hope you enjoyed your new content text stop to 61610 to unsubscribe help08712400602450p provided by tones2youcouk,129
ham,I dont want to hear anything,i dont want to hear anything,28
ham,Then dun wear jeans lor...,then dun wear jeans lor,26
ham,I'll be in sch fr 4-6... I dun haf da book in sch... It's at home...,ill be in sch fr 46 i dun haf da book in sch its at home,68
ham,Not directly behind... Abt 4 rows behind ü...,not directly behind abt 4 rows behind ,45
ham,Hey... Very inconvenient for your sis a not huh?,hey very inconvenient for your sis a not huh,48
ham,Oh ho. Is this the first time u use these type of words,oh ho is this the first time u use these type of words,55
ham,Just seeing your missed call my dear brother. Do have a gr8 day.,just seeing your missed call my dear brother do have a gr8 day,64
spam,EASTENDERS TV Quiz. What FLOWER does DOT compare herself to? D= VIOLET E= TULIP F= LILY txt D E or F to 84025 NOW 4 chance 2 WIN £100 Cash WKENT/150P16+,eastenders tv quiz what flower does dot compare herself to d violet e tulip f lily txt d e or f to 84025 now 4 chance 2 win 100 cash wkent150p16,152
ham,Need a coffee run tomo?Can't believe it's that time of week already,need a coffee run tomocant believe its that time of week already,67
ham,What not under standing.,what not under standing,24
ham,So do you have samus shoulders yet,so do you have samus shoulders yet,34
ham,U meet other fren dun wan meet me ah... Muz b a guy rite...,u meet other fren dun wan meet me ah muz b a guy rite,59
ham,Wait  &lt;#&gt;  min..,wait  ltgt  min,22
ham,I gotta collect da car at 6 lei.,i gotta collect da car at 6 lei,32
spam,Want 2 get laid tonight? Want real Dogging locations sent direct 2 ur Mob? Join the UK's largest Dogging Network by txting MOAN to 69888Nyt. ec2a. 31p.msg@150p,want 2 get laid tonight want real dogging locations sent direct 2 ur mob join the uks largest dogging network by txting moan to 69888nyt ec2a 31pmsg150p,159
ham,HIYA COMIN 2 BRISTOL 1 ST WEEK IN APRIL. LES GOT OFF + RUDI ON NEW YRS EVE BUT I WAS SNORING.THEY WERE DRUNK! U BAK AT COLLEGE YET? MY WORK SENDS INK 2 BATH.,hiya comin 2 bristol 1 st week in april les got off  rudi on new yrs eve but i was snoringthey were drunk u bak at college yet my work sends ink 2 bath,157
ham,"Babe, I'm answering you, can't you see me ? Maybe you'd better reboot YM ... I got the photo ... It's great !",babe im answering you cant you see me  maybe youd better reboot ym  i got the photo  its great ,109
spam,18 days to Euro2004 kickoff! U will be kept informed of all the latest news and results daily. Unsubscribe send GET EURO STOP to 83222.,18 days to euro2004 kickoff u will be kept informed of all the latest news and results daily unsubscribe send get euro stop to 83222,135
ham,I dunno they close oredi not... Ü v ma fan...,i dunno they close oredi not  v ma fan,45
ham,Mum ask ü to buy food home...,mum ask  to buy food home,29
ham,Hello which the site to download songs its urgent pls,hello which the site to download songs its urgent pls,53
ham,I'm reaching home in 5 min.,im reaching home in 5 min,27
spam,"SIX chances to win CASH! From 100 to 20,000 pounds txt> CSH11 and send to 87575. Cost 150p/day, 6days, 16+ TsandCs apply Reply HL 4 info",six chances to win cash from 100 to 20000 pounds txt csh11 and send to 87575 cost 150pday 6days 16 tsandcs apply reply hl 4 info,136
spam,PRIVATE! Your 2004 Account Statement for 078498****7 shows 786 unredeemed Bonus Points. To claim call 08719180219 Identifier Code: 45239 Expires 06.05.05,private your 2004 account statement for 0784987 shows 786 unredeemed bonus points to claim call 08719180219 identifier code 45239 expires 060505,153
ham,Dear are you angry i was busy dear,dear are you angry i was busy dear,34
ham,Our ride equally uneventful - not too many of those pesky cyclists around at that time of night ;).,our ride equally uneventful  not too many of those pesky cyclists around at that time of night ,99
ham,What makes you most happy?,what makes you most happy,26
ham,Yep. I do like the pink furniture tho.,yep i do like the pink furniture tho,38
ham,Give one miss from that number please,give one miss from that number please,37
ham,"My life Means a lot to me, Not because I love my life, But because I love the people in my life, The world calls them friends, I call them my World:-).. Ge:-)..",my life means a lot to me not because i love my life but because i love the people in my life the world calls them friends i call them my world ge,160
ham,Goin to workout lor... Muz lose e fats... ,goin to workout lor muz lose e fats ,42
ham,Howz that persons story,howz that persons story,23
ham, &lt;#&gt;  in mca. But not conform., ltgt  in mca but not conform,36
spam,You won't believe it but it's true. It's Incredible Txts! Reply G now to learn truly amazing things that will blow your mind. From O2FWD only 18p/txt,you wont believe it but its true its incredible txts reply g now to learn truly amazing things that will blow your mind from o2fwd only 18ptxt,149
ham,Did u download the fring app?,did u download the fring app,29
ham,I'm ok. Will do my part tomorrow,im ok will do my part tomorrow,32
ham,How are you doing. How's the queen. Are you going for the royal wedding,how are you doing hows the queen are you going for the royal wedding,71
ham,PICK UR FONE UP NOW U DUMB?,pick ur fone up now u dumb,27
ham,"If you want to mapquest it or something look up ""usf dogwood drive"", that's the tiny street where the parking lot is",if you want to mapquest it or something look up usf dogwood drive thats the tiny street where the parking lot is,116
ham,I am going to sao mu today. Will be done only at 12 ,i am going to sao mu today will be done only at 12 ,52
ham,You made my day. Do have a great day too.,you made my day do have a great day too,41
spam,lyricalladie(21/F) is inviting you to be her friend. Reply YES-910 or NO-910. See her: www.SMS.ac/u/hmmross STOP? Send STOP FRND to 62468,lyricalladie21f is inviting you to be her friend reply yes910 or no910 see her wwwsmsacuhmmross stop send stop frnd to 62468,137
ham,"Er, hello, things didn‘t quite go to plan – is limping slowly home followed by aa and with exhaust hanging off",er hello things didnt quite go to plan  is limping slowly home followed by aa and with exhaust hanging off,110
ham,Same to u...,same to u,12
ham,Mmmm.... I cant wait to lick it!,mmmm i cant wait to lick it,32
ham,"""I;m reaching in another 2 stops.""",im reaching in another 2 stops,34
spam,Get a brand new mobile phone by being an agent of The Mob! Plus loads more goodies! For more info just text MAT to 87021.,get a brand new mobile phone by being an agent of the mob plus loads more goodies for more info just text mat to 87021,121
ham,How are you doing? Hope you've settled in for the new school year. Just wishin you a gr8 day,how are you doing hope youve settled in for the new school year just wishin you a gr8 day,92
ham,Ok i found dis pierre cardin one which looks normal costs 20 its on sale.,ok i found dis pierre cardin one which looks normal costs 20 its on sale,73
spam,PRIVATE! Your 2003 Account Statement for 07815296484 shows 800 un-redeemed S.I.M. points. Call 08718738001 Identifier Code 41782 Expires 18/11/04 ,private your 2003 account statement for 07815296484 shows 800 unredeemed sim points call 08718738001 identifier code 41782 expires 181104 ,146
ham,Talk to g and x about that,talk to g and x about that,26
ham,"Yes but i dont care! I need you bad, princess!",yes but i dont care i need you bad princess,46
ham,K..k:)how about your training process?,kkhow about your training process,38
ham,Is it ok if I stay the night here? Xavier has a sleeping bag and I'm getting tired,is it ok if i stay the night here xavier has a sleeping bag and im getting tired,82
ham,Jokin only lar... :-) depends on which phone my father can get lor...,jokin only lar  depends on which phone my father can get lor,69
ham,Jus finished avatar nigro,jus finished avatar nigro,25
ham,My slave! I want you to take 2 or 3 pictures of yourself today in bright light on your cell phone! Bright light!,my slave i want you to take 2 or 3 pictures of yourself today in bright light on your cell phone bright light,112
ham,Watching ajith film ah?,watching ajith film ah,23
ham,How will I creep on you now? ;_;,how will i creep on you now ,32
ham,Does daddy have a bb now.,does daddy have a bb now,25
ham,Sorry i missed your call. Can you please call back.,sorry i missed your call can you please call back,51
ham,Good morning princess! Happy New Year!,good morning princess happy new year,38
ham,"MOON has come to color your dreams, STARS to make them musical and my SMS to give you warm and Peaceful Sleep. Good Night",moon has come to color your dreams stars to make them musical and my sms to give you warm and peaceful sleep good night,121
ham,"Thank you so much. When we skyped wit kz and sura, we didnt get the pleasure of your company. Hope you are good. We've given you ultimatum oh! We are countin down to aburo. Enjoy!",thank you so much when we skyped wit kz and sura we didnt get the pleasure of your company hope you are good weve given you ultimatum oh we are countin down to aburo enjoy,179
ham,"Fuck babe, I miss you sooooo much !! I wish you were here to sleep with me ... My bed is so lonely ... I go now, to sleep ... To dream of you, my love ...",fuck babe i miss you sooooo much  i wish you were here to sleep with me  my bed is so lonely  i go now to sleep  to dream of you my love ,154
ham,"Well the general price is  &lt;#&gt; /oz, let me know if/when/how much you want",well the general price is  ltgt oz let me know ifwhenhow much you want,79
ham,"Okey dokey, i‘ll be over in a bit just sorting some stuff out.",okey dokey ill be over in a bit just sorting some stuff out,62
ham,Will you be here for food,will you be here for food,25
ham,Hello! How's you and how did saturday go? I was just texting to see if you'd decided to do anything tomo. Not that i'm trying to invite myself or anything!,hello hows you and how did saturday go i was just texting to see if youd decided to do anything tomo not that im trying to invite myself or anything,155
ham,Then u ask darren go n pick u lor... But i oso sian tmr haf 2 meet lect...,then u ask darren go n pick u lor but i oso sian tmr haf 2 meet lect,74
ham,Aight should I just plan to come up later tonight?,aight should i just plan to come up later tonight,50
ham,"My life Means a lot to me, Not because I love my life, But because I love the people in my life, The world calls them friends, I call them my World:-).. Ge:-)..",my life means a lot to me not because i love my life but because i love the people in my life the world calls them friends i call them my world ge,160
ham,Kaiez... Enjoy ur tuition... Gee... Thk e second option sounds beta... I'll go yan jiu den msg u...,kaiez enjoy ur tuition gee thk e second option sounds beta ill go yan jiu den msg u,99
ham,Wrong phone! This phone! I answer this one but assume the other is people i don't well,wrong phone this phone i answer this one but assume the other is people i dont well,86
spam,"As a valued customer, I am pleased to advise you that following recent review of your Mob No. you are awarded with a £1500 Bonus Prize, call 09066364589",as a valued customer i am pleased to advise you that following recent review of your mob no you are awarded with a 1500 bonus prize call 09066364589,152
ham,Me n him so funny...,me n him so funny,20
ham,Watching tv lor. Nice one then i like lor.,watching tv lor nice one then i like lor,42
ham,on a Tuesday night r u 4 real,on a tuesday night r u 4 real,29
ham,Bognor it is! Should be splendid at this time of year.,bognor it is should be splendid at this time of year,54
ham,Kind of. Took it to garage. Centre part of exhaust needs replacing. Part ordered n taking it to be fixed tomo morning.,kind of took it to garage centre part of exhaust needs replacing part ordered n taking it to be fixed tomo morning,118
ham,Taka lor. Wat time u wan 2 come n look 4 us?,taka lor wat time u wan 2 come n look 4 us,44
ham,Its going good...no problem..but still need little experience to understand american customer voice...,its going goodno problembut still need little experience to understand american customer voice,102
ham,S:-)kallis wont play in first two odi:-),skallis wont play in first two odi,40
ham,Ok can...,ok can,9
spam,"Last Chance! Claim ur £150 worth of discount vouchers today! Text SHOP to 85023 now! SavaMob, offers mobile! T Cs SavaMob POBOX84, M263UZ. £3.00 Sub. 16",last chance claim ur 150 worth of discount vouchers today text shop to 85023 now savamob offers mobile t cs savamob pobox84 m263uz 300 sub 16,152
ham,I was about to do it when i texted. I finished a long time ago and showered and er'ything!,i was about to do it when i texted i finished a long time ago and showered and erything,90
ham,They will pick up and drop in car.so no problem..,they will pick up and drop in carso no problem,49
ham,One small prestige problem now.,one small prestige problem now,31
ham,"Mostly sports type..lyk footbl,crckt..",mostly sports typelyk footblcrckt,38
ham,I‘ll have a look at the frying pan in case it‘s cheap or a book perhaps. No that‘s silly a frying pan isn‘t likely to be a book,ill have a look at the frying pan in case its cheap or a book perhaps no thats silly a frying pan isnt likely to be a book,127
spam,Natalja (25/F) is inviting you to be her friend. Reply YES-440 or NO-440 See her: www.SMS.ac/u/nat27081980 STOP? Send STOP FRND to 62468,natalja 25f is inviting you to be her friend reply yes440 or no440 see her wwwsmsacunat27081980 stop send stop frnd to 62468,136
ham,Hey anyway i have to :-),hey anyway i have to ,24
ham,"Alright, we're all set here, text the man",alright were all set here text the man,41
ham,Alex knows a guy who sells mids but he's down in south tampa and I don't think I could set it up before like 8,alex knows a guy who sells mids but hes down in south tampa and i dont think i could set it up before like 8,110
ham,Sorry dude. Dont know how i forgot. Even after Dan reminded me. Sorry. Hope you guys had fun.,sorry dude dont know how i forgot even after dan reminded me sorry hope you guys had fun,93
ham,7 lor... Change 2 suntec... Wat time u coming?,7 lor change 2 suntec wat time u coming,46
spam,Guess what! Somebody you know secretly fancies you! Wanna find out who it is? Give us a call on 09065394973 from Landline DATEBox1282EssexCM61XN 150p/min 18,guess what somebody you know secretly fancies you wanna find out who it is give us a call on 09065394973 from landline datebox1282essexcm61xn 150pmin 18,156
ham,Omg if its not one thing its another. My cat has worms :/ when does this bad day end?,omg if its not one thing its another my cat has worms  when does this bad day end,85
ham,What's your room number again? Wanna make sure I'm knocking on the right door,whats your room number again wanna make sure im knocking on the right door,77
ham,Great! I have to run now so ttyl!,great i have to run now so ttyl,33
ham,Once free call me sir.,once free call me sir,22
ham,Tmr then ü brin lar... Aiya later i come n c lar... Mayb ü neva set properly ü got da help sheet wif ü...,tmr then  brin lar aiya later i come n c lar mayb  neva set properly  got da help sheet wif ,105
ham,Gokila is talking with you aha:),gokila is talking with you aha,32
ham,We walked from my moms. Right on stagwood pass right on winterstone left on victors hill. Address is &lt;#&gt;,we walked from my moms right on stagwood pass right on winterstone left on victors hill address is ltgt,110
ham,Is avatar supposed to have subtoitles,is avatar supposed to have subtoitles,37
ham,Lol I know! They're so dramatic. Schools already closed for tomorrow. Apparently we can't drive in the inch of snow were supposed to get.,lol i know theyre so dramatic schools already closed for tomorrow apparently we cant drive in the inch of snow were supposed to get,137
ham,Yar i wanted 2 scold u yest but late already... I where got zhong se qing you? If u ask me b4 he ask me then i'll go out w u all lor. N u still can act so real.,yar i wanted 2 scold u yest but late already i where got zhong se qing you if u ask me b4 he ask me then ill go out w u all lor n u still can act so real,160
ham,"And very importantly, all we discuss is between u and i only.",and very importantly all we discuss is between u and i only,61
ham,Weightloss! No more girl friends. Make loads of money on ebay or something. And give thanks to God.,weightloss no more girl friends make loads of money on ebay or something and give thanks to god,99
ham,"I'll see, but prolly yeah",ill see but prolly yeah,25
ham,Yes..he is really great..bhaji told kallis best cricketer after sachin in world:).very tough to get out.,yeshe is really greatbhaji told kallis best cricketer after sachin in worldvery tough to get out,104
ham,About  &lt;#&gt; bucks. The banks fees are fixed. Better to call the bank and find out.,about  ltgt bucks the banks fees are fixed better to call the bank and find out,87
ham,"Actually nvm, got hella cash, we still on for  &lt;#&gt; ish?",actually nvm got hella cash we still on for  ltgt ish,61
ham,Why nothing. Ok anyway give me treat,why nothing ok anyway give me treat,36
ham,Your account has been refilled successfully by INR  &lt;DECIMAL&gt; . Your KeralaCircle prepaid account balance is Rs  &lt;DECIMAL&gt; . Your Transaction ID is KR &lt;#&gt; .,your account has been refilled successfully by inr  ltdecimalgt  your keralacircle prepaid account balance is rs  ltdecimalgt  your transaction id is kr ltgt ,174
ham,Ugh. Gotta drive back to sd from la. My butt is sore.,ugh gotta drive back to sd from la my butt is sore,53
ham,No messages on her phone. I'm holding it now,no messages on her phone im holding it now,44
ham,Change windows logoff sound..,change windows logoff sound,29
ham,"Sorry about earlier. Putting out fires.Are you around to talk after 9? Or do you actually have a life, lol!",sorry about earlier putting out firesare you around to talk after 9 or do you actually have a life lol,107
ham,Lol ... I knew that .... I saw him in the dollar store,lol  i knew that  i saw him in the dollar store,54
spam,Call 09095350301 and send our girls into erotic ecstacy. Just 60p/min. To stop texts call 08712460324 (nat rate),call 09095350301 and send our girls into erotic ecstacy just 60pmin to stop texts call 08712460324 nat rate,112
ham,Reckon need to be in town by eightish to walk from * carpark.,reckon need to be in town by eightish to walk from  carpark,61
ham,Stop knowing me so well!,stop knowing me so well,24
ham,Actually i deleted my old website..now i m blogging at magicalsongs.blogspot.com,actually i deleted my old websitenow i m blogging at magicalsongsblogspotcom,80
ham,"Dear,shall mail tonite.busy in the street,shall update you tonite.things are looking ok.varunnathu edukkukayee raksha ollu.but a good one in real sense.",dearshall mail tonitebusy in the streetshall update you tonitethings are looking okvarunnathu edukkukayee raksha ollubut a good one in real sense,152
ham,"Awesome, lemme know whenever you're around",awesome lemme know whenever youre around,42
ham,Lmao!nice 1,lmaonice 1,11
ham,Am i that much bad to avoid like this?,am i that much bad to avoid like this,38
ham,"A boy was late 2 home. His father: ""POWER OF FRNDSHIP""",a boy was late 2 home his father power of frndship,54
ham,I have a rather prominent bite mark on my right cheek,i have a rather prominent bite mark on my right cheek,53
spam,Want 2 get laid tonight? Want real Dogging locations sent direct 2 ur mob? Join the UK's largest Dogging Network bt Txting GRAVEL to 69888! Nt. ec2a. 31p.msg@150p,want 2 get laid tonight want real dogging locations sent direct 2 ur mob join the uks largest dogging network bt txting gravel to 69888 nt ec2a 31pmsg150p,162
spam,We tried to contact you re your reply to our offer of 750 mins 150 textand a new video phone call 08002988890 now or reply for free delivery tomorrow,we tried to contact you re your reply to our offer of 750 mins 150 textand a new video phone call 08002988890 now or reply for free delivery tomorrow,149
ham,"Nothing really, just making sure everybody's up to speed",nothing really just making sure everybodys up to speed,56
spam,Had your mobile 11 months or more? U R entitled to Update to the latest colour mobiles with camera for Free! Call The Mobile Update Co FREE on 08002986030,had your mobile 11 months or more u r entitled to update to the latest colour mobiles with camera for free call the mobile update co free on 08002986030,154
ham,"Watching cartoon, listening music &amp; at eve had to go temple &amp; church.. What about u?",watching cartoon listening music amp at eve had to go temple amp church what about u,92
spam,"FREE2DAY sexy St George's Day pic of Jordan!Txt PIC to 89080 dont miss out, then every wk a saucy celeb!4 more pics c PocketBabe.co.uk 0870241182716 £3/wk",free2day sexy st georges day pic of jordantxt pic to 89080 dont miss out then every wk a saucy celeb4 more pics c pocketbabecouk 0870241182716 3wk,154
ham,My sort code is  and acc no is . The bank is natwest. Can you reply to confirm i've sent this to the right person!,my sort code is  and acc no is  the bank is natwest can you reply to confirm ive sent this to the right person,114
ham,Ok I'm gonna head up to usf in like fifteen minutes,ok im gonna head up to usf in like fifteen minutes,51
ham,"I know dat feelin had it with Pete! Wuld get with em , nuther place nuther time mayb?",i know dat feelin had it with pete wuld get with em  nuther place nuther time mayb,85
ham,Ya very nice. . .be ready on thursday,ya very nice  be ready on thursday,37
ham,Hey gorgeous man. My work mobile number is. Have a good one babe. Squishy Mwahs.,hey gorgeous man my work mobile number is have a good one babe squishy mwahs,80
ham,WHEN THE FIRST STRIKE IS A RED ONE. THE BIRD + ANTELOPE BEGIN TOPLAY IN THE FIELDOF SELFINDEPENDENCE BELIEVE THIS + THE FLOWER OF CONTENTION WILL GROW.RANDOM!,when the first strike is a red one the bird  antelope begin toplay in the fieldof selfindependence believe this  the flower of contention will growrandom,158
ham,I went to ur hon lab but no one is there.,i went to ur hon lab but no one is there,41
ham,Let's pool our money together and buy a bunch of lotto tickets. If we win I get &lt;#&gt; % u get &lt;#&gt; %. Deal?,lets pool our money together and buy a bunch of lotto tickets if we win i get ltgt  u get ltgt  deal,116
ham,I've reached home n i bathe liao... U can call me now...,ive reached home n i bathe liao u can call me now,56
ham,Good morning. At the repair shop--the ONLY reason i'm up at this hour.,good morning at the repair shopthe only reason im up at this hour,70
spam,okmail: Dear Dave this is your final notice to collect your 4* Tenerife Holiday or #5000 CASH award! Call 09061743806 from landline. TCs SAE Box326 CW25WX 150ppm,okmail dear dave this is your final notice to collect your 4 tenerife holiday or 5000 cash award call 09061743806 from landline tcs sae box326 cw25wx 150ppm,161
spam,Hope you enjoyed your new content. text stop to 61610 to unsubscribe. help:08712400602450p Provided by tones2you.co.uk,hope you enjoyed your new content text stop to 61610 to unsubscribe help08712400602450p provided by tones2youcouk,118
ham,I am late. I will be there at,i am late i will be there at,29
ham,I luv u soo much u dont understand how special u r 2 me ring u 2morrow luv u xxx,i luv u soo much u dont understand how special u r 2 me ring u 2morrow luv u xxx,81
ham,Id onluy matters when getting on from offcampus,id onluy matters when getting on from offcampus,47
ham,I'm leaving my house now.,im leaving my house now,25
ham,When did you get to the library,when did you get to the library,31
ham,Erutupalam thandiyachu,erutupalam thandiyachu,22
ham,"Oops I did have it,  &lt;#&gt; ?",oops i did have it  ltgt ,32
ham,Ü mean it's confirmed... I tot they juz say oni... Ok then... , mean its confirmed i tot they juz say oni ok then ,62
ham,But am going to college pa. What to do. are else ill come there it self. Pa.,but am going to college pa what to do are else ill come there it self pa,76
ham,Ummma.will call after check in.our life will begin from qatar so pls pray very hard.,ummmawill call after check inour life will begin from qatar so pls pray very hard,84
spam,Marvel Mobile Play the official Ultimate Spider-man game (£4.50) on ur mobile right now. Text SPIDER to 83338 for the game & we ll send u a FREE 8Ball wallpaper,marvel mobile play the official ultimate spiderman game 450 on ur mobile right now text spider to 83338 for the game  we ll send u a free 8ball wallpaper,160
ham,"Life is more strict than teacher... Bcoz Teacher teaches lesson &amp; then conducts exam, But Life first conducts Exam &amp; then teaches Lessons. Happy morning. . .",life is more strict than teacher bcoz teacher teaches lesson amp then conducts exam but life first conducts exam amp then teaches lessons happy morning  ,165
spam,"Update_Now - Xmas Offer! Latest Motorola, SonyEricsson & Nokia & FREE Bluetooth! Double Mins & 1000 Txt on Orange. Call MobileUpd8 on 08000839402 or call2optout/F4Q=",updatenow  xmas offer latest motorola sonyericsson  nokia  free bluetooth double mins  1000 txt on orange call mobileupd8 on 08000839402 or call2optoutf4q,165
ham,Oh k.k..where did you take test?,oh kkwhere did you take test,32
ham,Y?WHERE U AT DOGBREATH? ITS JUST SOUNDING LIKE JAN C THATS AL!!!!!!!!!,ywhere u at dogbreath its just sounding like jan c thats al,71
spam,83039 62735=£450 UK Break AccommodationVouchers terms & conditions apply. 2 claim you mustprovide your claim number which is 15541 ,83039 62735450 uk break accommodationvouchers terms  conditions apply 2 claim you mustprovide your claim number which is 15541 ,131
spam,"Oh my god! I've found your number again! I'm so glad, text me back xafter this msgs cst std ntwk chg £1.50",oh my god ive found your number again im so glad text me back xafter this msgs cst std ntwk chg 150,106
spam,TBS/PERSOLVO. been chasing us since Sept for£38 definitely not paying now thanks to your information. We will ignore them. Kath. Manchester.,tbspersolvo been chasing us since sept for38 definitely not paying now thanks to your information we will ignore them kath manchester,140
spam,Knock Knock Txt whose there to 80082 to enter r weekly draw 4 a £250 gift voucher 4 a store of yr choice. T&Cs www.tkls.com age16 to stoptxtstop£1.50/week,knock knock txt whose there to 80082 to enter r weekly draw 4 a 250 gift voucher 4 a store of yr choice tcs wwwtklscom age16 to stoptxtstop150week,154
ham,"Sounds good, keep me posted",sounds good keep me posted,27
ham,She.s find. I sent you an offline message to know how anjola's now.,shes find i sent you an offline message to know how anjolas now,67
ham,"The sign of maturity is not when we start saying big things.. But actually it is, when we start understanding small things... *HAVE A NICE EVENING* BSLVYL",the sign of maturity is not when we start saying big things but actually it is when we start understanding small things have a nice evening bslvyl,154
ham,Where are the garage keys? They aren't on the bookshelf,where are the garage keys they arent on the bookshelf,55
ham,Ok lar i double check wif da hair dresser already he said wun cut v short. He said will cut until i look nice.,ok lar i double check wif da hair dresser already he said wun cut v short he said will cut until i look nice,110
spam,money!!! you r a lucky winner ! 2 claim your prize text money 2 88600 over £1million to give away ! ppt150x3+normal text rate box403 w1t1jy,money you r a lucky winner  2 claim your prize text money 2 88600 over 1million to give away  ppt150x3normal text rate box403 w1t1jy,139
ham,Yes I posted a couple of pics on fb. There's still snow outside too. I'm just waking up :),yes i posted a couple of pics on fb theres still snow outside too im just waking up ,90
ham,I'm putting it on now. It should be ready for  &lt;TIME&gt; ,im putting it on now it should be ready for  lttimegt ,60
ham,Yup i thk they r e teacher said that will make my face look longer. Darren ask me not 2 cut too short.,yup i thk they r e teacher said that will make my face look longer darren ask me not 2 cut too short,102
ham,Den wat will e schedule b lk on sun?,den wat will e schedule b lk on sun,36
ham,"Just looked it up and addie goes back Monday, sucks to be her",just looked it up and addie goes back monday sucks to be her,61
ham,True dear..i sat to pray evening and felt so.so i sms'd you in some time...,true deari sat to pray evening and felt soso i smsd you in some time,75
ham,Hi dis is yijue i would be happy to work wif ü all for gek1510...,hi dis is yijue i would be happy to work wif  all for gek1510,65
ham,"My mobile number.pls sms ur mail id.convey regards to achan,amma.Rakhesh.Qatar",my mobile numberpls sms ur mail idconvey regards to achanammarakheshqatar,78
ham,"Under the sea, there lays a rock. In the rock, there is an envelope. In the envelope, there is a paper. On the paper, there are 3 words... '",under the sea there lays a rock in the rock there is an envelope in the envelope there is a paper on the paper there are 3 words ,140
ham,Hope you are not scared!,hope you are not scared,24
ham,Every monday..nxt week vl be completing..,every mondaynxt week vl be completing,41
ham,I have gone into get info bt dont know what to do,i have gone into get info bt dont know what to do,49
ham,"Dear relieved of westonzoyland, all going to plan this end too!",dear relieved of westonzoyland all going to plan this end too,63
ham,Purity of friendship between two is not about smiling after reading the forwarded message..Its about smiling just by seeing the name. Gud evng musthu,purity of friendship between two is not about smiling after reading the forwarded messageits about smiling just by seeing the name gud evng musthu,149
ham,Dunno i juz askin cos i got a card got 20% off 4 a salon called hair sense so i tot it's da one ü cut ur hair. ,dunno i juz askin cos i got a card got 20 off 4 a salon called hair sense so i tot its da one  cut ur hair ,111
spam,"UpgrdCentre Orange customer, you may now claim your FREE CAMERA PHONE upgrade for your loyalty. Call now on 0207 153 9153. Offer ends 26th July. T&C's apply. Opt-out available",upgrdcentre orange customer you may now claim your free camera phone upgrade for your loyalty call now on 0207 153 9153 offer ends 26th july tcs apply optout available,175
ham,Do ü noe if ben is going?,do  noe if ben is going,25
ham,Wow v v impressed. Have funs shopping!,wow v v impressed have funs shopping,38
ham,Yar lor actually we quite fast... Cos da ge slow wat... Haha...,yar lor actually we quite fast cos da ge slow wat haha,63
ham,Miles and smiles r made frm same letters but do u know d difference..? smile on ur face keeps me happy even though I am miles away from u.. :-)keep smiling.. Good nyt,miles and smiles r made frm same letters but do u know d difference smile on ur face keeps me happy even though i am miles away from u keep smiling good nyt,166
ham,I have 2 docs appointments next week.:/ I'm tired of them shoving stuff up me. Ugh why couldn't I have had a normal body?,i have 2 docs appointments next week im tired of them shoving stuff up me ugh why couldnt i have had a normal body,121
ham,You should get more chicken broth if you want ramen unless there's some I don't know about,you should get more chicken broth if you want ramen unless theres some i dont know about,90
ham,I will treasure every moment we spend together...,i will treasure every moment we spend together,49
ham,I thk 530 lor. But dunno can get tickets a not. Wat u doing now?,i thk 530 lor but dunno can get tickets a not wat u doing now,64
ham,Yes we were outside for like 2 hours. And I called my whole family to wake them up cause it started at 1 am,yes we were outside for like 2 hours and i called my whole family to wake them up cause it started at 1 am,107
ham,Oh that was a forwarded message. I thought you send that to me,oh that was a forwarded message i thought you send that to me,62
ham,Are you there in room.,are you there in room,22
ham,Ya even those cookies have jelly on them,ya even those cookies have jelly on them,40
ham,;-) ok. I feel like john lennon., ok i feel like john lennon,32
ham,I wonder if you'll get this text?,i wonder if youll get this text,33
ham,"True. It is passable. And if you get a high score and apply for phd, you get 5years of salary. So it makes life easier.",true it is passable and if you get a high score and apply for phd you get 5years of salary so it makes life easier,119
spam,ree entry in 2 a weekly comp for a chance to win an ipod. Txt POD to 80182 to get entry (std txt rate) T&C's apply 08452810073 for details 18+,ree entry in 2 a weekly comp for a chance to win an ipod txt pod to 80182 to get entry std txt rate tcs apply 08452810073 for details 18,142
ham,Okay same with me. Well thanks for the clarification,okay same with me well thanks for the clarification,52
ham,Ha... Then we must walk to everywhere... Cannot take tram. My cousin said can walk to vic market from our hotel ,ha then we must walk to everywhere cannot take tram my cousin said can walk to vic market from our hotel ,112
ham,S da..al r above  &lt;#&gt;,s daal r above  ltgt,27
ham,No * am working on the ringing u thing but have whole houseful of screaming brats so * am pulling my hair out! Loving u,no  am working on the ringing u thing but have whole houseful of screaming brats so  am pulling my hair out loving u,119
ham,Can help u swoop by picking u up from wherever ur other birds r meeting if u want.,can help u swoop by picking u up from wherever ur other birds r meeting if u want,82
ham,Are you still getting the goods.,are you still getting the goods,32
ham,"""YEH I AM DEF UP4 SOMETHING SAT,JUST GOT PAYED2DAY & I HAVBEEN GIVEN A£50 PAY RISE 4MY WORK & HAVEBEEN MADE PRESCHOOLCO-ORDINATOR 2I AM FEELINGOOD LUV""",yeh i am def up4 something satjust got payed2day  i havbeen given a50 pay rise 4my work  havebeen made preschoolcoordinator 2i am feelingood luv,151
ham,They r giving a second chance to rahul dengra.,they r giving a second chance to rahul dengra,46
ham,Yupz... I've oredi booked slots 4 my weekends liao... ,yupz ive oredi booked slots 4 my weekends liao ,54
ham,my ex-wife was not able to have kids. Do you want kids one day?,my exwife was not able to have kids do you want kids one day,63
ham,Thanks for being there for me just to talk to on saturday. You are very dear to me. I cherish having you as a brother and role model.,thanks for being there for me just to talk to on saturday you are very dear to me i cherish having you as a brother and role model,133
ham,"Give her something to drink, if she takes it and doesn't vomit then you her temp might drop. If she unmits however let me know.",give her something to drink if she takes it and doesnt vomit then you her temp might drop if she unmits however let me know,127
ham,I'm at work. Please call,im at work please call,24
ham,Nvm... I'm going to wear my sport shoes anyway... I'm going to be late leh.,nvm im going to wear my sport shoes anyway im going to be late leh,75
ham,"Awesome, text me when you're restocked",awesome text me when youre restocked,38
ham,have got * few things to do. may be in * pub later.,have got  few things to do may be in  pub later,51
ham,Still chance there. If you search hard you will get it..let have a try :),still chance there if you search hard you will get itlet have a try ,73
ham,Smile in Pleasure Smile in Pain Smile when trouble pours like Rain Smile when sum1 Hurts U Smile becoz SOMEONE still Loves to see u Smiling!!,smile in pleasure smile in pain smile when trouble pours like rain smile when sum1 hurts u smile becoz someone still loves to see u smiling,141
spam,PRIVATE! Your 2003 Account Statement for shows 800 un-redeemed S. I. M. points. Call 08718738002 Identifier Code: 48922 Expires 21/11/04,private your 2003 account statement for shows 800 unredeemed s i m points call 08718738002 identifier code 48922 expires 211104,136
ham,Nice.nice.how is it working?,nicenicehow is it working,28
ham,Thats cool. How was your day?,thats cool how was your day,29
ham,"sry can't talk on phone, with parents",sry cant talk on phone with parents,37
ham,So u wan 2 come for our dinner tonight a not?,so u wan 2 come for our dinner tonight a not,45
ham,Ya:)going for restaurant..,yagoing for restaurant,26
ham,Teach me apps da. When you come to college.,teach me apps da when you come to college,43
ham,Minimum walk is 3miles a day.,minimum walk is 3miles a day,29
ham,"It's not that you make me cry. It's just that when all our stuff happens on top of everything else, it pushes me over the edge. You don't underdtand how often i cry over my sorry, sorry life.",its not that you make me cry its just that when all our stuff happens on top of everything else it pushes me over the edge you dont underdtand how often i cry over my sorry sorry life,191
ham,Slaaaaave ! Where are you ? Must I summon you to me all the time now ? Don't you wish to come to me on your own anymore?,slaaaaave  where are you  must i summon you to me all the time now  dont you wish to come to me on your own anymore,120
ham,"A cute thought for friendship: ""Its not necessary to share every secret with ur close Frnd, but watever u shared should be true""....",a cute thought for friendship its not necessary to share every secret with ur close frnd but watever u shared should be true,132
ham,Yeah do! Don‘t stand to close tho- you‘ll catch something!,yeah do dont stand to close tho youll catch something,58
ham,Please give it 2  or i will pick it up on Tuesday evening about 8 if that is ok.,please give it 2  or i will pick it up on tuesday evening about 8 if that is ok,80
spam,Adult 18 Content Your video will be with you shortly,adult 18 content your video will be with you shortly,52
ham,Happy New Year Princess!,happy new year princess,24
spam,URGENT This is our 2nd attempt to contact U. Your £900 prize from YESTERDAY is still awaiting collection. To claim CALL NOW 09061702893. ACL03530150PM,urgent this is our 2nd attempt to contact u your 900 prize from yesterday is still awaiting collection to claim call now 09061702893 acl03530150pm,150
ham,I am not sure about night menu. . . I know only about noon menu,i am not sure about night menu   i know only about noon menu,63
ham,"He has lots of used ones babe, but the model doesn't help. Youi have to bring it over and he'll match it up",he has lots of used ones babe but the model doesnt help youi have to bring it over and hell match it up,107
ham,Ok...,ok,5
ham,"Haha I heard that, text me when you're around",haha i heard that text me when youre around,45
ham,Yetunde i'm in class can you not run water on it to make it ok. Pls now.,yetunde im in class can you not run water on it to make it ok pls now,72
ham,"Fighting with the world is easy, u either win or lose bt fightng with some1 who is close to u is dificult if u lose - u lose if u win - u still lose.",fighting with the world is easy u either win or lose bt fightng with some1 who is close to u is dificult if u lose  u lose if u win  u still lose,149
ham,:( but your not here...., but your not here,24
ham,WOT U WANNA DO THEN MISSY?,wot u wanna do then missy,26
ham,Oh all have to come ah?,oh all have to come ah,23
ham,Why didn't u call on your lunch?,why didnt u call on your lunch,32
ham,Where in abj are you serving. Are you staying with dad or alone.,where in abj are you serving are you staying with dad or alone,64
ham,If he started searching he will get job in few days.he have great potential and talent.,if he started searching he will get job in few dayshe have great potential and talent,87
spam,8007 25p 4 Alfie Moon's Children in Need song on ur mob. Tell ur m8s. Txt TONE CHARITY to 8007 for nokias or POLY CHARITY for polys :zed 08701417012 profit 2 charity ,8007 25p 4 alfie moons children in need song on ur mob tell ur m8s txt tone charity to 8007 for nokias or poly charity for polys zed 08701417012 profit 2 charity ,166
ham,I had askd u a question some hours before. Its answer,i had askd u a question some hours before its answer,53
ham,Great! I shoot big loads so get ready!,great i shoot big loads so get ready,38
ham,"And that's fine, I got enough bud to last most of the night at least",and thats fine i got enough bud to last most of the night at least,68
ham,G wants to know where the fuck you are,g wants to know where the fuck you are,38
ham,So ü pay first lar... Then when is da stock comin...,so  pay first lar then when is da stock comin,52
ham,"I av a new number,  . Wil u only use this one,ta.",i av a new number   wil u only use this oneta,49
ham,Are you coming to day for class.,are you coming to day for class,32
ham,Double eviction this week - Spiral and Michael and good riddance to them!,double eviction this week  spiral and michael and good riddance to them,73
ham,That seems unnecessarily affectionate,that seems unnecessarily affectionate,37
ham,"Haha get used to driving to usf man, I know a lot of stoners",haha get used to driving to usf man i know a lot of stoners,60
ham,Good afternoon my boytoy. How goes that walking here and there day ? Did you get that police abstract? Are you still out and about? I wake and miss you babe,good afternoon my boytoy how goes that walking here and there day  did you get that police abstract are you still out and about i wake and miss you babe,156
ham,"I call you later, don't have network. If urgnt, sms me.",i call you later dont have network if urgnt sms me,55
ham,Ya very nice. . .be ready on thursday,ya very nice  be ready on thursday,37
ham,I cant pick the phone right now. Pls send a message,i cant pick the phone right now pls send a message,51
ham,Oh shut it. Omg yesterday I had a dream that I had 2 kids both boys. I was so pissed. Not only about the kids but them being boys. I even told mark in my dream that he was changing diapers cause I'm not getting owed in the face.,oh shut it omg yesterday i had a dream that i had 2 kids both boys i was so pissed not only about the kids but them being boys i even told mark in my dream that he was changing diapers cause im not getting owed in the face,228
ham,Dear how you. Are you ok?,dear how you are you ok,25
spam,You have an important customer service announcement from PREMIER.,you have an important customer service announcement from premier,65
ham,The new deus ex game comin early next yr,the new deus ex game comin early next yr,40
ham,"1) Go to write msg 2) Put on Dictionary mode 3)Cover the screen with hand, 4)Press  &lt;#&gt; . 5)Gently remove Ur hand.. Its interesting..:)",1 go to write msg 2 put on dictionary mode 3cover the screen with hand 4press  ltgt  5gently remove ur hand its interesting,141
ham,So u workin overtime nigpun?,so u workin overtime nigpun,28
ham,"Abeg, make profit. But its a start. Are you using it to get sponsors for the next event?",abeg make profit but its a start are you using it to get sponsors for the next event,88
ham,So when do you wanna gym?,so when do you wanna gym,25
ham,MAKE SURE ALEX KNOWS HIS BIRTHDAY IS OVER IN FIFTEEN MINUTES AS FAR AS YOU'RE CONCERNED,make sure alex knows his birthday is over in fifteen minutes as far as youre concerned,87
ham,Wat time do u wan 2 meet me later?,wat time do u wan 2 meet me later,34
spam,Ur ringtone service has changed! 25 Free credits! Go to club4mobiles.com to choose content now! Stop? txt CLUB STOP to 87070. 150p/wk Club4 PO Box1146 MK45 2WT,ur ringtone service has changed 25 free credits go to club4mobilescom to choose content now stop txt club stop to 87070 150pwk club4 po box1146 mk45 2wt,159
ham,Its good to hear from you,its good to hear from you,25
ham,"Sorry, was in the bathroom, sup",sorry was in the bathroom sup,31
ham,Oh k.i think most of wi and nz players unsold.,oh ki think most of wi and nz players unsold,46
ham,S...from the training manual it show there is no tech process:)its all about password reset and troubleshooting:),sfrom the training manual it show there is no tech processits all about password reset and troubleshooting,113
ham,Good. No swimsuit allowed :),good no swimsuit allowed ,28
ham,"I think we're going to finn's now, come",i think were going to finns now come,39
ham,"Sorry, I'll call later",sorry ill call later,22
ham,I though we shd go out n have some fun so bar in town or something – sound ok?,i though we shd go out n have some fun so bar in town or something  sound ok,78
ham,I'm fine. Hope you are also,im fine hope you are also,27
ham,NEFT Transaction with reference number  &lt;#&gt;  for Rs. &lt;DECIMAL&gt;  has been credited to the beneficiary account on  &lt;#&gt;  at  &lt;TIME&gt; : &lt;#&gt;,neft transaction with reference number  ltgt  for rs ltdecimalgt  has been credited to the beneficiary account on  ltgt  at  lttimegt  ltgt,164
ham,Just wanted to say holy shit you guys weren't kidding about this bud,just wanted to say holy shit you guys werent kidding about this bud,68
ham,i felt so...not any conveying reason.. Ese he... What about me?,i felt sonot any conveying reason ese he what about me,63
ham,What do u want when i come back?.a beautiful necklace as a token of my heart for you.thats what i will give but ONLY to MY WIFE OF MY LIKING.BE THAT AND SEE..NO ONE can give you that.dont call me.i will wait till i come.,what do u want when i come backa beautiful necklace as a token of my heart for youthats what i will give but only to my wife of my likingbe that and seeno one can give you thatdont call mei will wait till i come,220
ham,Thanx 4 e brownie it's v nice...,thanx 4 e brownie its v nice,32
spam,TheMob>Yo yo yo-Here comes a new selection of hot downloads for our members to get for FREE! Just click & open the next link sent to ur fone...,themobyo yo yohere comes a new selection of hot downloads for our members to get for free just click  open the next link sent to ur fone,143
ham,"I can probably come by, everybody's done around  &lt;#&gt;  right?",i can probably come by everybodys done around  ltgt  right,66
ham,I was at bugis juz now wat... But now i'm walking home oredi... Ü so late then reply... I oso saw a top dat i like but din buy... Where r ü now? ,i was at bugis juz now wat but now im walking home oredi  so late then reply i oso saw a top dat i like but din buy where r  now ,145
ham,Happy birthday to you....dear.with lots of love.rakhesh NRI,happy birthday to youdearwith lots of loverakhesh nri,59
ham,HI ITS KATE CAN U GIVE ME A RING ASAP XXX,hi its kate can u give me a ring asap xxx,41
spam,"1000's flirting NOW! Txt GIRL or BLOKE & ur NAME & AGE, eg GIRL ZOE 18 to 8007 to join and get chatting!",1000s flirting now txt girl or bloke  ur name  age eg girl zoe 18 to 8007 to join and get chatting,104
ham,What was she looking for?,what was she looking for,25
ham,Hi. Hope you had a good day. Have a better night.,hi hope you had a good day have a better night,49
ham,So dont use hook up any how,so dont use hook up any how,27
ham,"Goodmorning, Today i am late for  &lt;#&gt; min.",goodmorning today i am late for  ltgt min,48
ham,Yar lor wait 4 my mum 2 finish sch then have lunch lor... I whole morning stay at home clean my room now my room quite clean... Hee...,yar lor wait 4 my mum 2 finish sch then have lunch lor i whole morning stay at home clean my room now my room quite clean hee,134
ham,Carry on not disturbing both of you,carry on not disturbing both of you,35
ham,"Sad story of a Man - Last week was my b'day. My Wife did'nt wish me. My Parents forgot n so did my Kids . I went to work. Even my Colleagues did not wish. As I entered my cabin my PA said, '' Happy B'day Boss !!''. I felt special. She askd me 4 lunch. After lunch she invited me to her apartment. We went there. She said,'' do u mind if I go into the bedroom for a minute ? '' ''OK'', I sed in a sexy mood. She came out 5 minuts latr wid a cake...n My Wife, My Parents, My Kidz, My Friends n My Colleagues. All screaming.. SURPRISE !! and I was waiting on the sofa.. ... ..... ' NAKED...!",sad story of a man  last week was my bday my wife didnt wish me my parents forgot n so did my kids  i went to work even my colleagues did not wish as i entered my cabin my pa said  happy bday boss  i felt special she askd me 4 lunch after lunch she invited me to her apartment we went there she said do u mind if i go into the bedroom for a minute   ok i sed in a sexy mood she came out 5 minuts latr wid a caken my wife my parents my kidz my friends n my colleagues all screaming surprise  and i was waiting on the sofa    naked,588
ham,Do I? I thought I put it back in the box,do i i thought i put it back in the box,40
ham,Not course. Only maths one day one chapter with in one month we can finish.,not course only maths one day one chapter with in one month we can finish,75
ham,Yup i'm still having coffee wif my frens... My fren drove she'll give me a lift...,yup im still having coffee wif my frens my fren drove shell give me a lift,82
spam,u r a winner U ave been specially selected 2 receive £1000 cash or a 4* holiday (flights inc) speak to a live operator 2 claim 0871277810710p/min (18 ),u r a winner u ave been specially selected 2 receive 1000 cash or a 4 holiday flights inc speak to a live operator 2 claim 0871277810710pmin 18 ,151
ham,They have a thread on the wishlist section of the forums where ppl post nitro requests. Start from the last page and collect from the bottom up.,they have a thread on the wishlist section of the forums where ppl post nitro requests start from the last page and collect from the bottom up,144
ham,"""Im on gloucesterroad what are uup to later?""",im on gloucesterroad what are uup to later,45
spam,You have WON a guaranteed £1000 cash or a £2000 prize.To claim yr prize call our customer service representative on,you have won a guaranteed 1000 cash or a 2000 prizeto claim yr prize call our customer service representative on,115
ham,All e best 4 ur driving tmr :-),all e best 4 ur driving tmr ,31
ham,Ok lor wat time ü finish?,ok lor wat time  finish,25
ham,I will once i get home,i will once i get home,22
ham,You will go to walmart. I.ll stay.,you will go to walmart ill stay,34
ham,I can ask around but there's not a lot in terms of mids up here,i can ask around but theres not a lot in terms of mids up here,63
spam,from www.Applausestore.com MonthlySubscription@50p/msg max6/month T&CsC web age16 2stop txt stop,from wwwapplausestorecom monthlysubscription50pmsg max6month tcsc web age16 2stop txt stop,96
ham,What's up. Do you want me to come online?,whats up do you want me to come online,41
spam,Great NEW Offer - DOUBLE Mins & DOUBLE Txt on best Orange tariffs AND get latest camera phones 4 FREE! Call MobileUpd8 free on 08000839402 NOW! or 2stoptxt T&Cs,great new offer  double mins  double txt on best orange tariffs and get latest camera phones 4 free call mobileupd8 free on 08000839402 now or 2stoptxt tcs,160
ham,Finally the match heading towards draw as your prediction.,finally the match heading towards draw as your prediction,58
ham,Yes. It's all innocent fun. O:-),yes its all innocent fun o,32
ham,"By the way, i've put a skip right outside the front of the house so you can see which house it is. Just pull up before it.",by the way ive put a skip right outside the front of the house so you can see which house it is just pull up before it,122
ham,I wont touch you with out your permission.,i wont touch you with out your permission,42
ham,Cuz ibored. And don wanna study,cuz ibored and don wanna study,31
ham,"Greetings me, ! Consider yourself excused.",greetings me  consider yourself excused,42
spam,"New Tones This week include: 1)McFly-All Ab.., 2) Sara Jorge-Shock.. 3) Will Smith-Switch.. To order follow instructions on next message",new tones this week include 1mcflyall ab 2 sara jorgeshock 3 will smithswitch to order follow instructions on next message,136
ham,"""Wen u miss someone, the person is definitely special for u..... But if the person is so special, why to miss them, just Keep-in-touch"" gdeve..",wen u miss someone the person is definitely special for u but if the person is so special why to miss them just keepintouch gdeve,143
ham,Great. Hope you are using your connections from mode men also cos you can never know why old friends can lead you to today,great hope you are using your connections from mode men also cos you can never know why old friends can lead you to today,122
ham,"There're some people by mu, I'm at the table by lambda",therere some people by mu im at the table by lambda,54
ham,"Ok that would b lovely, if u r sure. Think about wot u want to do, drinkin, dancin, eatin, cinema, in, out, about... Up to u! Wot about ? ",ok that would b lovely if u r sure think about wot u want to do drinkin dancin eatin cinema in out about up to u wot about  ,138
ham,O we cant see if we can join denis and mina? Or does denis want alone time,o we cant see if we can join denis and mina or does denis want alone time,74
ham,U free on sat rite? U wan 2 watch infernal affairs wif me n darren n mayb xy?,u free on sat rite u wan 2 watch infernal affairs wif me n darren n mayb xy,77
ham,"I don't have anybody's number, I still haven't thought up a tactful way to ask alex",i dont have anybodys number i still havent thought up a tactful way to ask alex,83
ham,"Sorry, I guess whenever I can get a hold of my connections, maybe an hour or two? I'll text you",sorry i guess whenever i can get a hold of my connections maybe an hour or two ill text you,95
ham,Stupid.its not possible,stupidits not possible,23
ham,Now press conference da:),now press conference da,25
spam,"URGENT! Your mobile No 07xxxxxxxxx won a £2,000 bonus caller prize on 02/06/03! this is the 2nd attempt to reach YOU! call 09066362231 ASAP! BOX97N7QP, 150PPM",urgent your mobile no 07xxxxxxxxx won a 2000 bonus caller prize on 020603 this is the 2nd attempt to reach you call 09066362231 asap box97n7qp 150ppm,158
spam,"You have won ?1,000 cash or a ?2,000 prize! To claim, call09050000327",you have won 1000 cash or a 2000 prize to claim call09050000327,69
ham,4 oclock at mine. Just to bash out a flat plan.,4 oclock at mine just to bash out a flat plan,47
ham,"My sister in law, hope you are having a great month. Just saying hey. Abiola",my sister in law hope you are having a great month just saying hey abiola,76
ham,would u fuckin believe it they didnt know i had thurs pre booked off so they re cancelled me AGAIN! that needs to b sacked,would u fuckin believe it they didnt know i had thurs pre booked off so they re cancelled me again that needs to b sacked,122
ham,I want to tell you how bad I feel that basically the only times I text you lately are when I need drugs,i want to tell you how bad i feel that basically the only times i text you lately are when i need drugs,103
ham,Hey mr  and I are going to the sea view and having a couple of gays I mean games! Give me a bell when ya finish ,hey mr  and i are going to the sea view and having a couple of gays i mean games give me a bell when ya finish ,112
ham,V nice! Off 2 sheffield tom 2 air my opinions on categories 2 b used 2 measure ethnicity in next census. Busy transcribing. :-),v nice off 2 sheffield tom 2 air my opinions on categories 2 b used 2 measure ethnicity in next census busy transcribing ,127
ham,"Its so common hearin How r u? Wat r u doing? How was ur day? So let me ask u something different. Did u smile today? If not, do it now.... Gud evng.",its so common hearin how r u wat r u doing how was ur day so let me ask u something different did u smile today if not do it now gud evng,148
spam,I don't know u and u don't know me. Send CHAT to 86688 now and let's find each other! Only 150p/Msg rcvd. HG/Suite342/2Lands/Row/W1J6HL LDN. 18 years or over.,i dont know u and u dont know me send chat to 86688 now and lets find each other only 150pmsg rcvd hgsuite3422landsroww1j6hl ldn 18 years or over,158
ham,Did u find a sitter for kaitlyn? I was sick and slept all day yesterday.,did u find a sitter for kaitlyn i was sick and slept all day yesterday,72
ham,Dont gimme that lip caveboy,dont gimme that lip caveboy,27
ham,So i could kiss and feel you next to me...,so i could kiss and feel you next to me,42
ham,"Aight, I'll ask a few of my roommates",aight ill ask a few of my roommates,37
spam,Boltblue tones for 150p Reply POLY# or MONO# eg POLY3 1. Cha Cha Slide 2. Yeah 3. Slow Jamz 6. Toxic 8. Come With Me or STOP 4 more tones txt MORE,boltblue tones for 150p reply poly or mono eg poly3 1 cha cha slide 2 yeah 3 slow jamz 6 toxic 8 come with me or stop 4 more tones txt more,146
ham,Do u ever get a song stuck in your head for no reason and it won't go away til u listen to it like 5 times?,do u ever get a song stuck in your head for no reason and it wont go away til u listen to it like 5 times,107
spam,FREE for 1st week! No1 Nokia tone 4 ur mob every week just txt NOKIA to 8007 Get txting and tell ur mates www.getzed.co.uk POBox 36504 W45WQ norm150p/tone 16+,free for 1st week no1 nokia tone 4 ur mob every week just txt nokia to 8007 get txting and tell ur mates wwwgetzedcouk pobox 36504 w45wq norm150ptone 16,158
ham,So that means you still think of teju,so that means you still think of teju,37
ham,"Haven't seen my facebook, huh? Lol!",havent seen my facebook huh lol,35
ham,For my family happiness..,for my family happiness,25
ham,Where @,where ,7
spam,"Want to funk up ur fone with a weekly new tone reply TONES2U 2 this text. www.ringtones.co.uk, the original n best. Tones 3GBP network operator rates apply",want to funk up ur fone with a weekly new tone reply tones2u 2 this text wwwringtonescouk the original n best tones 3gbp network operator rates apply,155
ham,Howz that persons story,howz that persons story,23
ham,Okay lor... Will they still let us go a not ah? Coz they will not know until later. We drop our cards into the box right?,okay lor will they still let us go a not ah coz they will not know until later we drop our cards into the box right,121
ham,My exam is for february 4. Wish you a great day.,my exam is for february 4 wish you a great day,48
spam,URGENT! Your Mobile number has been awarded with a £2000 prize GUARANTEED. Call 09061790121 from land line. Claim 3030. Valid 12hrs only 150ppm,urgent your mobile number has been awarded with a 2000 prize guaranteed call 09061790121 from land line claim 3030 valid 12hrs only 150ppm,143
ham,"I wasn't well babe, i have swollen glands at my throat ... What did you end up doing ?",i wasnt well babe i have swollen glands at my throat  what did you end up doing ,86
ham,Eat jap done oso aft ur lect wat... Ü got lect at 12 rite... ,eat jap done oso aft ur lect wat  got lect at 12 rite ,61
ham,Pls send me the correct name da.,pls send me the correct name da,32
ham,"Thank you. And by the way, I just lost.",thank you and by the way i just lost,39
ham,No he didn't. Spring is coming early yay!,no he didnt spring is coming early yay,41
spam,We tried to contact you re our offer of New Video Phone 750 anytime any network mins HALF PRICE Rental camcorder call 08000930705 or reply for delivery Wed,we tried to contact you re our offer of new video phone 750 anytime any network mins half price rental camcorder call 08000930705 or reply for delivery wed,155
ham,I'm vivek:)i got call from your number.,im viveki got call from your number,39
ham,"Hmph. Go head, big baller.",hmph go head big baller,26
ham,"Hmmm ... I thought we said 2 hours slave, not 3 ... You are late ... How should I punish you ?",hmmm  i thought we said 2 hours slave not 3  you are late  how should i punish you ,94
ham,"Hurry up, I've been weed-deficient for like three days",hurry up ive been weeddeficient for like three days,54
ham,I need... Coz i never go before ,i need coz i never go before ,32
ham,Yunny... I'm goin to be late,yunny im goin to be late,28
ham,Have a good evening! Ttyl,have a good evening ttyl,25
ham,Would really appreciate if you call me. Just need someone to talk to.,would really appreciate if you call me just need someone to talk to,69
ham,You have got tallent but you are wasting.,you have got tallent but you are wasting,41
ham,Me too! Have a lovely night xxx,me too have a lovely night xxx,31
ham,Detroit. The home of snow. Enjoy it.,detroit the home of snow enjoy it,36
ham,Ok i go change also...,ok i go change also,22
ham,Are you the cutest girl in the world or what,are you the cutest girl in the world or what,44
ham,Whom you waited for yesterday,whom you waited for yesterday,29
ham,"Machan you go to gym tomorrow,  i wil come late goodnight.",machan you go to gym tomorrow  i wil come late goodnight,58
ham,"Vikky, come around  &lt;TIME&gt; ..",vikky come around  lttimegt ,35
spam,"If you don't, your prize will go to another customer. T&C at www.t-c.biz 18+ 150p/min Polo Ltd Suite 373 London W1J 6HL Please call back if busy ",if you dont your prize will go to another customer tc at wwwtcbiz 18 150pmin polo ltd suite 373 london w1j 6hl please call back if busy ,145
ham,I dont have any of your file in my bag..i was in work when you called me.i 'll tell you if i find anything in my room.,i dont have any of your file in my bagi was in work when you called mei ll tell you if i find anything in my room,118
spam,SplashMobile: Choose from 1000s of gr8 tones each wk! This is a subscrition service with weekly tones costing 300p. U have one credit - kick back and ENJOY,splashmobile choose from 1000s of gr8 tones each wk this is a subscrition service with weekly tones costing 300p u have one credit  kick back and enjoy,155
ham,I am literally in bed and have been up for like  &lt;#&gt;  hours,i am literally in bed and have been up for like  ltgt  hours,65
ham,Hello handsome ! Are you finding that job ? Not being lazy ? Working towards getting back that net for mummy ? Where's my boytoy now ? Does he miss me ?,hello handsome  are you finding that job  not being lazy  working towards getting back that net for mummy  wheres my boytoy now  does he miss me ,152
ham,"Forgot it takes me 3 years to shower, sorry. Where you at/your phone dead yet?",forgot it takes me 3 years to shower sorry where you atyour phone dead yet,78
ham,Hi dear we saw dear. We both are happy. Where you my battery is low,hi dear we saw dear we both are happy where you my battery is low,67
ham,It vl bcum more difficult..,it vl bcum more difficult,27
ham,It so happens that there r 2waxsto do wat you want. She can come and ill get her medical insurance. And she'll be able to deliver and have basic care. I'm currently shopping for the right medical insurance for her. So just give me til friday morning. Thats when i.ll see the major person that can guide me to the right insurance.,it so happens that there r 2waxsto do wat you want she can come and ill get her medical insurance and shell be able to deliver and have basic care im currently shopping for the right medical insurance for her so just give me til friday morning thats when ill see the major person that can guide me to the right insurance,329
ham,I asked sen to come chennai and search for job.,i asked sen to come chennai and search for job,47
ham," came to look at the flat, seems ok, in his 50s? * Is away alot wiv work. Got woman coming at 6.30 too.", came to look at the flat seems ok in his 50s  is away alot wiv work got woman coming at 630 too,103
ham,Watching tv now. I got new job :),watching tv now i got new job ,33
ham,Ü got wat to buy tell us then ü no need to come in again., got wat to buy tell us then  no need to come in again,57
ham,"Dear,Me at cherthala.in case u r coming cochin pls call bfore u start.i shall also reach accordingly.or tell me which day u r coming.tmorow i am engaged ans its holiday.",dearme at cherthalain case u r coming cochin pls call bfore u starti shall also reach accordinglyor tell me which day u r comingtmorow i am engaged ans its holiday,169
ham,No go. No openings for that room 'til after thanksgiving without an upcharge.,no go no openings for that room til after thanksgiving without an upcharge,77
ham,"hey, looks like I was wrong and one of the kappa guys numbers is still on my phone, if you want I can text him and see if he's around",hey looks like i was wrong and one of the kappa guys numbers is still on my phone if you want i can text him and see if hes around,133
ham,Jus finish bathing...,jus finish bathing,21
ham,On the road so cant txt,on the road so cant txt,23
ham,Thanks chikku..:-) gud nyt:-*,thanks chikku gud nyt,29
ham,Aiyo cos i sms ü then ü neva reply so i wait 4 ü to reply lar. I tot ü havent finish ur lab wat.,aiyo cos i sms  then  neva reply so i wait 4  to reply lar i tot  havent finish ur lab wat,96
ham,Pls go ahead with watts. I just wanted to be sure. Do have a great weekend. Abiola,pls go ahead with watts i just wanted to be sure do have a great weekend abiola,82
ham,I'm in inside office..still filling forms.don know when they leave me.,im in inside officestill filling formsdon know when they leave me,70
ham,Are we doing the norm tomorrow? I finish just a 4.15 cos of st tests. Need to sort library stuff out at some point tomo - got letter from today - access til end march so i better get move on!,are we doing the norm tomorrow i finish just a 415 cos of st tests need to sort library stuff out at some point tomo  got letter from today  access til end march so i better get move on,191
spam,Todays Voda numbers ending 1225 are selected to receive a £50award. If you have a match please call 08712300220 quoting claim code 3100 standard rates app ,todays voda numbers ending 1225 are selected to receive a 50award if you have a match please call 08712300220 quoting claim code 3100 standard rates app ,155
ham,"Did I forget to tell you ? I want you , I need you, I crave you ... But most of all ... I love you my sweet Arabian steed ... Mmmmmm ... Yummy",did i forget to tell you  i want you  i need you i crave you  but most of all  i love you my sweet arabian steed  mmmmmm  yummy,142
spam,UR GOING 2 BAHAMAS! CallFREEFONE 08081560665 and speak to a live operator to claim either Bahamas cruise of£2000 CASH 18+only. To opt out txt X to 07786200117,ur going 2 bahamas callfreefone 08081560665 and speak to a live operator to claim either bahamas cruise of2000 cash 18only to opt out txt x to 07786200117,158
ham,"Honeybee Said: *I'm d Sweetest in d World* God Laughed &amp; Said: *Wait,U Havnt Met d Person Reading This Msg* MORAL: Even GOD Can Crack Jokes! GM+GN+GE+GN:)",honeybee said im d sweetest in d world god laughed amp said waitu havnt met d person reading this msg moral even god can crack jokes gmgngegn,158
ham,Oh. U must have taken your REAL Valentine out shopping first.,oh u must have taken your real valentine out shopping first,61
ham,"Edison has rightly said, ""A fool can ask more questions than a wise man can answer"" Now you know why all of us are speechless during ViVa.. GM,GN,GE,GNT:-)",edison has rightly said a fool can ask more questions than a wise man can answer now you know why all of us are speechless during viva gmgngegnt,155
ham,U sick still can go shopping?,u sick still can go shopping,29
spam,"FreeMsg: Claim ur 250 SMS messages-Text OK to 84025 now!Use web2mobile 2 ur mates etc. Join Txt250.com for 1.50p/wk. T&C BOX139, LA32WU. 16 . Remove txtX or stop",freemsg claim ur 250 sms messagestext ok to 84025 nowuse web2mobile 2 ur mates etc join txt250com for 150pwk tc box139 la32wu 16  remove txtx or stop,161
ham,Good sleep is about rhythm. The person has to establish a rhythm that the body will learn and use. If you want to know more :-),good sleep is about rhythm the person has to establish a rhythm that the body will learn and use if you want to know more ,127
ham,He says hi and to get your ass back to south tampa (preferably at a kegger),he says hi and to get your ass back to south tampa preferably at a kegger,75
ham,"Hi the way I was with u 2day, is the normal way&this is the real me. UR unique&I hope I know u 4 the rest of mylife. Hope u find wot was lost.",hi the way i was with u 2day is the normal waythis is the real me ur uniquei hope i know u 4 the rest of mylife hope u find wot was lost,142
ham,HI BABE U R MOST LIKELY TO BE IN BED BUT IM SO SORRY ABOUT TONIGHT! I REALLY WANNA SEE U TOMORROW SO CALL ME AT 9. LOVE ME XXX,hi babe u r most likely to be in bed but im so sorry about tonight i really wanna see u tomorrow so call me at 9 love me xxx,126
ham,Fffff. Can you text kadeem or are you too far gone,fffff can you text kadeem or are you too far gone,50
ham,Home so we can always chat,home so we can always chat,26
ham,"My fri ah... Okie lor,goin 4 my drivin den go shoppin after tt...",my fri ah okie lorgoin 4 my drivin den go shoppin after tt,65
ham,"Ok. Can be later showing around 8-8:30 if you want + cld have drink before. Wld prefer not to spend money on nosh if you don't mind, as doing that nxt wk.",ok can be later showing around 8830 if you want  cld have drink before wld prefer not to spend money on nosh if you dont mind as doing that nxt wk,154
ham,Understand. his loss is my gain :) so do you work? School?,understand his loss is my gain  so do you work school,58
ham,"What will we do in the shower, baby?",what will we do in the shower baby,36
ham,"""Getting tickets 4 walsall tue 6 th march. My mate is getting me them on sat. ill pay my treat. Want 2 go. Txt bak .Terry""",getting tickets 4 walsall tue 6 th march my mate is getting me them on sat ill pay my treat want 2 go txt bak terry,122
ham,So lets make it saturday or monday as per convenience.,so lets make it saturday or monday as per convenience,54
ham,No calls..messages..missed calls,no callsmessagesmissed calls,32
ham,"Ah, well that confuses things, doesnt it? I thought was friends with now. Maybe i did the wrong thing but i already sort of invited -tho he may not come cos of money.",ah well that confuses things doesnt it i thought was friends with now maybe i did the wrong thing but i already sort of invited tho he may not come cos of money,166
ham,Missed your call cause I was yelling at scrappy. Miss u. Can't wait for u to come home. I'm so lonely today.,missed your call cause i was yelling at scrappy miss u cant wait for u to come home im so lonely today,108
ham,Long beach lor. Expected... U having dinner now?,long beach lor expected u having dinner now,48
ham,Y so late but i need to go n get da laptop...,y so late but i need to go n get da laptop,45
ham,No da. . Vijay going to talk in jaya tv,no da  vijay going to talk in jaya tv,39
ham,"Dont give a monkeys wot they think and i certainly don't mind. Any friend of mine&all that! Just don't sleep wiv , that wud be annoyin!",dont give a monkeys wot they think and i certainly dont mind any friend of mineall that just dont sleep wiv  that wud be annoyin,135
ham,"I got like $ &lt;#&gt; , I can get some more later though. Get whatever you feel like",i got like  ltgt  i can get some more later though get whatever you feel like,85
ham,"(I should add that I don't really care and if you can't I can at least get this dude to fuck off but hey, your money if you want it)",i should add that i dont really care and if you cant i can at least get this dude to fuck off but hey your money if you want it,132
ham,Yoyyooo u know how to change permissions for a drive in mac. My usb flash drive,yoyyooo u know how to change permissions for a drive in mac my usb flash drive,79
ham,And popping &lt;#&gt; ibuprofens was no help.,and popping ltgt ibuprofens was no help,45
ham,Ok ok take care. I can understand.,ok ok take care i can understand,34
ham,That would be great. We'll be at the Guild. Could meet on Bristol road or somewhere - will get in touch over weekend. Our plans take flight! Have a good week,that would be great well be at the guild could meet on bristol road or somewhere  will get in touch over weekend our plans take flight have a good week,157
ham,Captain is in our room:),captain is in our room,24
ham,"You might want to pull out more just in case and just plan on not spending it if you can, I don't have much confidence in derek and taylor's money management",you might want to pull out more just in case and just plan on not spending it if you can i dont have much confidence in derek and taylors money management,157
ham,Am only searching for good dual sim mobile pa.,am only searching for good dual sim mobile pa,46
ham,Nope i'm not drivin... I neva develop da photos lei...,nope im not drivin i neva develop da photos lei,54
ham,Dunno lei ü all decide lor. How abt leona? Oops i tot ben is going n i msg him.,dunno lei  all decide lor how abt leona oops i tot ben is going n i msg him,79
ham,"Can you please ask macho what his price range is, does he want something new or used plus it he only interfued in the blackberry bold  &lt;#&gt;  or any bb",can you please ask macho what his price range is does he want something new or used plus it he only interfued in the blackberry bold  ltgt  or any bb,155
ham,Captain vijaykanth is doing comedy in captain tv..he is drunken :),captain vijaykanth is doing comedy in captain tvhe is drunken ,66
ham,Good night. Am going to sleep.,good night am going to sleep,30
ham,"Love isn't a decision, it's a feeling. If we could decide who to love, then, life would be much simpler, but then less magical",love isnt a decision its a feeling if we could decide who to love then life would be much simpler but then less magical,126
ham,"Wen ur lovable bcums angry wid u, dnt take it seriously.. Coz being angry is d most childish n true way of showing deep affection, care n luv!.. kettoda manda... Have nice day da.",wen ur lovable bcums angry wid u dnt take it seriously coz being angry is d most childish n true way of showing deep affection care n luv kettoda manda have nice day da,179
ham,R ü comin back for dinner?,r  comin back for dinner,26
spam,Hi 07734396839 IBH Customer Loyalty Offer: The NEW NOKIA6600 Mobile from ONLY £10 at TXTAUCTION!Txt word:START to No:81151 & get Yours Now!4T&,hi 07734396839 ibh customer loyalty offer the new nokia6600 mobile from only 10 at txtauctiontxt wordstart to no81151  get yours now4t,142
ham,Wish i were with you now!,wish i were with you now,25
ham,Nope i waiting in sch 4 daddy... ,nope i waiting in sch 4 daddy ,33
ham,Waiting 4 my tv show 2 start lor... U leh still busy doing ur report?,waiting 4 my tv show 2 start lor u leh still busy doing ur report,69
ham,"I'm nt goin, got somethin on, unless they meetin 4 dinner lor... Haha, i wonder who will go tis time...",im nt goin got somethin on unless they meetin 4 dinner lor haha i wonder who will go tis time,103
ham,Pls help me tell sura that i'm expecting a battery from hont. And that if should pls send me a message about how to download movies. Thanks,pls help me tell sura that im expecting a battery from hont and that if should pls send me a message about how to download movies thanks,139
ham,I'll probably be by tomorrow (or even later tonight if something's going on),ill probably be by tomorrow or even later tonight if somethings going on,76
ham,Meet after lunch la...,meet after lunch la,22
ham,"It's cool, let me know before it kicks off around  &lt;#&gt; , I'll be out and about all day",its cool let me know before it kicks off around  ltgt  ill be out and about all day,92
ham,Yup having my lunch buffet now.. U eat already?,yup having my lunch buffet now u eat already,47
ham,"Playin space poker, u?",playin space poker u,22
ham,You're right I have now that I think about it,youre right i have now that i think about it,45
ham,i dnt wnt to tlk wid u,i dnt wnt to tlk wid u,22
ham,I forgot 2 ask ü all smth.. There's a card on da present lei... How? Ü all want 2 write smth or sign on it?,i forgot 2 ask  all smth theres a card on da present lei how  all want 2 write smth or sign on it,107
spam,Warner Village 83118 C Colin Farrell in SWAT this wkend @Warner Village & get 1 free med. Popcorn!Just show msg+ticket@kiosk.Valid 4-7/12. C t&c @kiosk. Reply SONY 4 mre film offers,warner village 83118 c colin farrell in swat this wkend warner village  get 1 free med popcornjust show msgticketkioskvalid 4712 c tc kiosk reply sony 4 mre film offers,181
spam,PRIVATE! Your 2003 Account Statement for shows 800 un-redeemed S. I. M. points. Call 08715203652 Identifier Code: 42810 Expires 29/10/0,private your 2003 account statement for shows 800 unredeemed s i m points call 08715203652 identifier code 42810 expires 29100,135
ham,It only does simple arithmetic not percentages.,it only does simple arithmetic not percentages,47
ham,We can go 4 e normal pilates after our intro...  ,we can go 4 e normal pilates after our intro  ,49
ham,Xy trying smth now. U eat already? We havent...,xy trying smth now u eat already we havent,47
spam,Call Germany for only 1 pence per minute! Call from a fixed line via access number 0844 861 85 85. No prepayment. Direct access!,call germany for only 1 pence per minute call from a fixed line via access number 0844 861 85 85 no prepayment direct access,128
spam,"U were outbid by simonwatson5120 on the Shinco DVD Plyr. 2 bid again, visit sms. ac/smsrewards 2 end bid notifications, reply END OUT",u were outbid by simonwatson5120 on the shinco dvd plyr 2 bid again visit sms acsmsrewards 2 end bid notifications reply end out,133
ham,I am in your office na.,i am in your office na,23
spam,BIG BROTHER ALERT! The computer has selected u for 10k cash or #150 voucher. Call 09064018838. NTT PO Box CRO1327 18+ BT Landline Cost 150ppm mobiles vary,big brother alert the computer has selected u for 10k cash or 150 voucher call 09064018838 ntt po box cro1327 18 bt landline cost 150ppm mobiles vary,154
ham,"How long before you get reply, just defer admission til next semester",how long before you get reply just defer admission til next semester,69
ham,Tell rob to mack his gf in the theater,tell rob to mack his gf in the theater,38
spam,LORD OF THE RINGS:RETURN OF THE KING in store NOW!REPLY LOTR by 2 June 4 Chance 2 WIN LOTR soundtrack CDs StdTxtRate. Reply STOP to end txts,lord of the ringsreturn of the king in store nowreply lotr by 2 june 4 chance 2 win lotr soundtrack cds stdtxtrate reply stop to end txts,140
ham,"No idea, I guess we'll work that out an hour after we're supposed to leave since as usual nobody has any interest in figuring shit out before the last second",no idea i guess well work that out an hour after were supposed to leave since as usual nobody has any interest in figuring shit out before the last second,157
ham,I ain't answerin no phone at what is actually a pretty reasonable hour but I'm sleepy,i aint answerin no phone at what is actually a pretty reasonable hour but im sleepy,85
spam,You have won a Nokia 7250i. This is what you get when you win our FREE auction. To take part send Nokia to 86021 now. HG/Suite342/2Lands Row/W1JHL 16+ ,you have won a nokia 7250i this is what you get when you win our free auction to take part send nokia to 86021 now hgsuite3422lands roww1jhl 16 ,151
ham,"Do 1 thing! Change that sentence into: ""Because i want 2 concentrate in my educational career im leaving here..""",do 1 thing change that sentence into because i want 2 concentrate in my educational career im leaving here,112
ham,"Sorry man, my stash ran dry last night and I can't pick up more until sunday",sorry man my stash ran dry last night and i cant pick up more until sunday,76
ham,Babes I think I got ur brolly I left it in English wil bring it in 2mrw 4 u luv Franxx,babes i think i got ur brolly i left it in english wil bring it in 2mrw 4 u luv franxx,86
ham,Lol no. Just trying to make your day a little more interesting,lol no just trying to make your day a little more interesting,62
ham,Was gr8 to see that message. So when r u leaving? Congrats dear. What school and wat r ur plans.,was gr8 to see that message so when r u leaving congrats dear what school and wat r ur plans,96
ham,I love you. You set my soul on fire. It is not just a spark. But it is a flame. A big rawring flame. XoXo,i love you you set my soul on fire it is not just a spark but it is a flame a big rawring flame xoxo,105
ham,Ok. How many should i buy.,ok how many should i buy,26
ham,It didnt work again oh. Ok goodnight then. I.ll fix and have it ready by the time you wake up. You are very dearly missed have a good night sleep.,it didnt work again oh ok goodnight then ill fix and have it ready by the time you wake up you are very dearly missed have a good night sleep,146
ham,"Arngd marriage is while u r walkin unfortuntly a snake bites u. bt love marriage is dancing in frnt of d snake &amp; sayin Bite me, bite me.",arngd marriage is while u r walkin unfortuntly a snake bites u bt love marriage is dancing in frnt of d snake amp sayin bite me bite me,140
ham,You should change your fb to jaykwon thuglyfe falconerf,you should change your fb to jaykwon thuglyfe falconerf,55
ham,Lol I was gonna last month. I cashed some in but I left &lt;#&gt; just in case. I was collecting more during the week cause they announced it on the blog.,lol i was gonna last month i cashed some in but i left ltgt just in case i was collecting more during the week cause they announced it on the blog,154
ham,K and you're sure I don't have to have consent forms to do it :V,k and youre sure i dont have to have consent forms to do it v,64
ham,I accidentally deleted the message. Resend please.,i accidentally deleted the message resend please,50
ham,Don't look back at the building because you have no coat and i don't want you to get more sick. Just hurry home and wear a coat to the gym!!!,dont look back at the building because you have no coat and i dont want you to get more sick just hurry home and wear a coat to the gym,141
spam,No. 1 Nokia Tone 4 ur mob every week! Just txt NOK to 87021. 1st Tone FREE ! so get txtin now and tell ur friends. 150p/tone. 16 reply HL 4info,no 1 nokia tone 4 ur mob every week just txt nok to 87021 1st tone free  so get txtin now and tell ur friends 150ptone 16 reply hl 4info,143
spam,Congratulations U can claim 2 VIP row A Tickets 2 C Blu in concert in November or Blu gift guaranteed Call 09061104276 to claim TS&Cs www.smsco.net cost£3.75max ,congratulations u can claim 2 vip row a tickets 2 c blu in concert in november or blu gift guaranteed call 09061104276 to claim tscs wwwsmsconet cost375max ,161
ham,But you were together so you should be thinkin about him,but you were together so you should be thinkin about him,56
ham,I am back. Good journey! Let me know if you need any of the receipts. Shall i tell you like the pendent?,i am back good journey let me know if you need any of the receipts shall i tell you like the pendent,104
ham,Hey what happen de. Are you alright.,hey what happen de are you alright,36
ham,Should I have picked up a receipt or something earlier,should i have picked up a receipt or something earlier,54
ham,Beerage?,beerage,8
spam,"Urgent UR awarded a complimentary trip to EuroDisinc Trav, Aco&Entry41 Or £1000. To claim txt DIS to 87121 18+6*£1.50(moreFrmMob. ShrAcomOrSglSuplt)10, LS1 3AJ",urgent ur awarded a complimentary trip to eurodisinc trav acoentry41 or 1000 to claim txt dis to 87121 186150morefrmmob shracomorsglsuplt10 ls1 3aj,159
ham,I can't believe how attached I am to seeing you every day. I know you will do the best you can to get to me babe. I will go to teach my class at your midnight,i cant believe how attached i am to seeing you every day i know you will do the best you can to get to me babe i will go to teach my class at your midnight,158
ham,", im .. On the snowboarding trip. I was wondering if your planning to get everyone together befor we go..a meet and greet kind of affair? Cheers, ", im  on the snowboarding trip i was wondering if your planning to get everyone together befor we goa meet and greet kind of affair cheers ,146
ham,I'm at work. Please call,im at work please call,24
ham,I dont know exactly could you ask chechi.,i dont know exactly could you ask chechi,41
ham,"Thanx 4 the time weve spent 2geva, its bin mint! Ur my Baby and all I want is u!xxxx",thanx 4 the time weve spent 2geva its bin mint ur my baby and all i want is uxxxx,85
ham,Hurt me... Tease me... Make me cry... But in the end of my life when i die plz keep one rose on my grave and say STUPID I MISS U.. HAVE A NICE DAY BSLVYL,hurt me tease me make me cry but in the end of my life when i die plz keep one rose on my grave and say stupid i miss u have a nice day bslvyl,153
ham,I wont get concentration dear you know you are my mind and everything :-),i wont get concentration dear you know you are my mind and everything ,73
ham,Oic... Then better quickly go bathe n settle down...,oic then better quickly go bathe n settle down,52
ham,LMAO where's your fish memory when I need it?,lmao wheres your fish memory when i need it,45
spam,"U've been selected to stay in 1 of 250 top British hotels - FOR NOTHING! Holiday valued at £350! Dial 08712300220 to claim - National Rate Call. Bx526, SW73SS",uve been selected to stay in 1 of 250 top british hotels  for nothing holiday valued at 350 dial 08712300220 to claim  national rate call bx526 sw73ss,158
ham,Y she dun believe leh? I tot i told her it's true already. I thk she muz c us tog then she believe.,y she dun believe leh i tot i told her its true already i thk she muz c us tog then she believe,99
ham,Today is ACCEPT DAY..U Accept me as? Brother Sister Lover Dear1 Best1 Clos1 Lvblefrnd Jstfrnd Cutefrnd Lifpartnr Belovd Swtheart Bstfrnd No rply means enemy,today is accept dayu accept me as brother sister lover dear1 best1 clos1 lvblefrnd jstfrnd cutefrnd lifpartnr belovd swtheart bstfrnd no rply means enemy,156
ham,Lara said she can loan me  &lt;#&gt; .,lara said she can loan me  ltgt ,38
ham,I cant pick the phone right now. Pls send a message,i cant pick the phone right now pls send a message,51
ham,Hows that watch resizing,hows that watch resizing,24
ham,Eh ur laptop got no stock lei... He say mon muz come again to take a look c got a not...,eh ur laptop got no stock lei he say mon muz come again to take a look c got a not,88
ham,How dare you stupid. I wont tell anything to you. Hear after i wont talk to you:-.,how dare you stupid i wont tell anything to you hear after i wont talk to you,82
spam,Would you like to see my XXX pics they are so hot they were nearly banned in the uk!,would you like to see my xxx pics they are so hot they were nearly banned in the uk,84
ham,"Cool, want me to go to kappa or should I meet you outside mu",cool want me to go to kappa or should i meet you outside mu,60
ham,You still at grand prix?,you still at grand prix,24
ham,Just forced myself to eat a slice. I'm really not hungry tho. This sucks. Mark is getting worried. He knows I'm sick when I turn down pizza. Lol,just forced myself to eat a slice im really not hungry tho this sucks mark is getting worried he knows im sick when i turn down pizza lol,144
ham,Hi good mornin.. Thanku wish u d same..,hi good mornin thanku wish u d same,39
ham,Hi.what you think about match?,hiwhat you think about match,30
spam,FREE entry into our £250 weekly comp just send the word WIN to 80086 NOW. 18 T&C www.txttowin.co.uk,free entry into our 250 weekly comp just send the word win to 80086 now 18 tc wwwtxttowincouk,99
ham,And also I've sorta blown him off a couple times recently so id rather not text him out of the blue looking for weed,and also ive sorta blown him off a couple times recently so id rather not text him out of the blue looking for weed,116
spam,Text & meet someone sexy today. U can find a date or even flirt its up to U. Join 4 just 10p. REPLY with NAME & AGE eg Sam 25. 18 -msg recd@thirtyeight pence,text  meet someone sexy today u can find a date or even flirt its up to u join 4 just 10p reply with name  age eg sam 25 18 msg recdthirtyeight pence,157
ham,"Hiya, had a good day? Have you spoken to since the weekend?",hiya had a good day have you spoken to since the weekend,59
ham,I'm not sure if its still available though,im not sure if its still available though,42
ham,I could ask carlos if we could get more if anybody else can chip in,i could ask carlos if we could get more if anybody else can chip in,67
ham,"Hello! Just got here, st andrews-boy its a long way! Its cold. I will keep you posted",hello just got here st andrewsboy its a long way its cold i will keep you posted,85
ham,Then its most likely called Mittelschmertz. Google it. If you dont have paracetamol dont worry it will go.,then its most likely called mittelschmertz google it if you dont have paracetamol dont worry it will go,106
ham,Watching telugu movie..wat abt u?,watching telugu moviewat abt u,33
ham,Ok lor... But buy wat?,ok lor but buy wat,22
ham,Sorry sent blank msg again. Yup but trying 2 do some serious studying now.,sorry sent blank msg again yup but trying 2 do some serious studying now,74
spam,**FREE MESSAGE**Thanks for using the Auction Subscription Service. 18 . 150p/MSGRCVD 2 Skip an Auction txt OUT. 2 Unsubscribe txt STOP CustomerCare 08718726270,free messagethanks for using the auction subscription service 18  150pmsgrcvd 2 skip an auction txt out 2 unsubscribe txt stop customercare 08718726270,159
ham,"Painful words- ""I thought being Happy was the most toughest thing on Earth... But, the toughest is acting Happy with all unspoken pain inside..""",painful words i thought being happy was the most toughest thing on earth but the toughest is acting happy with all unspoken pain inside,144
ham,twenty past five he said will this train have been to durham already or not coz i am in a reserved seat,twenty past five he said will this train have been to durham already or not coz i am in a reserved seat,103
ham,"Buzz! Hey, my Love ! I think of you and hope your day goes well. Did you sleep in ? I miss you babe. I long for the moment we are together again*loving smile*",buzz hey my love  i think of you and hope your day goes well did you sleep in  i miss you babe i long for the moment we are together againloving smile,158
ham,But i'll b going 2 sch on mon. My sis need 2 take smth.,but ill b going 2 sch on mon my sis need 2 take smth,55
ham,Free any day but i finish at 6 on mon n thurs...,free any day but i finish at 6 on mon n thurs,48
ham,Sweet heart how are you?,sweet heart how are you,24
ham,"Damn, poor zac doesn't stand a chance",damn poor zac doesnt stand a chance,37
ham,Got smaller capacity one? Quite ex...,got smaller capacity one quite ex,37
ham,"Aight, I should be there by 8 at the latest, probably closer to 7. Are jay and tyler down or should we just do two trips?",aight i should be there by 8 at the latest probably closer to 7 are jay and tyler down or should we just do two trips,121
ham,But we havent got da topic yet rite?,but we havent got da topic yet rite,36
ham,Would me smoking you out help us work through this difficult time,would me smoking you out help us work through this difficult time,65
ham,Just do what ever is easier for you,just do what ever is easier for you,35
ham,What's the significance?,whats the significance,24
ham,Ü wait 4 me in sch i finish ard 5.., wait 4 me in sch i finish ard 5,35
ham,O ic lol. Should play 9 doors sometime yo,o ic lol should play 9 doors sometime yo,41
ham,hanks lotsly!,hanks lotsly,13
ham,"They said if its gonna snow, it will start around 8 or 9 pm tonite! They are predicting an inch of accumulation.",they said if its gonna snow it will start around 8 or 9 pm tonite they are predicting an inch of accumulation,112
ham,God created gap btwn ur fingers so dat sum1 vry special will fill those gaps by holding ur hands.. Now plz dont ask y he created so much gap between legs !!!,god created gap btwn ur fingers so dat sum1 vry special will fill those gaps by holding ur hands now plz dont ask y he created so much gap between legs ,157
ham,Heart is empty without love.. Mind is empty without wisdom.. Eyes r empty without dreams &amp; Life is empty without frnds.. So Alwys Be In Touch. Good night &amp; sweet dreams,heart is empty without love mind is empty without wisdom eyes r empty without dreams amp life is empty without frnds so alwys be in touch good night amp sweet dreams,176
ham,But my family not responding for anything. Now am in room not went to home for diwali but no one called me and why not coming. It makes me feel like died.,but my family not responding for anything now am in room not went to home for diwali but no one called me and why not coming it makes me feel like died,154
ham,Great. I was getting worried about you. Just know that a wonderful and caring person like you will have only the best in life. Know that u r wonderful and God's love is yours.,great i was getting worried about you just know that a wonderful and caring person like you will have only the best in life know that u r wonderful and gods love is yours,175
ham,Boo I'm on my way to my moms. She's making tortilla soup. Yummmm,boo im on my way to my moms shes making tortilla soup yummmm,64
ham,You've already got a flaky parent. It'snot supposed to be the child's job to support the parent...not until they're The Ride age anyway. I'm supposed to be there to support you. And now i've hurt you. unintentional. But hurt nonetheless.,youve already got a flaky parent itsnot supposed to be the childs job to support the parentnot until theyre the ride age anyway im supposed to be there to support you and now ive hurt you unintentional but hurt nonetheless,237
ham,"Aight, lemme know what's up",aight lemme know whats up,27
ham,No management puzzeles.,no management puzzeles,23
ham,Thts god's gift for birds as humans hav some natural gift frm god..,thts gods gift for birds as humans hav some natural gift frm god,67
ham,Finished class where are you.,finished class where are you,29
ham,Yar lor... How u noe? U used dat route too?,yar lor how u noe u used dat route too,43
ham,Oh Howda gud gud.. Mathe en samachara chikku:-),oh howda gud gud mathe en samachara chikku,47
ham,R u over scratching it?,r u over scratching it,23
spam,Camera - You are awarded a SiPix Digital Camera! call 09061221066 fromm landline. Delivery within 28 days,camera  you are awarded a sipix digital camera call 09061221066 fromm landline delivery within 28 days,105
ham,I cant pick the phone right now. Pls send a message,i cant pick the phone right now pls send a message,51
ham,I will take care of financial problem.i will help:),i will take care of financial problemi will help,51
ham,Why don't you go tell your friend you're not sure you want to live with him because he smokes too much then spend hours begging him to come smoke,why dont you go tell your friend youre not sure you want to live with him because he smokes too much then spend hours begging him to come smoke,145
ham,Honey boo I'm missing u.,honey boo im missing u,24
ham,Am in gobi arts college,am in gobi arts college,23
ham,Ok but tell me half an hr b4 u come i need 2 prepare.,ok but tell me half an hr b4 u come i need 2 prepare,53
ham,Exactly. Anyways how far. Is jide her to study or just visiting,exactly anyways how far is jide her to study or just visiting,63
ham,Yes we are chatting too.,yes we are chatting too,24
spam,Had your mobile 10 mths? Update to latest Orange camera/video phones for FREE. Save £s with Free texts/weekend calls. Text YES for a callback orno to opt out,had your mobile 10 mths update to latest orange cameravideo phones for free save s with free textsweekend calls text yes for a callback orno to opt out,157
ham,"God picked up a flower and dippeditinaDEW, lovingly touched itwhichturnedinto u, and the he gifted tomeandsaid,THIS FRIEND IS 4U",god picked up a flower and dippeditinadew lovingly touched itwhichturnedinto u and the he gifted tomeandsaidthis friend is 4u,128
ham,"I'm gonna be home soon and i don't want to talk about this stuff anymore tonight, k? I've cried enough today.",im gonna be home soon and i dont want to talk about this stuff anymore tonight k ive cried enough today,109
ham,Ryder unsold.now gibbs.,ryder unsoldnow gibbs,23
ham,Good. Good job. I like entrepreneurs,good good job i like entrepreneurs,36
ham,Are you this much buzy,are you this much buzy,22
ham,"So you think i should actually talk to him? Not call his boss in the morning? I went to this place last year and he told me where i could go and get my car fixed cheaper. He kept telling me today how much he hoped i would come back in, how he always regretted not getting my number, etc.",so you think i should actually talk to him not call his boss in the morning i went to this place last year and he told me where i could go and get my car fixed cheaper he kept telling me today how much he hoped i would come back in how he always regretted not getting my number etc,287
ham,Lol boo I was hoping for a laugh,lol boo i was hoping for a laugh,32
ham,Wat time u finish ur lect today?,wat time u finish ur lect today,32
ham,"Nah, I'm a perpetual DD",nah im a perpetual dd,23
ham,Oops i thk i dun haf enuff... I go check then tell ü..,oops i thk i dun haf enuff i go check then tell ,54
ham,Guai... Ü shd haf seen him when he's naughty... Ü so free today? Can go jogging...,guai  shd haf seen him when hes naughty  so free today can go jogging,82
ham,"Perhaps * is much easy give your account identification, so i will tomorrow at UNI",perhaps  is much easy give your account identification so i will tomorrow at uni,82
ham,Lol I would but my mom would have a fit and tell the whole family how crazy and terrible I am,lol i would but my mom would have a fit and tell the whole family how crazy and terrible i am,93
ham,I will be outside office take all from there,i will be outside office take all from there,44
spam,Sunshine Quiz Wkly Q! Win a top Sony DVD player if u know which country Liverpool played in mid week? Txt ansr to 82277. £1.50 SP:Tyrone,sunshine quiz wkly q win a top sony dvd player if u know which country liverpool played in mid week txt ansr to 82277 150 sptyrone,136
ham,I didn't get the second half of that message,i didnt get the second half of that message,44
spam,"Had your contract mobile 11 Mnths? Latest Motorola, Nokia etc. all FREE! Double Mins & Text on Orange tariffs. TEXT YES for callback, no to remove from records",had your contract mobile 11 mnths latest motorola nokia etc all free double mins  text on orange tariffs text yes for callback no to remove from records,159
spam,"Congrats! 1 year special cinema pass for 2 is yours. call 09061209465 now! C Suprman V, Matrix3, StarWars3, etc all 4 FREE! bx420-ip4-5we. 150pm. Dont miss out!",congrats 1 year special cinema pass for 2 is yours call 09061209465 now c suprman v matrix3 starwars3 etc all 4 free bx420ip45we 150pm dont miss out,160
ham,Hanging out with my brother and his family,hanging out with my brother and his family,42
ham,Ok...,ok,5
ham,Esplanade lor. Where else...,esplanade lor where else,28
ham,"Okey doke. I'm at home, but not dressed cos laying around ill! Speak to you later bout times and stuff. ",okey doke im at home but not dressed cos laying around ill speak to you later bout times and stuff ,104
ham,Ok.,ok,3
ham,"Nothing, smsing u n xy lor. Sorry lor da guys neva c u in person but they sort of know u lor. So u wan 2 meet them xy ask me 2 bring u along 4 our next meeting.",nothing smsing u n xy lor sorry lor da guys neva c u in person but they sort of know u lor so u wan 2 meet them xy ask me 2 bring u along 4 our next meeting,160
ham,U should make a fb list,u should make a fb list,23
ham,What time you think you'll have it? Need to know when I should be near campus,what time you think youll have it need to know when i should be near campus,77
ham,Wat r u doing now?,wat r u doing now,18
ham,Nan sonathaya soladha. Why boss?,nan sonathaya soladha why boss,32
ham,Dunno cos i was v late n when i reach they inside already... But we ate spageddies lor... It's e gals who r laughing at me lor...,dunno cos i was v late n when i reach they inside already but we ate spageddies lor its e gals who r laughing at me lor,129
spam,"FREE RING TONE just text ""POLYS"" to 87131. Then every week get a new tone. 0870737910216yrs only £1.50/wk.",free ring tone just text polys to 87131 then every week get a new tone 0870737910216yrs only 150wk,106
ham,"I can. But it will tell quite long, cos i haven't finish my film yet...",i can but it will tell quite long cos i havent finish my film yet,71
ham,I doubt you could handle 5 times per night in any case...,i doubt you could handle 5 times per night in any case,57
ham,Ok lor...,ok lor,9
ham,You have to pls make a note of all she.s exposed to. Also find out from her school if anyone else was vomiting. Is there a dog or cat in the house? Let me know later.,you have to pls make a note of all shes exposed to also find out from her school if anyone else was vomiting is there a dog or cat in the house let me know later,166
ham,"Sorry, I'll call later In meeting.",sorry ill call later in meeting,34
ham,I went to project centre,i went to project centre,24
ham,"Yeah, in fact he just asked if we needed anything like an hour ago. When and how much?",yeah in fact he just asked if we needed anything like an hour ago when and how much,86
ham,How's ur paper?,hows ur paper,15
ham,HI DARLIN ITS KATE ARE U UP FOR DOIN SOMETHIN TONIGHT? IM GOING TO A PUB CALLED THE SWAN OR SOMETHING WITH MY PARENTS FOR ONE DRINK SO PHONE ME IF U CAN,hi darlin its kate are u up for doin somethin tonight im going to a pub called the swan or something with my parents for one drink so phone me if u can,152
ham,Anything lor... U decide...,anything lor u decide,27
ham,The whole car appreciated the last two! Dad and are having a map reading semi argument but apart from that things are going ok. P.,the whole car appreciated the last two dad and are having a map reading semi argument but apart from that things are going ok p,130
ham,Did you get any gift? This year i didnt get anything. So bad,did you get any gift this year i didnt get anything so bad,60
ham,This phone has the weirdest auto correct.,this phone has the weirdest auto correct,41
ham,"""Petey boy whereare you me and all your friendsare in theKingshead come down if you canlove Nic""",petey boy whereare you me and all your friendsare in thekingshead come down if you canlove nic,96
ham,Call him and say you not coming today ok and tell them not to fool me like this ok,call him and say you not coming today ok and tell them not to fool me like this ok,82
spam,XMAS Prize draws! We are trying to contact U. Todays draw shows that you have won a £2000 prize GUARANTEED. Call 09058094565 from land line. Valid 12hrs only,xmas prize draws we are trying to contact u todays draw shows that you have won a 2000 prize guaranteed call 09058094565 from land line valid 12hrs only,157
ham,Yes:)here tv is always available in work place..,yeshere tv is always available in work place,48
ham,excellent. I spent  &lt;#&gt;  years in the Air Force. Iraq and afghanistan. I am stable and honest. do you like traveling?,excellent i spent  ltgt  years in the air force iraq and afghanistan i am stable and honest do you like traveling,123
ham,Nothing but we jus tot u would ask cos u ba gua... But we went mt faber yest... Yest jus went out already mah so today not going out... Jus call lor...,nothing but we jus tot u would ask cos u ba gua but we went mt faber yest yest jus went out already mah so today not going out jus call lor,151
spam,"This is the 2nd time we have tried 2 contact u. U have won the 750 Pound prize. 2 claim is easy, call 08712101358 NOW! Only 10p per min. BT-national-rate",this is the 2nd time we have tried 2 contact u u have won the 750 pound prize 2 claim is easy call 08712101358 now only 10p per min btnationalrate,153
ham,Whats the staff name who is taking class for us?,whats the staff name who is taking class for us,48
spam,Congratulations ur awarded either a yrs supply of CDs from Virgin Records or a Mystery Gift GUARANTEED Call 09061104283 Ts&Cs www.smsco.net £1.50pm approx 3mins,congratulations ur awarded either a yrs supply of cds from virgin records or a mystery gift guaranteed call 09061104283 tscs wwwsmsconet 150pm approx 3mins,160
spam,Babe: U want me dont u baby! Im nasty and have a thing 4 filthyguys. Fancy a rude time with a sexy bitch. How about we go slo n hard! Txt XXX SLO(4msgs),babe u want me dont u baby im nasty and have a thing 4 filthyguys fancy a rude time with a sexy bitch how about we go slo n hard txt xxx slo4msgs,152
ham,Is there coming friday is leave for pongal?do you get any news from your work place.,is there coming friday is leave for pongaldo you get any news from your work place,84
ham,I'm job profile seems like bpo..,im job profile seems like bpo,32
ham,Ok pa. Nothing problem:-),ok pa nothing problem,25
ham,"No, I was trying it all weekend ;V",no i was trying it all weekend v,34
ham,"Ok. Not much to do here though. H&M Friday, cant wait. Dunno wot the hell im gonna do for another 3 weeks! Become a slob- oh wait, already done that! ",ok not much to do here though hm friday cant wait dunno wot the hell im gonna do for another 3 weeks become a slob oh wait already done that ,150
ham,"I've not called you in a while. This is hoping it was l8r malaria and that you know that we miss you guys. I miss Bani big, so pls give her my love especially. Have a great day.",ive not called you in a while this is hoping it was l8r malaria and that you know that we miss you guys i miss bani big so pls give her my love especially have a great day,177
ham,I've been trying to reach him without success,ive been trying to reach him without success,45
ham,"Alright, I'll head out in a few minutes, text me where to meet you",alright ill head out in a few minutes text me where to meet you,66
ham,Shb b ok lor... Thanx...,shb b ok lor thanx,24
spam,You have won a guaranteed £200 award or even £1000 cashto claim UR award call free on 08000407165 (18+) 2 stop getstop on 88222 PHP,you have won a guaranteed 200 award or even 1000 cashto claim ur award call free on 08000407165 18 2 stop getstop on 88222 php,131
ham,Alright took the morphine. Back in yo.,alright took the morphine back in yo,38
ham,No she didnt. I will search online and let you know.,no she didnt i will search online and let you know,52
ham,"Hmm... Dunno leh, mayb a bag 4 goigng out dat is not too small. Or jus anything except perfume, smth dat i can keep.",hmm dunno leh mayb a bag 4 goigng out dat is not too small or jus anything except perfume smth dat i can keep,116
ham,Hi mom we might be back later than  &lt;#&gt; ,hi mom we might be back later than  ltgt ,46
ham,"Cool, text me when you head out",cool text me when you head out,31
ham,K actually can you guys meet me at the sunoco on howard? It should be right on the way,k actually can you guys meet me at the sunoco on howard it should be right on the way,86
ham,U reach orchard already? U wan 2 go buy tickets first?,u reach orchard already u wan 2 go buy tickets first,54
ham,"Well, i'm gonna finish my bath now. Have a good...fine night.",well im gonna finish my bath now have a goodfine night,61
ham,"Sorry battery died, yeah I'm here",sorry battery died yeah im here,33
ham,Customer place i will call you.,customer place i will call you,31
ham,Thank You meet you monday,thank you meet you monday,25
ham,Its a part of checking IQ,its a part of checking iq,25
ham,"Didn't try, g and I decided not to head out",didnt try g and i decided not to head out,43
ham,"I wake up long ago already... Dunno, what other thing?",i wake up long ago already dunno what other thing,54
ham,Juz go google n search 4 qet...,juz go google n search 4 qet,31
ham,Hi. I'm always online on yahoo and would like to chat with you someday,hi im always online on yahoo and would like to chat with you someday,70
ham,SO IS TH GOWER MATE WHICH IS WHERE I AM!?! HOW R U MAN? ALL IS GOOD IN WALES ILL B BACK MORROW. C U THIS WK? WHO WAS THE MSG 4?  RANDOM!,so is th gower mate which is where i am how r u man all is good in wales ill b back morrow c u this wk who was the msg 4  random,138
ham,"Easy mate, * guess the quick drink was bit ambitious.",easy mate  guess the quick drink was bit ambitious,53
ham,Do you mind if I ask what happened? You dont have to say if it is uncomfortable.,do you mind if i ask what happened you dont have to say if it is uncomfortable,80
ham,"Just gettin a bit arty with my collages at the mo, well tryin 2 ne way! Got a roast in a min lovely i shall enjoy that!",just gettin a bit arty with my collages at the mo well tryin 2 ne way got a roast in a min lovely i shall enjoy that,119
ham,We stopped to get ice cream and will go back after,we stopped to get ice cream and will go back after,50
ham,I take it we didn't have the phone callon Friday. Can we assume we won't have it this year now?,i take it we didnt have the phone callon friday can we assume we wont have it this year now,95
ham,S:)8 min to go for lunch:),s8 min to go for lunch,26
ham,Oi. Ami parchi na re. Kicchu kaaj korte iccha korche na. Phone ta tul na. Plz. Plz.,oi ami parchi na re kicchu kaaj korte iccha korche na phone ta tul na plz plz,83
ham,Now only i reached home. . . I am very tired now. . I will come tomorro,now only i reached home   i am very tired now  i will come tomorro,71
ham,I'm at home. Please call,im at home please call,24
ham,"Happy new year to u and ur family...may this new year bring happiness , stability and tranquility to ur vibrant colourful life:):)",happy new year to u and ur familymay this new year bring happiness  stability and tranquility to ur vibrant colourful life,130
ham,"Pete,is this your phone still? Its Jenny from college and Leanne.what are you up to now?:)",peteis this your phone still its jenny from college and leannewhat are you up to now,90
ham,In e msg jus now. U said thanks for gift.,in e msg jus now u said thanks for gift,41
ham,That seems unnecessarily hostile,that seems unnecessarily hostile,32
ham,U having lunch alone? I now so bored...,u having lunch alone i now so bored,39
ham,"By the way, make sure u get train to worc foregate street not shrub hill. Have fun night x",by the way make sure u get train to worc foregate street not shrub hill have fun night x,90
spam,WINNER!! As a valued network customer you have been selected to receivea £900 prize reward! To claim call 09061701461. Claim code KL341. Valid 12 hours only.,winner as a valued network customer you have been selected to receivea 900 prize reward to claim call 09061701461 claim code kl341 valid 12 hours only,157
ham,Most of the tiime when i don't let you hug me it's so i don't break into tears.,most of the tiime when i dont let you hug me its so i dont break into tears,79
ham,"Sorry, I'll call later",sorry ill call later,22
ham,make that 3! 4 fucks sake?! x,make that 3 4 fucks sake x,29
ham,It is a good thing I'm now getting the connection to bw,it is a good thing im now getting the connection to bw,55
ham,Just send a text. We'll skype later.,just send a text well skype later,36
ham,"Its good, we'll find a way",its good well find a way,26
ham,"I.ll always be there, even if its just in spirit. I.ll get a bb soon. Just trying to be sure i need it.",ill always be there even if its just in spirit ill get a bb soon just trying to be sure i need it,103
ham,great princess! I love giving and receiving oral. Doggy style is my fave position. How about you? I enjoy making love  &lt;#&gt;  times per night :),great princess i love giving and receiving oral doggy style is my fave position how about you i enjoy making love  ltgt  times per night ,148
ham,Dunno dat's wat he told me. Ok lor...,dunno dats wat he told me ok lor,37
ham,If you were/are free i can give. Otherwise nalla adi entey nattil kittum,if you wereare free i can give otherwise nalla adi entey nattil kittum,72
ham,"Not yet chikku..k, then wat abt tht guy did he stopped irritating or msging to u..",not yet chikkuk then wat abt tht guy did he stopped irritating or msging to u,82
ham,Don know..wait i will check it.,don knowwait i will check it,31
ham,Do you know when the result.,do you know when the result,28
ham,Ok... But bag again..,ok but bag again,21
ham,But i'm really really broke oh. No amount is too small even  &lt;#&gt; ,but im really really broke oh no amount is too small even  ltgt ,71
ham,Hey morning what you come to ask:-) pa...,hey morning what you come to ask pa,41
ham,Hi. || Do u want | to join me with sts later? || Meeting them at five. || Call u after class.,hi  do u want  to join me with sts later  meeting them at five  call u after class,93
ham,Hi its in durban are you still on this number,hi its in durban are you still on this number,45
spam,Not heard from U4 a while. Call 4 rude chat private line 01223585334 to cum. Wan 2C pics of me gettin shagged then text PIX to 8552. 2End send STOP 8552 SAM xxx,not heard from u4 a while call 4 rude chat private line 01223585334 to cum wan 2c pics of me gettin shagged then text pix to 8552 2end send stop 8552 sam xxx,160
ham,"Go until jurong point, crazy.. Available only in bugis n great world la e buffet... Cine there got amore wat...",go until jurong point crazy available only in bugis n great world la e buffet cine there got amore wat,111
spam,-PLS STOP bootydelious (32/F) is inviting you to be her friend. Reply YES-434 or NO-434 See her: www.SMS.ac/u/bootydelious STOP? Send STOP FRND to 62468,pls stop bootydelious 32f is inviting you to be her friend reply yes434 or no434 see her wwwsmsacubootydelious stop send stop frnd to 62468,152
ham,What can i do? Might accidant tookplace between somewhere ghodbandar rd. Traffic moves slovely. So plz slip &amp; don't worry.,what can i do might accidant tookplace between somewhere ghodbandar rd traffic moves slovely so plz slip amp dont worry,126
ham,WE REGRET TO INFORM U THAT THE NHS HAS MADE A MISTAKE.U WERE NEVER ACTUALLY BORN.PLEASE REPORT 2 YOR LOCAL HOSPITAL 2B TERMINATED.WE R SORRY 4 THE INCONVENIENCE,we regret to inform u that the nhs has made a mistakeu were never actually bornplease report 2 yor local hospital 2b terminatedwe r sorry 4 the inconvenience,160
ham,Purity of friendship between two is not about smiling after reading the forwarded message..Its about smiling just by seeing the name. Gud evng,purity of friendship between two is not about smiling after reading the forwarded messageits about smiling just by seeing the name gud evng,142
spam,"Urgent! call 09066350750 from your landline. Your complimentary 4* Ibiza Holiday or 10,000 cash await collection SAE T&Cs PO BOX 434 SK3 8WP 150 ppm 18+ ",urgent call 09066350750 from your landline your complimentary 4 ibiza holiday or 10000 cash await collection sae tcs po box 434 sk3 8wp 150 ppm 18 ,153
ham,If you have belive me. Come to my home.,if you have belive me come to my home,39
ham,Ok Chinese food on its way. When I get fat you're paying for my lipo.,ok chinese food on its way when i get fat youre paying for my lipo,69
ham,At home watching tv lor.,at home watching tv lor,24
ham,Left dessert. U wan me 2 go suntec look 4 u?,left dessert u wan me 2 go suntec look 4 u,44
ham,Only 2% students solved this CAT question in 'xam... 5+3+2= &lt;#&gt;  9+2+4= &lt;#&gt;  8+6+3= &lt;#&gt;  then 7+2+5=????? Tell me the answer if u r brilliant...1thing.i got d answr.,only 2 students solved this cat question in xam 532 ltgt  924 ltgt  863 ltgt  then 725 tell me the answer if u r brilliant1thingi got d answr,183
ham,I was up all night too worrying about this appt. It's a shame we missed a girls night out with quizzes popcorn and you doing my hair.,i was up all night too worrying about this appt its a shame we missed a girls night out with quizzes popcorn and you doing my hair,133
ham,Do you hide anythiing or keeping distance from me,do you hide anythiing or keeping distance from me,49
ham,So how's the weather over there?,so hows the weather over there,32
ham,I am back. Bit long cos of accident on a30. Had to divert via wadebridge.I had a brilliant weekend thanks. Speak soon. Lots of love,i am back bit long cos of accident on a30 had to divert via wadebridgei had a brilliant weekend thanks speak soon lots of love,131
ham,I've sent ü my part..,ive sent  my part,21
ham,From someone not to smoke when every time I've smoked in the last two weeks is because of you calling or texting me that you wanted to smoke,from someone not to smoke when every time ive smoked in the last two weeks is because of you calling or texting me that you wanted to smoke,140
ham,You can jot down things you want to remember later.,you can jot down things you want to remember later,51
ham,"Nah it's straight, if you can just bring bud or drinks or something that's actually a little more useful than straight cash",nah its straight if you can just bring bud or drinks or something thats actually a little more useful than straight cash,123
ham,Ok. No wahala. Just remember that a friend in need ...,ok no wahala just remember that a friend in need ,54
spam,INTERFLORA - It's not too late to order Interflora flowers for christmas call 0800 505060 to place your order before Midnight tomorrow.,interflora  its not too late to order interflora flowers for christmas call 0800 505060 to place your order before midnight tomorrow,136
ham,"I had been hoping i would not have to send you this message. My rent is due and i dont have enough for it. My reserves are completely gone. Its a loan i need and was hoping you could her. The balance is  &lt;#&gt; . Is there a way i could get that from you, till mid march when i hope to pay back.",i had been hoping i would not have to send you this message my rent is due and i dont have enough for it my reserves are completely gone its a loan i need and was hoping you could her the balance is  ltgt  is there a way i could get that from you till mid march when i hope to pay back,297
ham,In fact when do you leave? I think addie goes back to school tues or wed,in fact when do you leave i think addie goes back to school tues or wed,72
ham,I'm on my way home. Went to change batt 4 my watch then go shop a bit lor.,im on my way home went to change batt 4 my watch then go shop a bit lor,74
ham,Po de :-):):-):-):-). No need job aha.,po de  no need job aha,38
ham,Sorry da. I gone mad so many pending works what to do.,sorry da i gone mad so many pending works what to do,54
ham,Yes see ya not on the dot,yes see ya not on the dot,25
spam,U 447801259231 have a secret admirer who is looking 2 make contact with U-find out who they R*reveal who thinks UR so special-call on 09058094597,u 447801259231 have a secret admirer who is looking 2 make contact with ufind out who they rreveal who thinks ur so specialcall on 09058094597,145
ham,Hi here. have birth at on the  to  at 8lb 7oz. Mother and baby doing brilliantly.,hi here have birth at on the  to  at 8lb 7oz mother and baby doing brilliantly,81
ham,"Come to mu, we're sorting out our narcotics situation",come to mu were sorting out our narcotics situation,53
ham,No plm i will come da. On the way.,no plm i will come da on the way,34
ham,You said not now. No problem. When you can. Let me know.,you said not now no problem when you can let me know,56
ham,"Goodmorning, today i am late for 2hrs. Because of back pain.",goodmorning today i am late for 2hrs because of back pain,60
ham,Can i get your opinion on something first?,can i get your opinion on something first,42
ham,Aiya we discuss later lar... Pick ü up at 4 is it?,aiya we discuss later lar pick  up at 4 is it,50
ham,No calls..messages..missed calls,no callsmessagesmissed calls,32
spam,Congrats! Nokia 3650 video camera phone is your Call 09066382422 Calls cost 150ppm Ave call 3mins vary from mobiles 16+ Close 300603 post BCM4284 Ldn WC1N3XX,congrats nokia 3650 video camera phone is your call 09066382422 calls cost 150ppm ave call 3mins vary from mobiles 16 close 300603 post bcm4284 ldn wc1n3xx,157
ham,Pls confirm the time to collect the cheque.,pls confirm the time to collect the cheque,43
ham,But I'm on a diet. And I ate 1 too many slices of pizza yesterday. Ugh I'm ALWAYS on a diet.,but im on a diet and i ate 1 too many slices of pizza yesterday ugh im always on a diet,92
ham,Go where n buy? Juz buy when we get there lar.,go where n buy juz buy when we get there lar,46
ham,"My Parents, My Kidz, My Friends n My Colleagues. All screaming.. SURPRISE !! and I was waiting on the sofa.. ... ..... ' NAKED...!",my parents my kidz my friends n my colleagues all screaming surprise  and i was waiting on the sofa    naked,130
ham,S'fine. Anytime. All the best with it.,sfine anytime all the best with it,38
ham,Sorry. You never hear unless you book it. One was kinda a joke--thet were really looking for skinny white girls. The other was one line--you can only do so much on camera with that. Something like that they're casting on the look.,sorry you never hear unless you book it one was kinda a jokethet were really looking for skinny white girls the other was one lineyou can only do so much on camera with that something like that theyre casting on the look,230
ham,"swhrt how u dey,hope ur ok, tot about u 2day.love n miss.take care.",swhrt how u deyhope ur ok tot about u 2daylove n misstake care,67
ham,Just getting back home,just getting back home,22
spam,Ringtone Club: Gr8 new polys direct to your mobile every week !,ringtone club gr8 new polys direct to your mobile every week ,63
ham,Yes i thought so. Thanks.,yes i thought so thanks,25
ham,"Camera quite good, 10.1mega pixels, 3optical and 5digital dooms. Have a lovely holiday, be safe and i hope you hav a good journey! Happy new year to you both! See you in a couple of weeks! ",camera quite good 101mega pixels 3optical and 5digital dooms have a lovely holiday be safe and i hope you hav a good journey happy new year to you both see you in a couple of weeks ,189
ham,"Good stuff, will do.",good stuff will do,20
ham,Merry christmas to u too annie!,merry christmas to u too annie,31
ham,Desires- u going to doctor 4 liver. And get a bit stylish. Get ur hair managed. Thats it.,desires u going to doctor 4 liver and get a bit stylish get ur hair managed thats it,89
ham,"Sorry, I'll call later",sorry ill call later,22
ham,I'm home...,im home,11
ham,Yup song bro. No creative. Neva test quality. He said check review online.,yup song bro no creative neva test quality he said check review online,74
ham,Jay is snickering and tells me that x is totally fucking up the chords as we speak,jay is snickering and tells me that x is totally fucking up the chords as we speak,82
ham,"Sorry light turned green, I meant another friend wanted  &lt;#&gt;  worth but he may not be around",sorry light turned green i meant another friend wanted  ltgt  worth but he may not be around,98
ham,IM LATE TELLMISS IM ON MY WAY,im late tellmiss im on my way,29
ham,When're you guys getting back? G said you were thinking about not staying for mcr,whenre you guys getting back g said you were thinking about not staying for mcr,81
ham,Hasn't that been the pattern recently crap weekends?,hasnt that been the pattern recently crap weekends,52
ham,Hi dude hw r u da realy mising u today,hi dude hw r u da realy mising u today,38
ham,Wait 2 min..stand at bus stop,wait 2 minstand at bus stop,29
ham,My phone,my phone,8
ham,Are you plans with your family set in stone ?,are you plans with your family set in stone ,45
ham,Take care and sleep well.you need to learn to change in life.you only need to get CONVINCED on that.i will wait but no more conversations between us.GET CONVINCED by that time.Your family is over for you in many senses.respect them but not overemphasise.or u have no role in my life.,take care and sleep wellyou need to learn to change in lifeyou only need to get convinced on thati will wait but no more conversations between usget convinced by that timeyour family is over for you in many sensesrespect them but not overemphasiseor u have no role in my life,283
ham,Then what about further plan?,then what about further plan,29
ham,"Jolly good! By the way,  will give u tickets for sat eve 7.30. Speak before then x",jolly good by the way  will give u tickets for sat eve 730 speak before then x,82
ham,"Are you being good, baby? :)",are you being good baby ,28
ham,Well then you have a great weekend!,well then you have a great weekend,35
ham,"Ups which is 3days also, and the shipping company that takes 2wks. The other way is usps which takes a week but when it gets to lag you may have to bribe nipost to get your stuff.",ups which is 3days also and the shipping company that takes 2wks the other way is usps which takes a week but when it gets to lag you may have to bribe nipost to get your stuff,179
ham,"Dear Sir,Salam Alaikkum.Pride and Pleasure meeting you today at the Tea Shop.We are pleased to send you our contact number at Qatar.Rakhesh an Indian.Pls save our Number.Respectful Regards.",dear sirsalam alaikkumpride and pleasure meeting you today at the tea shopwe are pleased to send you our contact number at qatarrakhesh an indianpls save our numberrespectful regards,189
ham,Haha i think i did too,haha i think i did too,22
ham,K.k:)i'm going to tirunelvali this week to see my uncle ..i already spend the amount by taking dress .so only i want money.i will give it on feb 1,kkim going to tirunelvali this week to see my uncle i already spend the amount by taking dress so only i want moneyi will give it on feb 1,146
ham,I re-met alex nichols from middle school and it turns out he's dealing!,i remet alex nichols from middle school and it turns out hes dealing,71
ham,No. I.ll meet you in the library,no ill meet you in the library,32
ham,Who's there say hi to our drugdealer,whos there say hi to our drugdealer,36
ham,"Miss ya, need ya, want ya, love ya.",miss ya need ya want ya love ya,35
ham,"Hi Jon, Pete here, Ive bin 2 Spain recently & hav sum dinero left, Bill said u or ur rents mayb interested in it, I hav 12,000pes, so around £48, tb, James.",hi jon pete here ive bin 2 spain recently  hav sum dinero left bill said u or ur rents mayb interested in it i hav 12000pes so around 48 tb james,157
ham,"I think I‘m waiting for the same bus! Inform me when you get there, if you ever get there.",i think im waiting for the same bus inform me when you get there if you ever get there,90
spam,"Someone U know has asked our dating service 2 contact you! Cant guess who? CALL 09058095107 NOW all will be revealed. POBox 7, S3XY 150p ",someone u know has asked our dating service 2 contact you cant guess who call 09058095107 now all will be revealed pobox 7 s3xy 150p ,137
ham,I am thinking of going down to reg for pract lessons.. Flung my advance.. Haha wat time u going?,i am thinking of going down to reg for pract lessons flung my advance haha wat time u going,96
ham,Anything lor. Juz both of us lor.,anything lor juz both of us lor,33
ham,"Hey doc pls I want to get nice t shirt for my hubby nice fiting ones my budget is  &lt;#&gt; k help pls I will load d card abi hw,keep me posted luv. 2 mj",hey doc pls i want to get nice t shirt for my hubby nice fiting ones my budget is  ltgt k help pls i will load d card abi hwkeep me posted luv 2 mj,154
ham,Pls go there today  &lt;#&gt; . I dont want any excuses,pls go there today  ltgt  i dont want any excuses,55
ham,Did u got that persons story,did u got that persons story,28
ham,Spoons it is then okay?,spoons it is then okay,23
ham,Ok i vl..do u know i got adsense approved..,ok i vldo u know i got adsense approved,43
ham,"A bit of Ur smile is my hppnss, a drop of Ur tear is my sorrow, a part of Ur heart is my life, a heart like mine wil care for U, forevr as my GOODFRIEND",a bit of ur smile is my hppnss a drop of ur tear is my sorrow a part of ur heart is my life a heart like mine wil care for u forevr as my goodfriend,152
ham,Oh oh... Den muz change plan liao... Go back have to yan jiu again...,oh oh den muz change plan liao go back have to yan jiu again,69
spam,"pdate_Now - Double mins and 1000 txts on Orange tariffs. Latest Motorola, SonyEricsson & Nokia & Bluetooth FREE! Call MobileUpd8 on 08000839402 or call2optout/!YHL",pdatenow  double mins and 1000 txts on orange tariffs latest motorola sonyericsson  nokia  bluetooth free call mobileupd8 on 08000839402 or call2optoutyhl,163
ham,Hey! There's veggie pizza... :/,hey theres veggie pizza ,31
spam,<Forwarded from 448712404000>Please CALL 08712404000 immediately as there is an urgent message waiting for you.,forwarded from 448712404000please call 08712404000 immediately as there is an urgent message waiting for you,111
ham,Good evening! How are you?,good evening how are you,26
ham,"""Thinking of u ;) x""",thinking of u  x,20
spam,Please call our customer service representative on 0800 169 6031 between 10am-9pm as you have WON a guaranteed £1000 cash or £5000 prize!,please call our customer service representative on 0800 169 6031 between 10am9pm as you have won a guaranteed 1000 cash or 5000 prize,137
ham,Roger that. We‘re probably going to rem in about 20,roger that were probably going to rem in about 20,51
ham,U still havent got urself a jacket ah?,u still havent got urself a jacket ah,38
ham,I just really need shit before tomorrow and I know you won't be awake before like 6,i just really need shit before tomorrow and i know you wont be awake before like 6,83
ham,Is xy in ur car when u picking me up?,is xy in ur car when u picking me up,37
ham,I will cme i want to go to hos 2morow. After that i wil cme. This what i got from her dear what to do. She didnt say any time,i will cme i want to go to hos 2morow after that i wil cme this what i got from her dear what to do she didnt say any time,125
ham,Gud mrng dear hav a nice day,gud mrng dear hav a nice day,28
ham,"Good morning, my Love ... I go to sleep now and wish you a great day full of feeling better and opportunity ... You are my last thought babe, I LOVE YOU *kiss*",good morning my love  i go to sleep now and wish you a great day full of feeling better and opportunity  you are my last thought babe i love you kiss,159
ham,No..he joined today itself.,nohe joined today itself,27
spam,You have 1 new message. Please call 08718738034.,you have 1 new message please call 08718738034,48
ham,"Especially since i talk about boston all up in my personal statement, lol! I woulda changed that if i had realized it said nyc! It says boston now.",especially since i talk about boston all up in my personal statement lol i woulda changed that if i had realized it said nyc it says boston now,147
ham,"Sorry, it's a lot of friend-of-a-friend stuff, I'm just now about to talk to the actual guy who wants to buy",sorry its a lot of friendofafriend stuff im just now about to talk to the actual guy who wants to buy,108
ham,Aight ill get on fb in a couple minutes,aight ill get on fb in a couple minutes,39
ham,K.k..how is your sister kids?,kkhow is your sister kids,29
ham,Sorry i din lock my keypad.,sorry i din lock my keypad,27
ham,Meeting u is my work. . . Tel me when shall i do my work tomorrow,meeting u is my work   tel me when shall i do my work tomorrow,65
ham,"We're all getting worried over here, derek and taylor have already assumed the worst",were all getting worried over here derek and taylor have already assumed the worst,84
ham,Is there any movie theatre i can go to and watch unlimited movies and just pay once?,is there any movie theatre i can go to and watch unlimited movies and just pay once,84
ham,Some are lasting as much as 2 hours. You might get lucky.,some are lasting as much as 2 hours you might get lucky,57
ham,Still at west coast... Haiz... Ü'll take forever to come back...,still at west coast haiz ll take forever to come back,64
ham,K..give back my thanks.,kgive back my thanks,23
ham,R ü going 4 today's meeting?,r  going 4 todays meeting,28
ham,Gudnite....tc...practice going on,gudnitetcpractice going on,33
ham,Wot u up 2? Thout u were gonna call me!! Txt bak luv K,wot u up 2 thout u were gonna call me txt bak luv k,54
ham,And do you have any one that can teach me how to ship cars.,and do you have any one that can teach me how to ship cars,59
ham,Alex says he's not ok with you not being ok with it,alex says hes not ok with you not being ok with it,51
ham,If i said anything wrong sorry de:-),if i said anything wrong sorry de,36
ham,Argh why the fuck is nobody in town ;_;,argh why the fuck is nobody in town ,39
ham,Ugh hopefully the asus ppl dont randomly do a reformat.,ugh hopefully the asus ppl dont randomly do a reformat,55
ham,Ill be at yours in about 3 mins but look out for me,ill be at yours in about 3 mins but look out for me,51
ham,No..jst change tat only..,nojst change tat only,25
ham,"Ask g or iouri, I've told the story like ten times already",ask g or iouri ive told the story like ten times already,58
ham,To day class is there are no class.,to day class is there are no class,35
ham,O was not into fps then.,o was not into fps then,24
ham,How. Its a little difficult but its a simple way to enter this place,how its a little difficult but its a simple way to enter this place,68
ham,Dont talk to him ever ok its my word.,dont talk to him ever ok its my word,37
ham,"Awesome, I remember the last time we got somebody high for the first time with diesel :V",awesome i remember the last time we got somebody high for the first time with diesel v,88
ham,C movie is juz last minute decision mah. Juz watch 2 lar but i tot ü not interested.,c movie is juz last minute decision mah juz watch 2 lar but i tot  not interested,84
ham,Tomarrow i want to got to court. At  &lt;DECIMAL&gt; . So you come to bus stand at 9.,tomarrow i want to got to court at  ltdecimalgt  so you come to bus stand at 9,85
ham,Ard 6 like dat lor.,ard 6 like dat lor,19
ham,Tomarrow final hearing on my laptop case so i cant.,tomarrow final hearing on my laptop case so i cant,51
ham,"Yeah we wouldn't leave for an hour at least, how's 4 sound?",yeah we wouldnt leave for an hour at least hows 4 sound,59
ham,I'm really sorry I lit your hair on fire,im really sorry i lit your hair on fire,40
ham,I'm home. Doc gave me pain meds says everything is fine.,im home doc gave me pain meds says everything is fine,56
ham,I sent them. Do you like?,i sent them do you like,25
ham,will you like to be spoiled? :),will you like to be spoiled ,31
spam,"Today's Offer! Claim ur £150 worth of discount vouchers! Text YES to 85023 now! SavaMob, member offers mobile! T Cs 08717898035. £3.00 Sub. 16 . Unsub reply X",todays offer claim ur 150 worth of discount vouchers text yes to 85023 now savamob member offers mobile t cs 08717898035 300 sub 16  unsub reply x,158
ham,"Sorry man my account's dry or I would, if you want we could trade back half or I could buy some shit with my credit card",sorry man my accounts dry or i would if you want we could trade back half or i could buy some shit with my credit card,120
ham,So what did the bank say about the money?,so what did the bank say about the money,41
spam,"Urgent! Please call 09066612661 from your landline, your complimentary 4* Lux Costa Del Sol holiday or £1000 CASH await collection. ppm 150 SAE T&Cs James 28, EH74RR",urgent please call 09066612661 from your landline your complimentary 4 lux costa del sol holiday or 1000 cash await collection ppm 150 sae tcs james 28 eh74rr,165
ham,So ü'll be submitting da project tmr rite?,so ll be submitting da project tmr rite,42
ham,I'm still looking for a car to buy. And have not gone 4the driving test yet.,im still looking for a car to buy and have not gone 4the driving test yet,76
ham,"'Wnevr i wana fal in luv vth my books, My bed fals in luv vth me..!'' . Yen madodu, nav pretsorginta, nammanna pretsovru important alwa....!!:) Gud eveB-).",wnevr i wana fal in luv vth my books my bed fals in luv vth me  yen madodu nav pretsorginta nammanna pretsovru important alwa gud eveb,155
ham,"Sometimes we put walls around our hearts,not just to be safe from getting hurt.. But to find out who cares enough to break the walls &amp; get closer.. GOODNOON:)",sometimes we put walls around our heartsnot just to be safe from getting hurt but to find out who cares enough to break the walls amp get closer goodnoon,162
ham,Ok... Take ur time n enjoy ur dinner...,ok take ur time n enjoy ur dinner,39
ham,"Sorry, I'll call later",sorry ill call later,22
ham,tap & spile at seven. * Is that pub on gas st off broad st by canal. Ok?,tap  spile at seven  is that pub on gas st off broad st by canal ok,72
ham,"The table's occupied, I'm waiting by the tree",the tables occupied im waiting by the tree,45
ham,"That's what I love to hear :V see you sundayish, then",thats what i love to hear v see you sundayish then,53
ham,I dont know what to do to come out of this so only am ask questions like this dont mistake me.,i dont know what to do to come out of this so only am ask questions like this dont mistake me,94
spam,URGENT! We are trying to contact U. Todays draw shows that you have won a £800 prize GUARANTEED. Call 09050001808 from land line. Claim M95. Valid12hrs only,urgent we are trying to contact u todays draw shows that you have won a 800 prize guaranteed call 09050001808 from land line claim m95 valid12hrs only,156
ham,"Friendship is not a game to play, It is not a word to say, It doesn\'t start on March and ends on May, It is tomorrow, yesterday, today and e",friendship is not a game to play it is not a word to say it doesnt start on march and ends on may it is tomorrow yesterday today and e,141
ham,Ok both our days. So what are you making for dinner tonite? Am I invited?,ok both our days so what are you making for dinner tonite am i invited,73
spam,Here is your discount code RP176781. To stop further messages reply stop. www.regalportfolio.co.uk. Customer Services 08717205546,here is your discount code rp176781 to stop further messages reply stop wwwregalportfoliocouk customer services 08717205546,129
ham,watever reLation u built up in dis world only thing which remains atlast iz lonlines with lotz n lot memories! feeling..,watever relation u built up in dis world only thing which remains atlast iz lonlines with lotz n lot memories feeling,120
ham,Dear i have reache room,dear i have reache room,23
ham,Yes. I come to nyc for audiitions and am trying to relocate.,yes i come to nyc for audiitions and am trying to relocate,60
ham,Er yep sure. Props?,er yep sure props,19
ham,Oh ok no prob..,oh ok no prob,15
ham,I wanted to ask ü to wait 4 me to finish lect. Cos my lect finishes in an hour anyway.,i wanted to ask  to wait 4 me to finish lect cos my lect finishes in an hour anyway,86
spam,Reminder: You have not downloaded the content you have already paid for. Goto http://doit. mymoby. tv/ to collect your content.,reminder you have not downloaded the content you have already paid for goto httpdoit mymoby tv to collect your content,127
ham,Then u drive lor.,then u drive lor,17
ham,We don call like  &lt;#&gt;  times oh. No give us hypertension oh.,we don call like  ltgt  times oh no give us hypertension oh,66
ham,Don know..he is watching film in computer..,don knowhe is watching film in computer,43
ham,I've reached already.,ive reached already,21
spam,"Sppok up ur mob with a Halloween collection of nokia logo&pic message plus a FREE eerie tone, txt CARD SPOOK to 8007",sppok up ur mob with a halloween collection of nokia logopic message plus a free eerie tone txt card spook to 8007,116
ham,Ok c ü then.,ok c  then,12
ham,"Tick, tick, tick .... Where are you ? I could die of loneliness you know ! *pouts* *stomps feet* I need you ...",tick tick tick  where are you  i could die of loneliness you know  pouts stomps feet i need you ,111
spam,"Urgent Urgent! We have 800 FREE flights to Europe to give away, call B4 10th Sept & take a friend 4 FREE. Call now to claim on 09050000555. BA128NNFWFLY150ppm",urgent urgent we have 800 free flights to europe to give away call b4 10th sept  take a friend 4 free call now to claim on 09050000555 ba128nnfwfly150ppm,158
ham,Thanx a lot...,thanx a lot,14
ham,"I get out of class in bsn in like  &lt;#&gt;  minutes, you know where advising is?",i get out of class in bsn in like  ltgt  minutes you know where advising is,82
ham,"Night has ended for another day, morning has come in a special way. May you smile like the sunny rays and leaves your worries at the blue blue bay. Gud mrng",night has ended for another day morning has come in a special way may you smile like the sunny rays and leaves your worries at the blue blue bay gud mrng,156
ham,Eh den sat u book e kb liao huh...,eh den sat u book e kb liao huh,34
ham,"Hi, wlcome back, did wonder if you got eaten by a lion or something, nothing much",hi wlcome back did wonder if you got eaten by a lion or something nothing much,81
ham,Call to the number which is available in appointment. And ask to connect the call to waheed fathima.,call to the number which is available in appointment and ask to connect the call to waheed fathima,100
ham,I wish things were different. I wonder when i will be able to show you how much i value you. Pls continue the brisk walks no drugs without askin me please and find things to laugh about. I love you dearly.,i wish things were different i wonder when i will be able to show you how much i value you pls continue the brisk walks no drugs without askin me please and find things to laugh about i love you dearly,205
ham,"I know you are thinkin malaria. But relax, children cant handle malaria. She would have been worse and its gastroenteritis. If she takes enough to replace her loss her temp will reduce. And if you give her malaria meds now she will just vomit. Its a self limiting illness she has which means in a few days it will completely stop",i know you are thinkin malaria but relax children cant handle malaria she would have been worse and its gastroenteritis if she takes enough to replace her loss her temp will reduce and if you give her malaria meds now she will just vomit its a self limiting illness she has which means in a few days it will completely stop,329
spam,"Ur balance is now £600. Next question: Complete the landmark, Big, A. Bob, B. Barry or C. Ben ?. Text A, B or C to 83738. Good luck!",ur balance is now 600 next question complete the landmark big a bob b barry or c ben  text a b or c to 83738 good luck,132
ham,Moji just informed me that you saved our lives. Thanks.,moji just informed me that you saved our lives thanks,55
ham,"Oh right, ok. I'll make sure that i do loads of work during the day!  got a really nasty cough today and is dry n shot so that should really help it!",oh right ok ill make sure that i do loads of work during the day  got a really nasty cough today and is dry n shot so that should really help it,149
ham,K ill drink.pa then what doing. I need srs model pls send it to my mail id pa.,k ill drinkpa then what doing i need srs model pls send it to my mail id pa,78
spam,"Call 09094100151 to use ur mins! Calls cast 10p/min (mob vary). Service provided by AOM, just GBP5/month. AOM Box61,M60 1ER until u stop. Ages 18+ only!",call 09094100151 to use ur mins calls cast 10pmin mob vary service provided by aom just gbp5month aom box61m60 1er until u stop ages 18 only,152
ham,I thk ü gotta go home by urself. Cos i'll b going out shopping 4 my frens present. ,i thk  gotta go home by urself cos ill b going out shopping 4 my frens present ,83
spam,5p 4 alfie Moon's Children in need song on ur mob. Tell ur m8s. Txt Tone charity to 8007 for Nokias or Poly charity for polys: zed 08701417012 profit 2 charity.,5p 4 alfie moons children in need song on ur mob tell ur m8s txt tone charity to 8007 for nokias or poly charity for polys zed 08701417012 profit 2 charity,160
ham,Havent mus ask if u can 1st wat. Of meet 4 lunch den u n him meet can already lor. Or u wan 2 go ask da ge 1st then confirm w me asap?,havent mus ask if u can 1st wat of meet 4 lunch den u n him meet can already lor or u wan 2 go ask da ge 1st then confirm w me asap,134
ham,I'm home.,im home,9
ham,Hi! You just spoke to MANEESHA V. We'd like to know if you were satisfied with the experience. Reply Toll Free with Yes or No.,hi you just spoke to maneesha v wed like to know if you were satisfied with the experience reply toll free with yes or no,126
ham,Nope but i'll b going 2 sch on fri quite early lor cos mys sis got paper in da morn :-),nope but ill b going 2 sch on fri quite early lor cos mys sis got paper in da morn ,87
ham,"Im sorry bout last nite it wasnt ur fault it was me, spouse it was pmt or sumthin! U 4give me? I think u shldxxxx",im sorry bout last nite it wasnt ur fault it was me spouse it was pmt or sumthin u 4give me i think u shldxxxx,114
ham,Hey come online! Use msn... We are all there,hey come online use msn we are all there,44
ham,"Dear,regret i cudnt pick call.drove down frm ctla now at cochin home.left mobile in car..ente style ishtamayoo?happy bakrid!",dearregret i cudnt pick calldrove down frm ctla now at cochin homeleft mobile in carente style ishtamayoohappy bakrid,124
ham,What about this one then.,what about this one then,25
ham,"Haha yeah, 2 oz is kind of a shitload",haha yeah 2 oz is kind of a shitload,37
ham,I think that tantrum's finished so yeah I'll be by at some point,i think that tantrums finished so yeah ill be by at some point,64
spam,"Thanks for your ringtone order, reference number X49.Your mobile will be charged 4.50. Should your tone not arrive please call customer services 09065989182",thanks for your ringtone order reference number x49your mobile will be charged 450 should your tone not arrive please call customer services 09065989182,156
ham,Havent.,havent,7
ham,I had askd u a question some hours before. Its answer,i had askd u a question some hours before its answer,53
ham,Gettin rdy to ship comp,gettin rdy to ship comp,23
spam,3. You have received your mobile content. Enjoy,3 you have received your mobile content enjoy,47
ham,U attend ur driving lesson how many times a wk n which day?,u attend ur driving lesson how many times a wk n which day,59
ham,"Dear friends, sorry for the late information. Today is the birthday of our loving Ar.Praveesh. for more details log on to face book and see. Its his number + &lt;#&gt; . Dont miss a delicious treat.",dear friends sorry for the late information today is the birthday of our loving arpraveesh for more details log on to face book and see its his number  ltgt  dont miss a delicious treat,198
ham,I dont understand your message.,i dont understand your message,31
ham,Oh ya ya. I remember da. .,oh ya ya i remember da ,26
ham,Hey gals.. Anyone of u going down to e driving centre tmr?,hey gals anyone of u going down to e driving centre tmr,58
ham,How are you. Just checking up on you,how are you just checking up on you,36
ham,I know complain num only..bettr directly go to bsnl offc nd apply for it..,i know complain num onlybettr directly go to bsnl offc nd apply for it,74
ham,My uncles in Atlanta. Wish you guys a great semester.,my uncles in atlanta wish you guys a great semester,53
spam,PRIVATE! Your 2003 Account Statement for 078,private your 2003 account statement for 078,44
ham,Got it. Seventeen pounds for seven hundred ml – hope ok.,got it seventeen pounds for seven hundred ml  hope ok,56
ham,"Probably, want to pick up more?",probably want to pick up more,31
ham,TELL HER I SAID EAT SHIT.,tell her i said eat shit,25
ham,"Cool breeze... Bright sun... Fresh flower... Twittering birds... All these waiting to wish u: ""GOODMORNING &amp; HAVE A NICE DAY"" :)",cool breeze bright sun fresh flower twittering birds all these waiting to wish u goodmorning amp have a nice day ,132
ham,Hey... What time is your driving on fri? We go for evaluation on fri?,hey what time is your driving on fri we go for evaluation on fri,69
spam,Message Important information for O2 user. Today is your lucky day! 2 find out why log onto http://www.urawinner.com there is a fantastic surprise awaiting you,message important information for o2 user today is your lucky day 2 find out why log onto httpwwwurawinnercom there is a fantastic surprise awaiting you,159
ham,Uhhhhrmm isnt having tb test bad when youre sick,uhhhhrmm isnt having tb test bad when youre sick,48
ham,Wat's my dear doing? Sleeping ah?,wats my dear doing sleeping ah,33
ham,Is there any training tomorrow?,is there any training tomorrow,31
ham,"Sorry, I'll call later",sorry ill call later,22
ham,"Feb  &lt;#&gt;  is ""I LOVE U"" day. Send dis to all ur ""VALUED FRNDS"" evn me. If 3 comes back u'll gt married d person u luv! If u ignore dis u will lose ur luv 4 Evr",feb  ltgt  is i love u day send dis to all ur valued frnds evn me if 3 comes back ull gt married d person u luv if u ignore dis u will lose ur luv 4 evr,165
ham,I thk 50 shd be ok he said plus minus 10.. Did ü leave a line in between paragraphs?,i thk 50 shd be ok he said plus minus 10 did  leave a line in between paragraphs,84
spam,Please call our customer service representative on FREEPHONE 0808 145 4742 between 9am-11pm as you have WON a guaranteed £1000 cash or £5000 prize!,please call our customer service representative on freephone 0808 145 4742 between 9am11pm as you have won a guaranteed 1000 cash or 5000 prize,147
ham,"Mmmmm ... I loved waking to your words this morning ! I miss you too, my Love. I hope your day goes well and you are happy. I wait for us to be together again",mmmmm  i loved waking to your words this morning  i miss you too my love i hope your day goes well and you are happy i wait for us to be together again,158
ham,What i told before i tell. Stupid hear after i wont tell anything to you. You dad called to my brother and spoken. Not with me.,what i told before i tell stupid hear after i wont tell anything to you you dad called to my brother and spoken not with me,127
ham,Your opinion about me? 1. Over 2. Jada 3. Kusruthi 4. Lovable 5. Silent 6. Spl character 7. Not matured 8. Stylish 9. Simple Pls reply..,your opinion about me 1 over 2 jada 3 kusruthi 4 lovable 5 silent 6 spl character 7 not matured 8 stylish 9 simple pls reply,136
ham,"Me, i dont know again oh",me i dont know again oh,24
ham,Do you like shaking your booty on the dance floor?,do you like shaking your booty on the dance floor,50
ham,Anytime...,anytime,10
ham,Hey i will be late ah... Meet you at 945+,hey i will be late ah meet you at 945,41
ham,2 and half years i missed your friendship:-),2 and half years i missed your friendship,44
spam,Santa Calling! Would your little ones like a call from Santa Xmas eve? Call 09058094583 to book your time.,santa calling would your little ones like a call from santa xmas eve call 09058094583 to book your time,106
ham,Done it but internet connection v slow and can‘t send it. Will try again later or first thing tomo.,done it but internet connection v slow and cant send it will try again later or first thing tomo,99
ham,"I think your mentor is , but not 100 percent sure.",i think your mentor is  but not 100 percent sure,50
ham,"I am real, baby! I want to bring out your inner tigress...",i am real baby i want to bring out your inner tigress,58
ham,How long does applebees fucking take,how long does applebees fucking take,36
ham,Probably gonna swing by in a wee bit,probably gonna swing by in a wee bit,36
ham,"Haha just kidding, papa needs drugs",haha just kidding papa needs drugs,35
ham,"Yeah, probably but not sure. Ilol let u know, but personally I wuldnt bother, then again if ur goin to then I mite as well!!",yeah probably but not sure ilol let u know but personally i wuldnt bother then again if ur goin to then i mite as well,124
ham,"Chinatown got porridge, claypot rice, yam cake, fishhead beehoon... Either we eat cheap den go cafe n tok or go nydc or somethin...",chinatown got porridge claypot rice yam cake fishhead beehoon either we eat cheap den go cafe n tok or go nydc or somethin,131
ham,So what about you. What do you remember,so what about you what do you remember,39
ham,Smith waste da.i wanna gayle.,smith waste dai wanna gayle,29
ham,Oh ho. Is this the first time u use these type of words,oh ho is this the first time u use these type of words,55
ham,U GOIN OUT 2NITE?,u goin out 2nite,17
ham,"Coffee cake, i guess...",coffee cake i guess,23
spam,Are you unique enough? Find out from 30th August. www.areyouunique.co.uk,are you unique enough find out from 30th august wwwareyouuniquecouk,72
ham,I REALLY NEED 2 KISS U I MISS U MY BABY FROM UR BABY 4EVA,i really need 2 kiss u i miss u my baby from ur baby 4eva,57
ham,"K, if u bored up just come to my home..",k if u bored up just come to my home,39
ham,I am on the way to ur home,i am on the way to ur home,26
ham,Where are you ? What do you do ? How can you stand to be away from me ? Doesn't your heart ache without me ? Don't you wonder of me ? Don't you crave me ?,where are you  what do you do  how can you stand to be away from me  doesnt your heart ache without me  dont you wonder of me  dont you crave me ,154
ham,S s..first time..dhoni rocks...,s sfirst timedhoni rocks,31
spam,"Want to funk up ur fone with a weekly new tone reply TONES2U 2 this text. www.ringtones.co.uk, the original n best. Tones 3GBP network operator rates apply",want to funk up ur fone with a weekly new tone reply tones2u 2 this text wwwringtonescouk the original n best tones 3gbp network operator rates apply,155
ham,I'm reading the text i just sent you. Its meant to be a joke. So read it in that light,im reading the text i just sent you its meant to be a joke so read it in that light,86
spam,"09066362231 URGENT! Your mobile No 07xxxxxxxxx won a £2,000 bonus caller prize on 02/06/03! this is the 2nd attempt to reach YOU! call 09066362231 ASAP!",09066362231 urgent your mobile no 07xxxxxxxxx won a 2000 bonus caller prize on 020603 this is the 2nd attempt to reach you call 09066362231 asap,152
ham,How did you find out in a way that didn't include all of these details,how did you find out in a way that didnt include all of these details,70
ham,Oh great. I.ll disturb him more so that we can talk.,oh great ill disturb him more so that we can talk,52
ham,"I noe la... U wana pei bf oso rite... K lor, other days den...",i noe la u wana pei bf oso rite k lor other days den,62
ham,"Ahhhh...just woken up!had a bad dream about u tho,so i dont like u right now :) i didnt know anything about comedy night but i guess im up for it.",ahhhhjust woken uphad a bad dream about u thoso i dont like u right now  i didnt know anything about comedy night but i guess im up for it,146
ham,No it's waiting in e car dat's bored wat. Cos wait outside got nothing 2 do. At home can do my stuff or watch tv wat.,no its waiting in e car dats bored wat cos wait outside got nothing 2 do at home can do my stuff or watch tv wat,117
ham,Wat u doing there?,wat u doing there,18
ham,"""NOT ENUFCREDEIT TOCALL.SHALL ILEAVE UNI AT 6 +GET A BUS TO YOR HOUSE?""",not enufcredeit tocallshall ileave uni at 6 get a bus to yor house,71
ham,Where's mummy's boy ? Is he being good or bad ? Is he being positive or negative ? Why is mummy being made to wait? Hmmmm?,wheres mummys boy  is he being good or bad  is he being positive or negative  why is mummy being made to wait hmmmm,122
spam,"For ur chance to win £250 cash every wk TXT: PLAY to 83370. T's&C's www.music-trivia.net custcare 08715705022, 1x150p/wk.",for ur chance to win 250 cash every wk txt play to 83370 tscs wwwmusictrivianet custcare 08715705022 1x150pwk,121
ham,Imagine Life WITHOUT ME... see.. How fast u are searching me?Don't worry.. l'm always there To disturb U.. Goodnoon..:),imagine life without me see how fast u are searching medont worry lm always there to disturb u goodnoon,119
ham,Aiyah u did ok already lar. E nydc at wheellock?,aiyah u did ok already lar e nydc at wheellock,48
ham,Ok. There may be a free gym about.,ok there may be a free gym about,34
ham,How much r ü willing to pay?,how much r  willing to pay,28
ham,How? Izzit still raining?,how izzit still raining,25
ham,What happen dear tell me,what happen dear tell me,24
ham,No no. I will check all rooms befor activities,no no i will check all rooms befor activities,46
spam,Monthly password for wap. mobsi.com is 391784. Use your wap phone not PC.,monthly password for wap mobsicom is 391784 use your wap phone not pc,73
ham,I am 6 ft. We will be a good combination!,i am 6 ft we will be a good combination,41
ham,Can come my room but cannot come my house cos my house still messy... Haha...,can come my room but cannot come my house cos my house still messy haha,77
ham,No problem. Talk to you later,no problem talk to you later,29
ham,Ard 4 lor...,ard 4 lor,12
ham,No but the bluray player can,no but the bluray player can,28
ham,"Not sure yet, still trying to get a hold of him",not sure yet still trying to get a hold of him,47
ham,Okie...,okie,7
ham,"* Was a nice day and, impressively, i was sensible, went home early and now feel fine. Or am i just boring?! When's yours, i can't remember.", was a nice day and impressively i was sensible went home early and now feel fine or am i just boring whens yours i cant remember,140
ham,Just woke up. Yeesh its late. But I didn't fall asleep til &lt;#&gt; am :/,just woke up yeesh its late but i didnt fall asleep til ltgt am ,74
ham,Well I might not come then...,well i might not come then,29
spam,Please CALL 08712402902 immediately as there is an urgent message waiting for you.,please call 08712402902 immediately as there is an urgent message waiting for you,82
ham,I also thk too fast... Xy suggest one not me. U dun wan it's ok. Going 2 rain leh where got gd.,i also thk too fast xy suggest one not me u dun wan its ok going 2 rain leh where got gd,95
ham,Yup ok...,yup ok,9
ham,HOW ARE U? I HAVE MISSED U! I HAVENT BEEN UP 2 MUCH A BIT BORED WITH THE HOLIDAY WANT 2 GO BAK 2 COLLEGE! SAD ISNT IT?xx,how are u i have missed u i havent been up 2 much a bit bored with the holiday want 2 go bak 2 college sad isnt itxx,120
ham,"I can't right this second, gotta hit people up first",i cant right this second gotta hit people up first,52
ham,"Haven't found a way to get another app for your phone, eh ? Will you go to the net cafe ? Did you take that job? Geeee I need you babe. I crave to see you ...",havent found a way to get another app for your phone eh  will you go to the net cafe  did you take that job geeee i need you babe i crave to see you ,158
spam,U have won a nokia 6230 plus a free digital camera. This is what u get when u win our FREE auction. To take part send NOKIA to 83383 now. POBOX114/14TCR/W1 16,u have won a nokia 6230 plus a free digital camera this is what u get when u win our free auction to take part send nokia to 83383 now pobox11414tcrw1 16,158
ham,Hope you are having a good week. Just checking in,hope you are having a good week just checking in,49
ham,Haven't left yet so probably gonna be here til dinner,havent left yet so probably gonna be here til dinner,53
ham,The bus leaves at  &lt;#&gt; ,the bus leaves at  ltgt ,29
ham,Later i guess. I needa do mcat study too.,later i guess i needa do mcat study too,41
ham,Oh yah... We never cancel leh... Haha ,oh yah we never cancel leh haha ,38
ham,"I jus hope its true that  missin me cos i'm really missin him! You haven't done anything to feel guilty about, yet.",i jus hope its true that  missin me cos im really missin him you havent done anything to feel guilty about yet,115
ham,Gud mrng dear hav a nice day,gud mrng dear hav a nice day,28
ham,"I hope your alright babe? I worry that you might have felt a bit desparate when you learned the job was a fake ? I am here waiting when you come back, my love",i hope your alright babe i worry that you might have felt a bit desparate when you learned the job was a fake  i am here waiting when you come back my love,158
ham,What time should I tell my friend to be around?,what time should i tell my friend to be around,47
spam,Dont forget you can place as many FREE Requests with 1stchoice.co.uk as you wish. For more Information call 08707808226.,dont forget you can place as many free requests with 1stchoicecouk as you wish for more information call 08707808226,120
spam,EASTENDERS TV Quiz. What FLOWER does DOT compare herself to? D= VIOLET E= TULIP F= LILY txt D E or F to 84025 NOW 4 chance 2 WIN £100 Cash WKENT/150P16+,eastenders tv quiz what flower does dot compare herself to d violet e tulip f lily txt d e or f to 84025 now 4 chance 2 win 100 cash wkent150p16,152
ham,S....s...india going to draw the series after many years in south african soil..,ssindia going to draw the series after many years in south african soil,80
spam,You will recieve your tone within the next 24hrs. For Terms and conditions please see Channel U Teletext Pg 750,you will recieve your tone within the next 24hrs for terms and conditions please see channel u teletext pg 750,111
ham,How are you holding up?,how are you holding up,23
ham,"Sorry, I'll call you  later. I am in meeting sir.",sorry ill call you  later i am in meeting sir,49
ham,Gud ni8 dear..slp well..take care..swt dreams..Muah..,gud ni8 dearslp welltake careswt dreamsmuah,53
ham,I'm in class. Did you get my text.,im in class did you get my text,34
ham,Yes i think so. I am in office but my lap is in room i think thats on for the last few days. I didnt shut that down,yes i think so i am in office but my lap is in room i think thats on for the last few days i didnt shut that down,115
ham,"My friend, she's studying at warwick, we've planned to go shopping and to concert tmw, but it may be canceled, havn't seen  for ages, yeah we should get together sometime!",my friend shes studying at warwick weve planned to go shopping and to concert tmw but it may be canceled havnt seen  for ages yeah we should get together sometime,171
ham,Hope you are having a great day.,hope you are having a great day,32
ham,Uncle Abbey! Happy New Year. Abiola,uncle abbey happy new year abiola,35
ham,Check with nuerologist.,check with nuerologist,23
ham,"Whats that coming over the hill..... Is it a monster! Hope you have a great day. Things r going fine here, busy though! ",whats that coming over the hill is it a monster hope you have a great day things r going fine here busy though ,120
ham,Ooooooh I forgot to tell u I can get on yoville on my phone,ooooooh i forgot to tell u i can get on yoville on my phone,59
ham,"Beautiful Truth against Gravity.. Read carefully: ""Our heart feels light when someone is in it.. But it feels very heavy when someone leaves it.."" GOODMORNING",beautiful truth against gravity read carefully our heart feels light when someone is in it but it feels very heavy when someone leaves it goodmorning,158
ham,"We are at grandmas. Oh dear, u still ill? I felt Shit this morning but i think i am just hungover! Another night then. We leave on sat.",we are at grandmas oh dear u still ill i felt shit this morning but i think i am just hungover another night then we leave on sat,135
ham,I have to take exam with in march 3,i have to take exam with in march 3,35
ham,"'An Amazing Quote'' - ""Sometimes in life its difficult to decide whats wrong!! a lie that brings a smile or the truth that brings a tear....""",an amazing quote  sometimes in life its difficult to decide whats wrong a lie that brings a smile or the truth that brings a tear,141
ham,"Wat time liao, where still got.",wat time liao where still got,31
ham,"You know, wot people wear. T shirts, jumpers, hat, belt, is all we know. We r at Cribbs",you know wot people wear t shirts jumpers hat belt is all we know we r at cribbs,87
ham,"Gosh that , what a pain. Spose I better come then.",gosh that  what a pain spose i better come then,50
ham,"Haha figures, well I found the piece and priscilla's bowl",haha figures well i found the piece and priscillas bowl,57
ham,Hello- thanx for taking that call. I got a job! Starts on monday!,hello thanx for taking that call i got a job starts on monday,65
ham,Squeeeeeze!! This is christmas hug.. If u lik my frndshp den hug me back.. If u get 3 u r cute:) 6 u r luvd:* 9 u r so lucky;) None? People hate u:,squeeeeeze this is christmas hug if u lik my frndshp den hug me back if u get 3 u r cute 6 u r luvd 9 u r so lucky none people hate u,147
spam,"Loan for any purpose £500 - £75,000. Homeowners + Tenants welcome. Have you been previously refused? We can still help. Call Free 0800 1956669 or text back 'help'",loan for any purpose 500  75000 homeowners  tenants welcome have you been previously refused we can still help call free 0800 1956669 or text back help,162
ham,Okay... We wait ah,okay we wait ah,18
ham,Of cos can lar i'm not so ba dao ok... 1 pm lor... Y u never ask where we go ah... I said u would ask on fri but he said u will ask today...,of cos can lar im not so ba dao ok 1 pm lor y u never ask where we go ah i said u would ask on fri but he said u will ask today,140
spam,Your credits have been topped up for http://www.bubbletext.com Your renewal Pin is tgxxrz,your credits have been topped up for httpwwwbubbletextcom your renewal pin is tgxxrz,89
ham,Fwiw the reason I'm only around when it's time to smoke is that because of gas I can only afford to be around when someone tells me to be and that apparently only happens when somebody wants to light up,fwiw the reason im only around when its time to smoke is that because of gas i can only afford to be around when someone tells me to be and that apparently only happens when somebody wants to light up,202
ham,Customer place i will call you,customer place i will call you,30
ham,Great. P diddy is my neighbor and comes for toothpaste every morning,great p diddy is my neighbor and comes for toothpaste every morning,68
ham,So the sun is anti sleep medicine.,so the sun is anti sleep medicine,34
ham,"Sure, I'll see if I can come by in a bit",sure ill see if i can come by in a bit,40
ham,Well i know Z will take care of me. So no worries.,well i know z will take care of me so no worries,50
spam,"accordingly. I repeat, just text the word ok on your mobile phone and send",accordingly i repeat just text the word ok on your mobile phone and send,74
ham,"K, my roommate also wants a dubsack and another friend may also want some so plan on bringing extra, I'll tell you when they know for sure",k my roommate also wants a dubsack and another friend may also want some so plan on bringing extra ill tell you when they know for sure,138
spam,YOU HAVE WON! As a valued Vodafone customer our computer has picked YOU to win a £150 prize. To collect is easy. Just call 09061743386,you have won as a valued vodafone customer our computer has picked you to win a 150 prize to collect is easy just call 09061743386,134
ham,Nope... Think i will go for it on monday... Sorry i replied so late,nope think i will go for it on monday sorry i replied so late,67
ham,Hello! Good week? Fancy a drink or something later?,hello good week fancy a drink or something later,51
ham,"Also north carolina and texas atm, you would just go to the gre site and pay for the test results to be sent.",also north carolina and texas atm you would just go to the gre site and pay for the test results to be sent,109
ham,"Aight, tomorrow around  &lt;#&gt;  it is",aight tomorrow around  ltgt  it is,40
ham,You available now? I'm like right around hillsborough &amp;  &lt;#&gt; th,you available now im like right around hillsborough amp  ltgt th,73
ham,Pls send me your address sir.,pls send me your address sir,29
spam,"Congrats 2 mobile 3G Videophones R yours. call 09063458130 now! videochat wid ur mates, play java games, Dload polypH music, noline rentl. bx420. ip4. 5we. 150p",congrats 2 mobile 3g videophones r yours call 09063458130 now videochat wid ur mates play java games dload polyph music noline rentl bx420 ip4 5we 150p,160
ham,Super da:)good replacement for murali,super dagood replacement for murali,37
ham,So your telling me I coulda been your real Valentine and I wasn't? U never pick me for NOTHING!!,so your telling me i coulda been your real valentine and i wasnt u never pick me for nothing,96
spam,"Dear Voucher Holder, To claim this weeks offer, at you PC please go to http://www.e-tlp.co.uk/expressoffer Ts&Cs apply. To stop texts, txt STOP to 80062",dear voucher holder to claim this weeks offer at you pc please go to httpwwwetlpcoukexpressoffer tscs apply to stop texts txt stop to 80062,152
spam,WIN URGENT! Your mobile number has been awarded with a £2000 prize GUARANTEED call 09061790121 from land line. claim 3030 valid 12hrs only 150ppm ,win urgent your mobile number has been awarded with a 2000 prize guaranteed call 09061790121 from land line claim 3030 valid 12hrs only 150ppm ,146
ham,Thats cool. i liked your photos. You are very sexy!,thats cool i liked your photos you are very sexy,51
ham,"Looks like you found something to do other than smoke, great job!",looks like you found something to do other than smoke great job,65
ham,* You gonna ring this weekend or wot?, you gonna ring this weekend or wot,37
ham,Howz pain.it will come down today.do as i said ystrday.ice and medicine.,howz painit will come down todaydo as i said ystrdayice and medicine,72
ham,At home also.,at home also,13
ham,"Haha awesome, be there in a minute",haha awesome be there in a minute,34
ham,Up to ü... Ü wan come then come lor... But i din c any stripes skirt...,up to   wan come then come lor but i din c any stripes skirt,71
ham,"Sorry, I'll call later",sorry ill call later,22
ham,WHO ARE YOU SEEING?,who are you seeing,19
ham,Sindu got job in birla soft ..,sindu got job in birla soft ,30
ham,"Come around  &lt;DECIMAL&gt; pm vikky..i'm otside nw, il come by tht time",come around  ltdecimalgt pm vikkyim otside nw il come by tht time,73
ham,"It‘s reassuring, in this crazy world.",its reassuring in this crazy world,37
ham,I'm hungry buy smth home...,im hungry buy smth home,27
ham,Lol now I'm after that hot air balloon!,lol now im after that hot air balloon,39
ham,What happened in interview?,what happened in interview,27
ham,Hi happy birthday. Hi hi hi hi hi hi hi,hi happy birthday hi hi hi hi hi hi hi,39
ham,My love ! How come it took you so long to leave for Zaher's? I got your words on ym and was happy to see them but was sad you had left. I miss you,my love  how come it took you so long to leave for zahers i got your words on ym and was happy to see them but was sad you had left i miss you,146
ham,Sure! I am driving but will reach my destination soon.,sure i am driving but will reach my destination soon,54
ham,"I met you as a stranger and choose you as my friend. As long as the world stands, our friendship never ends. Lets be Friends forever!!! Gud nitz...",i met you as a stranger and choose you as my friend as long as the world stands our friendship never ends lets be friends forever gud nitz,147
ham,ALRITE SAM ITS NIC JUST CHECKIN THAT THIS IS UR NUMBER-SO IS IT?T.B*,alrite sam its nic just checkin that this is ur numberso is ittb,68
ham,"That's fine, have him give me a call if he knows what he wants or has any questions",thats fine have him give me a call if he knows what he wants or has any questions,83
ham,Lol you won't feel bad when I use her money to take you out to a steak dinner =D,lol you wont feel bad when i use her money to take you out to a steak dinner d,80
ham,Shopping? Eh ger i toking abt syd leh...Haha,shopping eh ger i toking abt syd lehhaha,44
ham,I dont know ask to my brother. Nothing problem some thing that. Just i told .,i dont know ask to my brother nothing problem some thing that just i told ,77
spam,87077: Kick off a new season with 2wks FREE goals & news to ur mobile! Txt ur club name to 87077 eg VILLA to 87077,87077 kick off a new season with 2wks free goals  news to ur mobile txt ur club name to 87077 eg villa to 87077,114
spam,This message is brought to you by GMW Ltd. and is not connected to the,this message is brought to you by gmw ltd and is not connected to the,70
ham,"Not yet chikku..going to room nw, i'm in bus..",not yet chikkugoing to room nw im in bus,46
ham,Have a good trip. Watch out for . Remember when you get back we must decide about easter.,have a good trip watch out for  remember when you get back we must decide about easter,89
ham,Nvm it's ok...,nvm its ok,14
spam,Send a logo 2 ur lover - 2 names joined by a heart. Txt LOVE NAME1 NAME2 MOBNO eg LOVE ADAM EVE 07123456789 to 87077 Yahoo! POBox36504W45WQ TxtNO 4 no ads 150p,send a logo 2 ur lover  2 names joined by a heart txt love name1 name2 mobno eg love adam eve 07123456789 to 87077 yahoo pobox36504w45wq txtno 4 no ads 150p,159
ham,Take some small dose tablet for fever,take some small dose tablet for fever,37
ham,If I was I wasn't paying attention,if i was i wasnt paying attention,34
ham,Oh really?? Did you make it on air? What's your talent?,oh really did you make it on air whats your talent,55
ham,So wats ur opinion abt him and how abt is character?,so wats ur opinion abt him and how abt is character,52
ham,Nvm take ur time.,nvm take ur time,17
ham,I was wondering if it would be okay for you to call uncle john and let him know that things are not the same in nigeria as they r here. That  &lt;#&gt;  dollars is 2years sent and that you know its a strain but i plan to pay back every dime he gives. Every dime so for me to expect anything from you is not practical. Something like that.,i was wondering if it would be okay for you to call uncle john and let him know that things are not the same in nigeria as they r here that  ltgt  dollars is 2years sent and that you know its a strain but i plan to pay back every dime he gives every dime so for me to expect anything from you is not practical something like that,338
spam,"Free msg. Sorry, a service you ordered from 81303 could not be delivered as you do not have sufficient credit. Please top up to receive the service.",free msg sorry a service you ordered from 81303 could not be delivered as you do not have sufficient credit please top up to receive the service,148
ham,What pa tell me.. I went to bath:-),what pa tell me i went to bath,35
ham,If you r @ home then come down within 5 min,if you r  home then come down within 5 min,43
ham,"In case you wake up wondering where I am, I forgot I have to take care of something for grandma today, should be done before the parade",in case you wake up wondering where i am i forgot i have to take care of something for grandma today should be done before the parade,135
ham,Booked ticket for pongal?,booked ticket for pongal,25
ham,Do you know what Mallika Sherawat did yesterday? Find out now @  &lt;URL&gt;,do you know what mallika sherawat did yesterday find out now   lturlgt,76
spam,Free entry in 2 a wkly comp to win FA Cup final tkts 21st May 2005. Text FA to 87121 to receive entry question(std txt rate)T&C's apply 08452810075over18's,free entry in 2 a wkly comp to win fa cup final tkts 21st may 2005 text fa to 87121 to receive entry questionstd txt ratetcs apply 08452810075over18s,155
ham,"Wn u r hurt by d prsn who s close 2 u, do fight wit dem. Coz somtimes dis fight saves a relation bt being quiet leaves nothin in a relation.. Gud eveB-)",wn u r hurt by d prsn who s close 2 u do fight wit dem coz somtimes dis fight saves a relation bt being quiet leaves nothin in a relation gud eveb,152
ham,"Sorry,in meeting I'll call later",sorryin meeting ill call later,32
ham,"No my blankets are sufficient, thx",no my blankets are sufficient thx,34
ham,"Erm … ill pick you up at about 6.45pm. That'll give enough time to get there, park and that.",erm  ill pick you up at about 645pm thatll give enough time to get there park and that,92
spam,Good Luck! Draw takes place 28th Feb 06. Good Luck! For removal send STOP to 87239 customer services 08708034412,good luck draw takes place 28th feb 06 good luck for removal send stop to 87239 customer services 08708034412,112
ham,Purity of friendship between two is not about smiling after reading the forwarded message..Its about smiling just by seeing the name. Gud evng musthu,purity of friendship between two is not about smiling after reading the forwarded messageits about smiling just by seeing the name gud evng musthu,149
ham,Aiyo u so poor thing... Then u dun wan 2 eat? U bathe already?,aiyo u so poor thing then u dun wan 2 eat u bathe already,62
ham,HI BABE IM AT HOME NOW WANNA DO SOMETHING? XX,hi babe im at home now wanna do something xx,45
ham,Nobody can decide where to eat and dad wants Chinese,nobody can decide where to eat and dad wants chinese,52
ham,Hey i will be late... i'm at amk. Need to drink tea or coffee,hey i will be late im at amk need to drink tea or coffee,61
ham,"Sorry, I'll call later",sorry ill call later,22
ham,"Total disappointment, when I texted you was the craziest shit got :(",total disappointment when i texted you was the craziest shit got ,68
ham,Babe? You said 2 hours and it's been almost 4 ... Is your internet down ?,babe you said 2 hours and its been almost 4  is your internet down ,73
ham,U wake up already? Thanx 4 e tau sar piah it's quite nice.,u wake up already thanx 4 e tau sar piah its quite nice,58
ham,"Hmmm.. Thk sure got time to hop ard... Ya, can go 4 free abt... Muz call u to discuss liao... ",hmmm thk sure got time to hop ard ya can go 4 free abt muz call u to discuss liao ,94
ham,K da:)how many page you want?,k dahow many page you want,29
ham,"Derp. Which is worse, a dude who always wants to party or a dude who files a complaint about the three drug abusers he lives with",derp which is worse a dude who always wants to party or a dude who files a complaint about the three drug abusers he lives with,129
ham,You always make things bigger than they are,you always make things bigger than they are,43
ham,I only work from mon to thurs but Sat i cant leh... Booked liao... Which other day u free?,i only work from mon to thurs but sat i cant leh booked liao which other day u free,90
ham,Any way where are you and what doing.,any way where are you and what doing,37
ham,Send me yetty's number pls.,send me yettys number pls,27
ham,What u mean u almost done? Done wif sleeping? But i tot u going to take a nap.. Yup i send her liao so i'm picking her up at ard 4 smth lor..,what u mean u almost done done wif sleeping but i tot u going to take a nap yup i send her liao so im picking her up at ard 4 smth lor,141
spam,As a Registered Subscriber yr draw 4 a £100 gift voucher will b entered on receipt of a correct ans. When are the next olympics. Txt ans to 80062,as a registered subscriber yr draw 4 a 100 gift voucher will b entered on receipt of a correct ans when are the next olympics txt ans to 80062,145
ham,Ok.,ok,3
ham,Buy one egg for me da..please:),buy one egg for me daplease,31
ham,"How about clothes, jewelry, and trips?",how about clothes jewelry and trips,38
ham,Your opinion about me? 1. Over 2. Jada 3. Kusruthi 4. Lovable 5. Silent 6. Spl character 7. Not matured 8. Stylish 9. Simple Pls reply..,your opinion about me 1 over 2 jada 3 kusruthi 4 lovable 5 silent 6 spl character 7 not matured 8 stylish 9 simple pls reply,136
ham,"Solve d Case : A Man Was Found Murdered On  &lt;DECIMAL&gt; . &lt;#&gt;  AfterNoon. 1,His wife called Police. 2,Police questioned everyone. 3,Wife: Sir,I was sleeping, when the murder took place. 4.Cook: I was cooking. 5.Gardener: I was picking vegetables. 6.House-Maid: I went 2 d post office. 7.Children: We went 2 play. 8.Neighbour: We went 2 a marriage. Police arrested d murderer Immediately. Who's It? Reply With Reason, If U r Brilliant.",solve d case  a man was found murdered on  ltdecimalgt  ltgt  afternoon 1his wife called police 2police questioned everyone 3wife siri was sleeping when the murder took place 4cook i was cooking 5gardener i was picking vegetables 6housemaid i went 2 d post office 7children we went 2 play 8neighbour we went 2 a marriage police arrested d murderer immediately whos it reply with reason if u r brilliant,444
ham,Now? I'm going out 4 dinner soon..,now im going out 4 dinner soon,34
ham,Oh wow thats gay. Will firmware update help,oh wow thats gay will firmware update help,43
spam,FreeMsg:Feelin kinda lnly hope u like 2 keep me company! Jst got a cam moby wanna c my pic?Txt or reply DATE to 82242 Msg150p 2rcv Hlp 08712317606 stop to 82242,freemsgfeelin kinda lnly hope u like 2 keep me company jst got a cam moby wanna c my pictxt or reply date to 82242 msg150p 2rcv hlp 08712317606 stop to 82242,160
ham,Hi im having the most relaxing time ever! we have to get up at 7am every day! was the party good the other night? I get home tomorrow at 5ish.,hi im having the most relaxing time ever we have to get up at 7am every day was the party good the other night i get home tomorrow at 5ish,142
spam,You are awarded a SiPix Digital Camera! call 09061221061 from landline. Delivery within 28days. T Cs Box177. M221BP. 2yr warranty. 150ppm. 16 . p p£3.99,you are awarded a sipix digital camera call 09061221061 from landline delivery within 28days t cs box177 m221bp 2yr warranty 150ppm 16  p p399,152
ham,How is your schedule next week? I am out of town this weekend.,how is your schedule next week i am out of town this weekend,62
ham,hi my darlin im on my way to London and we have just been smashed into by another driver! and have a big dent! im really missing u what have u been up to? xxx,hi my darlin im on my way to london and we have just been smashed into by another driver and have a big dent im really missing u what have u been up to xxx,158
ham,Beauty sleep can help ur pimples too.,beauty sleep can help ur pimples too,37
ham,Finish liao... U?,finish liao u,17
ham,This pay is  &lt;DECIMAL&gt;  lakhs:),this pay is  ltdecimalgt  lakhs,37
spam,U are subscribed to the best Mobile Content Service in the UK for £3 per ten days until you send STOP to 83435. Helpline 08706091795.,u are subscribed to the best mobile content service in the uk for 3 per ten days until you send stop to 83435 helpline 08706091795,133
ham,Hahaha..use your brain dear,hahahause your brain dear,27
spam,Promotion Number: 8714714 - UR awarded a City Break and could WIN a £200 Summer Shopping spree every WK. Txt STORE to 88039 . SkilGme. TsCs087147403231Winawk!Age16 £1.50perWKsub,promotion number 8714714  ur awarded a city break and could win a 200 summer shopping spree every wk txt store to 88039  skilgme tscs087147403231winawkage16 150perwksub,177
ham,Wylie update: my weed dealer carlos went to freedom and had a class with lunsford,wylie update my weed dealer carlos went to freedom and had a class with lunsford,81
ham,Jus finish watching tv... U?,jus finish watching tv u,28
spam,"Got what it takes 2 take part in the WRC Rally in Oz? U can with Lucozade Energy! Text RALLY LE to 61200 (25p), see packs or lucozade.co.uk/wrc & itcould be u!",got what it takes 2 take part in the wrc rally in oz u can with lucozade energy text rally le to 61200 25p see packs or lucozadecoukwrc  itcould be u,159
spam,"SMS. ac JSco: Energy is high, but u may not know where 2channel it. 2day ur leadership skills r strong. Psychic? Reply ANS w/question. End? Reply END JSCO",sms ac jsco energy is high but u may not know where 2channel it 2day ur leadership skills r strong psychic reply ans wquestion end reply end jsco,154
ham,Tell my  bad character which u Dnt lik in me. I'll try to change in  &lt;#&gt; . I ll add tat 2 my new year resolution. Waiting for ur reply.Be frank...good morning.,tell my  bad character which u dnt lik in me ill try to change in  ltgt  i ll add tat 2 my new year resolution waiting for ur replybe frankgood morning,165
ham,I'll text now! All creepy like so he won't think that we forgot,ill text now all creepy like so he wont think that we forgot,63
spam,"449050000301 You have won a £2,000 price! To claim, call 09050000301.",449050000301 you have won a 2000 price to claim call 09050000301,69
ham,I dont thnk its a wrong calling between us,i dont thnk its a wrong calling between us,42
ham,"Yo carlos, a few friends are already asking me about you, you working at all this weekend?",yo carlos a few friends are already asking me about you you working at all this weekend,90
ham,For real tho this sucks. I can't even cook my whole electricity is out. And I'm hungry.,for real tho this sucks i cant even cook my whole electricity is out and im hungry,87
ham,Lol they were mad at first but then they woke up and gave in.,lol they were mad at first but then they woke up and gave in,61
ham,Here got lots of hair dresser fr china.,here got lots of hair dresser fr china,39
ham,Dis is yijue. I jus saw ur mail. In case huiming havent sent u my num. Dis is my num.,dis is yijue i jus saw ur mail in case huiming havent sent u my num dis is my num,85
ham,Ugh just got outta class,ugh just got outta class,24
ham,Those ducking chinchillas,those ducking chinchillas,25
ham,He fucking chickened out. He messaged me he would be late and woould buzz me and then I didn't hear a word from him,he fucking chickened out he messaged me he would be late and woould buzz me and then i didnt hear a word from him,115
ham,I've reached home finally...,ive reached home finally,28
ham,"Honeybee Said: *I'm d Sweetest in d World* God Laughed &amp; Said: *Wait,U Havnt Met d Person Reading This Msg* MORAL: Even GOD Can Crack Jokes! GM+GN+GE+GN:)",honeybee said im d sweetest in d world god laughed amp said waitu havnt met d person reading this msg moral even god can crack jokes gmgngegn,158
ham,"Yo, any way we could pick something up tonight?",yo any way we could pick something up tonight,47
ham,"My Parents, My Kidz, My Friends n My Colleagues. All screaming.. SURPRISE !! and I was waiting on the sofa.. ... ..... ' NAKED...!",my parents my kidz my friends n my colleagues all screaming surprise  and i was waiting on the sofa    naked,130
ham,Do u noe wat time e place dat sells 4d closes?,do u noe wat time e place dat sells 4d closes,46
ham,I liked the new mobile,i liked the new mobile,22
spam,SMS. ac Sptv: The New Jersey Devils and the Detroit Red Wings play Ice Hockey. Correct or Incorrect? End? Reply END SPTV,sms ac sptv the new jersey devils and the detroit red wings play ice hockey correct or incorrect end reply end sptv,120
ham,I'm home. Ard wat time will u reach?,im home ard wat time will u reach,36
spam,"Our dating service has been asked 2 contact U by someone shy! CALL 09058091870 NOW all will be revealed. POBox84, M26 3UZ 150p",our dating service has been asked 2 contact u by someone shy call 09058091870 now all will be revealed pobox84 m26 3uz 150p,126
ham,This girl does not stay in bed. This girl doesn't need recovery time. Id rather pass out while having fun then be cooped up in bed,this girl does not stay in bed this girl doesnt need recovery time id rather pass out while having fun then be cooped up in bed,130
spam,"Last Chance! Claim ur £150 worth of discount vouchers today! Text SHOP to 85023 now! SavaMob, offers mobile! T Cs SavaMob POBOX84, M263UZ. £3.00 Sub. 16",last chance claim ur 150 worth of discount vouchers today text shop to 85023 now savamob offers mobile t cs savamob pobox84 m263uz 300 sub 16,152
ham,I am in bus on the way to calicut,i am in bus on the way to calicut,33
ham,Mm not entirely sure i understood that text but hey. Ho. Which weekend?,mm not entirely sure i understood that text but hey ho which weekend,71
spam,"URGENT! Your mobile was awarded a £1,500 Bonus Caller Prize on 27/6/03. Our final attempt 2 contact U! Call 08714714011",urgent your mobile was awarded a 1500 bonus caller prize on 27603 our final attempt 2 contact u call 08714714011,119
ham,Wat ü doing now?,wat  doing now,16
ham,Now i'm going for lunch.,now im going for lunch,24
ham,Are your freezing ? Are you home yet ? Will you remember to kiss your mom in the morning? Do you love me ? Do you think of me ? Are you missing me yet ?,are your freezing  are you home yet  will you remember to kiss your mom in the morning do you love me  do you think of me  are you missing me yet ,152
ham,Thanks for looking out for me. I really appreciate.,thanks for looking out for me i really appreciate,51
ham,I love to wine and dine my lady!,i love to wine and dine my lady,32
ham,Apart from the one i told you about yesterday?,apart from the one i told you about yesterday,46
ham,Does not operate after  &lt;#&gt;  or what,does not operate after  ltgt  or what,42
ham,"Awesome, plan to get here any time after like  &lt;#&gt; , I'll text you details in a wee bit",awesome plan to get here any time after like  ltgt  ill text you details in a wee bit,93
ham,Talk With Yourself Atleast Once In A Day...!!! Otherwise You Will Miss Your Best FRIEND In This WORLD...!!! -Shakespeare- SHESIL  &lt;#&gt;,talk with yourself atleast once in a day otherwise you will miss your best friend in this world shakespeare shesil  ltgt,139
ham,Why tired what special there you had,why tired what special there you had,36
ham,"1) Go to write msg 2) Put on Dictionary mode 3)Cover the screen with hand, 4)Press  &lt;#&gt; . 5)Gently remove Ur hand.. Its interesting..:)",1 go to write msg 2 put on dictionary mode 3cover the screen with hand 4press  ltgt  5gently remove ur hand its interesting,141
ham,U sure u can't take any sick time?,u sure u cant take any sick time,34
ham,I havent lei.. Next mon can?,i havent lei next mon can,28
spam,"This weeks SavaMob member offers are now accessible. Just call 08709501522 for details! SavaMob, POBOX 139, LA3 2WU. Only £1.50/week. SavaMob - offers mobile!",this weeks savamob member offers are now accessible just call 08709501522 for details savamob pobox 139 la3 2wu only 150week savamob  offers mobile,158
spam,U’ve Bin Awarded £50 to Play 4 Instant Cash. Call 08715203028 To Claim. EVERY 9th Player Wins Min £50-£500. OptOut 08718727870,uve bin awarded 50 to play 4 instant cash call 08715203028 to claim every 9th player wins min 50500 optout 08718727870,126
ham,Hmm...my uncle just informed me that he's paying the school directly. So pls buy food.,hmmmy uncle just informed me that hes paying the school directly so pls buy food,86
spam,URGENT! We are trying to contact U Todays draw shows that you have won a £800 prize GUARANTEED. Call 09050000460 from land line. Claim J89. po box245c2150pm,urgent we are trying to contact u todays draw shows that you have won a 800 prize guaranteed call 09050000460 from land line claim j89 po box245c2150pm,156
ham,"Den only weekdays got special price... Haiz... Cant eat liao... Cut nails oso muz wait until i finish drivin wat, lunch still muz eat wat... ",den only weekdays got special price haiz cant eat liao cut nails oso muz wait until i finish drivin wat lunch still muz eat wat ,141
ham,Do have a nice day today. I love you so dearly.,do have a nice day today i love you so dearly,47
ham,I bought the test yesterday. Its something that lets you know the exact day u ovulate.when will get 2u in about 2 to 3wks. But pls pls dont fret. I know u r worried. Pls relax. Also is there anything in ur past history u need to tell me?,i bought the test yesterday its something that lets you know the exact day u ovulatewhen will get 2u in about 2 to 3wks but pls pls dont fret i know u r worried pls relax also is there anything in ur past history u need to tell me,237
ham,Joy's father is John. Then John is the NAME of Joy's father. Mandan,joys father is john then john is the name of joys father mandan,67
ham,"Do whatever you want. You know what the rules are. We had a talk earlier this week about what had to start happening, you showing responsibility. Yet, every week it's can i bend the rule this way? What about that way? Do whatever. I'm tired of having thia same argument with you every week. And a  &lt;#&gt;  movie DOESNT inlude the previews. You're still getting in after 1.",do whatever you want you know what the rules are we had a talk earlier this week about what had to start happening you showing responsibility yet every week its can i bend the rule this way what about that way do whatever im tired of having thia same argument with you every week and a  ltgt  movie doesnt inlude the previews youre still getting in after 1,375
ham,"We are hoping to get away by 7, from Langport. You still up for town tonight?",we are hoping to get away by 7 from langport you still up for town tonight,77
ham,I keep ten rs in my shelf:) buy two egg.,i keep ten rs in my shelf buy two egg,40
ham,"What i mean was i left too early to check, cos i'm working a 9-6.",what i mean was i left too early to check cos im working a 96,65
spam,Dear U've been invited to XCHAT. This is our final attempt to contact u! Txt CHAT to 86688 150p/MsgrcvdHG/Suite342/2Lands/Row/W1J6HL LDN 18 yrs,dear uve been invited to xchat this is our final attempt to contact u txt chat to 86688 150pmsgrcvdhgsuite3422landsroww1j6hl ldn 18 yrs,143
ham,"Yep, the great loxahatchee xmas tree burning of  &lt;#&gt;  starts in an hour",yep the great loxahatchee xmas tree burning of  ltgt  starts in an hour,77
ham,I tot u outside cos darren say u come shopping. Of course we nice wat. We jus went sim lim look at mp3 player.,i tot u outside cos darren say u come shopping of course we nice wat we jus went sim lim look at mp3 player,110
spam,Well done ENGLAND! Get the official poly ringtone or colour flag on yer mobile! text TONE or FLAG to 84199 NOW! Opt-out txt ENG STOP. Box39822 W111WX £1.50,well done england get the official poly ringtone or colour flag on yer mobile text tone or flag to 84199 now optout txt eng stop box39822 w111wx 150,155
ham,"""alright babe, justthought id sayhey! how u doin?nearly the endof me wk offdam nevamind!We will have 2Hook up sn if uwant m8? loveJen x.""",alright babe justthought id sayhey how u doinnearly the endof me wk offdam nevamindwe will have 2hook up sn if uwant m8 lovejen x,138
ham,Good words.... But words may leave u in dismay many times.,good words but words may leave u in dismay many times,58
ham,"Sir, I need AXIS BANK account no and bank address.",sir i need axis bank account no and bank address,50
ham,I'm on da bus going home...,im on da bus going home,27
ham,"Hey, iouri gave me your number, I'm wylie, ryan's friend",hey iouri gave me your number im wylie ryans friend,56
ham,"Say this slowly.? GOD,I LOVE YOU &amp; I NEED YOU,CLEAN MY HEART WITH YOUR BLOOD.Send this to Ten special people &amp; u c miracle tomorrow, do it,pls,pls do it...",say this slowly godi love you amp i need youclean my heart with your bloodsend this to ten special people amp u c miracle tomorrow do itplspls do it,163
ham,Webpage s not available!,webpage s not available,24
ham,"""Its Ur luck to Love someone. Its Ur fortune to Love the one who Loves U. But, its a miracle to Love a person who can't Love anyone except U..."" Gud nyt...",its ur luck to love someone its ur fortune to love the one who loves u but its a miracle to love a person who cant love anyone except u gud nyt,155
ham,Stupid.its not possible,stupidits not possible,23
ham,Just chill for another 6hrs. If you could sleep the pain is not a surgical emergency so see how it unfolds. Okay,just chill for another 6hrs if you could sleep the pain is not a surgical emergency so see how it unfolds okay,112
ham,"That means you got an A in epi, she.s fine. She.s here now.",that means you got an a in epi shes fine shes here now,59
ham,I am great princess! What are you thinking about me? :),i am great princess what are you thinking about me ,55
ham,"Theoretically yeah, he could be able to come",theoretically yeah he could be able to come,44
ham,cThen i thk shd b enuff.. Still got conclusion n contents pg n references.. I'll b doing da contents pg n cover pg..,cthen i thk shd b enuff still got conclusion n contents pg n references ill b doing da contents pg n cover pg,116
spam,FreeMsg: Hey - I'm Buffy. 25 and love to satisfy men. Home alone feeling randy. Reply 2 C my PIX! QlynnBV Help08700621170150p a msg Send stop to stop txts,freemsg hey  im buffy 25 and love to satisfy men home alone feeling randy reply 2 c my pix qlynnbv help08700621170150p a msg send stop to stop txts,154
ham,I love to give massages. I use lots of baby oil... What is your fave position?,i love to give massages i use lots of baby oil what is your fave position,78
ham,I sent them. Do you like?,i sent them do you like,25
ham,Congratulations ore mo owo re wa. Enjoy it and i wish you many happy moments to and fro wherever you go,congratulations ore mo owo re wa enjoy it and i wish you many happy moments to and fro wherever you go,103
ham,How do friends help us in problems? They give the most stupid suggestion that Lands us into another problem and helps us forgt the previous problem,how do friends help us in problems they give the most stupid suggestion that lands us into another problem and helps us forgt the previous problem,147
ham,Ya! when are ü taking ure practical lessons? I start in june..  ,ya when are  taking ure practical lessons i start in june  ,64
ham,HI DARLIN IM MISSIN U HOPE YOU ARE HAVING A GOOD TIME. WHEN ARE U BACK AND WHAT TIME IF U CAN GIVE ME A CALL AT HOME. JESS XX,hi darlin im missin u hope you are having a good time when are u back and what time if u can give me a call at home jess xx,125
ham,Can u look 4 me in da lib i got stuff havent finish yet.,can u look 4 me in da lib i got stuff havent finish yet,56
spam,"Congrats! 1 year special cinema pass for 2 is yours. call 09061209465 now! C Suprman V, Matrix3, StarWars3, etc all 4 FREE! bx420-ip4-5we. 150pm. Dont miss out! ",congrats 1 year special cinema pass for 2 is yours call 09061209465 now c suprman v matrix3 starwars3 etc all 4 free bx420ip45we 150pm dont miss out ,161
ham,Huh so early.. Then ü having dinner outside izzit?,huh so early then  having dinner outside izzit,50
ham,Cos i want it to be your thing,cos i want it to be your thing,30
ham,I (Career Tel) have added u as a contact on INDYAROCKS.COM to send FREE SMS. To remove from phonebook - sms NO to  &lt;#&gt;,i career tel have added u as a contact on indyarockscom to send free sms to remove from phonebook  sms no to  ltgt,124
ham,Me too watching surya movie only. . .after 6 pm vijay movie POKKIRI,me too watching surya movie only  after 6 pm vijay movie pokkiri,67
spam,Ur HMV Quiz cash-balance is currently £500 - to maximize ur cash-in now send HMV1 to 86688 only 150p/msg,ur hmv quiz cashbalance is currently 500  to maximize ur cashin now send hmv1 to 86688 only 150pmsg,104
ham,Nope... C ü then...,nope c  then,19
ham,K.k.how is your business now?,kkhow is your business now,29
ham,meet you in corporation st outside gap … you can see how my mind is working!,meet you in corporation st outside gap  you can see how my mind is working,76
spam,"Congratulations! Thanks to a good friend U have WON the £2,000 Xmas prize. 2 claim is easy, just call 08718726971 NOW! Only 10p per minute. BT-national-rate.",congratulations thanks to a good friend u have won the 2000 xmas prize 2 claim is easy just call 08718726971 now only 10p per minute btnationalrate,157
ham,Package all your programs well,package all your programs well,30
ham,I dont know why she.s not getting your messages,i dont know why shes not getting your messages,47
ham,What time you thinkin of goin?,what time you thinkin of goin,30
ham,Fuck babe ... What happened to you ? How come you never came back?,fuck babe  what happened to you  how come you never came back,66
ham,I'm really sorry i won't b able 2 do this friday.hope u can find an alternative.hope yr term's going ok:-),im really sorry i wont b able 2 do this fridayhope u can find an alternativehope yr terms going ok,106
ham,Ok. I only ask abt e movie. U wan ktv oso?,ok i only ask abt e movie u wan ktv oso,42
spam,Had your mobile 11mths ? Update for FREE to Oranges latest colour camera mobiles & unlimited weekend calls. Call Mobile Upd8 on freefone 08000839402 or 2StopTx,had your mobile 11mths  update for free to oranges latest colour camera mobiles  unlimited weekend calls call mobile upd8 on freefone 08000839402 or 2stoptx,159
ham,"Wow. I never realized that you were so embarassed by your accomodations. I thought you liked it, since i was doing the best i could and you always seemed so happy about ""the cave"". I'm sorry I didn't and don't have more to give. I'm sorry i offered. I'm sorry your room was so embarassing.",wow i never realized that you were so embarassed by your accomodations i thought you liked it since i was doing the best i could and you always seemed so happy about the cave im sorry i didnt and dont have more to give im sorry i offered im sorry your room was so embarassing,289
ham,Your dad is back in ph?,your dad is back in ph,23
ham,Hi:)cts employee how are you?,hicts employee how are you,29
ham,"""Aww you must be nearly dead!Well Jez isComing over toDo some workAnd that whillTake forever!""",aww you must be nearly deadwell jez iscoming over todo some workand that whilltake forever,94
ham,BABE !!! I miiiiiiissssssssss you ! I need you !!! I crave you !!! :-( ... Geeee ... I'm so sad without you babe ... I love you ...,babe  i miiiiiiissssssssss you  i need you  i crave you    geeee  im so sad without you babe  i love you ,131
spam,"Text82228>> Get more ringtones, logos and games from www.txt82228.com. Questions: info@txt82228.co.uk",text82228 get more ringtones logos and games from wwwtxt82228com questions infotxt82228couk,101
ham,"Hey babe, my friend had to cancel, still up for a visit ?",hey babe my friend had to cancel still up for a visit ,57
spam,4mths half price Orange line rental & latest camera phones 4 FREE. Had your phone 11mths+? Call MobilesDirect free on 08000938767 to update now! or2stoptxt T&Cs,4mths half price orange line rental  latest camera phones 4 free had your phone 11mths call mobilesdirect free on 08000938767 to update now or2stoptxt tcs,160
ham,My sister going to earn more than me da.,my sister going to earn more than me da,40
ham,Sorry me going home first... Daddy come fetch ü later...,sorry me going home first daddy come fetch  later,56
ham,"Could you not read me, my Love ? I answered you",could you not read me my love  i answered you,47
ham,Are you willing to go for aptitude class.,are you willing to go for aptitude class,41
spam,"ou are guaranteed the latest Nokia Phone, a 40GB iPod MP3 player or a £500 prize! Txt word: COLLECT to No: 83355! IBHltd LdnW15H 150p/Mtmsgrcvd18",ou are guaranteed the latest nokia phone a 40gb ipod mp3 player or a 500 prize txt word collect to no 83355 ibhltd ldnw15h 150pmtmsgrcvd18,145
ham,The beauty of life is in next second.. which hides thousands of secrets. I wish every second will be wonderful in ur life...!! gud n8,the beauty of life is in next second which hides thousands of secrets i wish every second will be wonderful in ur life gud n8,133
ham,X2  &lt;#&gt; . Are you going to get that,x2  ltgt  are you going to get that,41
ham,My battery is low babe,my battery is low babe,22
spam,No 1 POLYPHONIC tone 4 ur mob every week! Just txt PT2 to 87575. 1st Tone FREE ! so get txtin now and tell ur friends. 150p/tone. 16 reply HL 4info,no 1 polyphonic tone 4 ur mob every week just txt pt2 to 87575 1st tone free  so get txtin now and tell ur friends 150ptone 16 reply hl 4info,147
ham,Same. Wana plan a trip sometme then,same wana plan a trip sometme then,35
ham,I love u 2 my little pocy bell I am sorry but I love u,i love u 2 my little pocy bell i am sorry but i love u,54
ham,What should i eat fo lunch senor,what should i eat fo lunch senor,32
ham,Your bill at 3 is £33.65 so thats not bad!,your bill at 3 is 3365 so thats not bad,42
ham,R u saying i should re order the slippers cos i had to pay for returning it.,r u saying i should re order the slippers cos i had to pay for returning it,76
spam,HMV BONUS SPECIAL 500 pounds of genuine HMV vouchers to be won. Just answer 4 easy questions. Play Now! Send HMV to 86688 More info:www.100percent-real.com,hmv bonus special 500 pounds of genuine hmv vouchers to be won just answer 4 easy questions play now send hmv to 86688 more infowww100percentrealcom,155
ham,I wait 4 ü inside da car park...,i wait 4  inside da car park,32
ham,How would my ip address test that considering my computer isn't a minecraft server,how would my ip address test that considering my computer isnt a minecraft server,82
ham,"Oh... Icic... K lor, den meet other day...",oh icic k lor den meet other day,42
spam,Our brand new mobile music service is now live. The free music player will arrive shortly. Just install on your phone to browse content from the top artists.,our brand new mobile music service is now live the free music player will arrive shortly just install on your phone to browse content from the top artists,157
spam,Do you want a New Nokia 3510i colour phone DeliveredTomorrow? With 300 free minutes to any mobile + 100 free texts + Free Camcorder reply or call 08000930705.,do you want a new nokia 3510i colour phone deliveredtomorrow with 300 free minutes to any mobile  100 free texts  free camcorder reply or call 08000930705,158
spam,Dear Dave this is your final notice to collect your 4* Tenerife Holiday or #5000 CASH award! Call 09061743806 from landline. TCs SAE Box326 CW25WX 150ppm,dear dave this is your final notice to collect your 4 tenerife holiday or 5000 cash award call 09061743806 from landline tcs sae box326 cw25wx 150ppm,153
ham,I fetch yun or u fetch?,i fetch yun or u fetch,23
ham,Ü thk of wat to eat tonight., thk of wat to eat tonight,28
ham,He's in lag. That's just the sad part but we keep in touch thanks to skype,hes in lag thats just the sad part but we keep in touch thanks to skype,74
spam,"URGENT! Your mobile number *************** WON a £2000 Bonus Caller prize on 10/06/03! This is the 2nd attempt to reach you! Call 09066368753 ASAP! Box 97N7QP, 150ppm",urgent your mobile number  won a 2000 bonus caller prize on 100603 this is the 2nd attempt to reach you call 09066368753 asap box 97n7qp 150ppm,166
ham,"I've got  &lt;#&gt; , any way I could pick up?",ive got  ltgt  any way i could pick up,46
ham,Excellent! Are you ready to moan and scream in ecstasy?,excellent are you ready to moan and scream in ecstasy,55
ham,"Yo, you around? Just got my car back",yo you around just got my car back,36
ham,2mro i am not coming to gym machan. Goodnight.,2mro i am not coming to gym machan goodnight,46
ham,"K give me a sec, breaking a  &lt;#&gt;  at cstore",k give me a sec breaking a  ltgt  at cstore,49
ham,Mark works tomorrow. He gets out at 5. His work is by your house so he can meet u afterwards.,mark works tomorrow he gets out at 5 his work is by your house so he can meet u afterwards,93
ham,Good night my dear.. Sleepwell&amp;Take care,good night my dear sleepwellamptake care,44
ham,First answer my question.,first answer my question,25
ham,Compliments to you. Was away from the system. How your side.,compliments to you was away from the system how your side,60
ham,"Hello, my love! How goes that day ? I wish your well and fine babe and hope that you find some job prospects. I miss you, boytoy ... *a teasing kiss*",hello my love how goes that day  i wish your well and fine babe and hope that you find some job prospects i miss you boytoy  a teasing kiss,149
ham,Ok then i come n pick u at engin?,ok then i come n pick u at engin,33
ham,it's really getting me down just hanging around.,its really getting me down just hanging around,48
ham,"Nah man, my car is meant to be crammed full of people",nah man my car is meant to be crammed full of people,53
spam,"HOT LIVE FANTASIES call now 08707509020 Just 20p per min NTT Ltd, PO Box 1327 Croydon CR9 5WB 0870..k",hot live fantasies call now 08707509020 just 20p per min ntt ltd po box 1327 croydon cr9 5wb 0870k,101
ham,"Sir, hope your day is going smoothly. i really hoped i wont have to bother you about this. I have some bills that i can't settle this month. I am out of all extra cash. I know this is a challenging time for you also but i have to let you know.",sir hope your day is going smoothly i really hoped i wont have to bother you about this i have some bills that i cant settle this month i am out of all extra cash i know this is a challenging time for you also but i have to let you know,243
ham,Anytime lor...,anytime lor,14
ham,"The house is on the water with a dock, a boat rolled up with a newscaster who dabbles in jazz flute behind the wheel",the house is on the water with a dock a boat rolled up with a newscaster who dabbles in jazz flute behind the wheel,116
ham,:-) yeah! Lol. Luckily i didn't have a starring role like you!, yeah lol luckily i didnt have a starring role like you,62
ham,Pls help me tell Ashley that i cant find her number oh,pls help me tell ashley that i cant find her number oh,54
spam,"Free-message: Jamster!Get the crazy frog sound now! For poly text MAD1, for real text MAD2 to 88888. 6 crazy sounds for just 3 GBP/week! 16+only! T&C's apply",freemessage jamsterget the crazy frog sound now for poly text mad1 for real text mad2 to 88888 6 crazy sounds for just 3 gbpweek 16only tcs apply,157
ham,"Do you know why god created gap between your fingers..? So that, One who is made for you comes &amp; fills those gaps by holding your hand with LOVE..!",do you know why god created gap between your fingers so that one who is made for you comes amp fills those gaps by holding your hand with love,151
ham,"G says you never answer your texts, confirm/deny",g says you never answer your texts confirmdeny,48
spam,We tried to call you re your reply to our sms for a video mobile 750 mins UNLIMITED TEXT + free camcorder Reply of call 08000930705 Now,we tried to call you re your reply to our sms for a video mobile 750 mins unlimited text  free camcorder reply of call 08000930705 now,135
spam,"Your free ringtone is waiting to be collected. Simply text the password ""MIX"" to 85069 to verify. Get Usher and Britney. FML, PO Box 5249, MK17 92H. 450Ppw 16",your free ringtone is waiting to be collected simply text the password mix to 85069 to verify get usher and britney fml po box 5249 mk17 92h 450ppw 16,158
ham,No that just means you have a fat head,no that just means you have a fat head,38
ham,", ow u dey.i paid 60,400thousad.i told  u would call . ", ow u deyi paid 60400thousadi told  u would call  ,55
ham,I'm awake oh. What's up.,im awake oh whats up,24
ham,"Babe! How goes that day ? What are you up to ? I miss you already, my Love ... * loving kiss* ... I hope everything goes well.",babe how goes that day  what are you up to  i miss you already my love   loving kiss  i hope everything goes well,126
ham,"Sorry that took so long, omw now",sorry that took so long omw now,32
ham,Same as kallis dismissial in 2nd test:-).,same as kallis dismissial in 2nd test,41
ham,You didnt complete your gist oh.,you didnt complete your gist oh,32
ham,"Sorry, I'll call later",sorry ill call later,22
spam,"Did you hear about the new ""Divorce Barbie""? It comes with all of Ken's stuff!",did you hear about the new divorce barbie it comes with all of kens stuff,78
ham,"K, wen ur free come to my home and also tel vikky i hav sent mail to him also.. Better come evening il be free today aftr 6pm..:-)",k wen ur free come to my home and also tel vikky i hav sent mail to him also better come evening il be free today aftr 6pm,130
spam,Dorothy@kiefer.com (Bank of Granite issues Strong-Buy) EXPLOSIVE PICK FOR OUR MEMBERS *****UP OVER 300% *********** Nasdaq Symbol CDGT That is a $5.00 per..,dorothykiefercom bank of granite issues strongbuy explosive pick for our members up over 300  nasdaq symbol cdgt that is a 500 per,156
ham,Lol please do. Actually send a pic of yourself right now. I wanna see. Pose with a comb and hair dryer or something.,lol please do actually send a pic of yourself right now i wanna see pose with a comb and hair dryer or something,116
ham,After completed degree. There is no use in joining finance.,after completed degree there is no use in joining finance,59
ham,Hey mate. Spoke to the mag people. We‘re on.  the is deliver by the end of the month. Deliver on the 24th sept. Talk later. ,hey mate spoke to the mag people were on  the is deliver by the end of the month deliver on the 24th sept talk later ,124
ham,I attended but nothing is there.,i attended but nothing is there,32
ham,He's really into skateboarding now despite the fact that he gets thrown off of it and winds up with bandages and shit all over his arms every five minutes,hes really into skateboarding now despite the fact that he gets thrown off of it and winds up with bandages and shit all over his arms every five minutes,154
ham,The hair cream has not been shipped.,the hair cream has not been shipped,36
ham,"Haha awesome, I might need to take you up on that, what you doin tonight?",haha awesome i might need to take you up on that what you doin tonight,73
ham,Are you staying in town ?,are you staying in town ,25
ham,"V-aluable. A-ffectionate. L-oveable. E-ternal. N-oble. T-ruthful. I-ntimate. N-atural. E-namous. Happy ""VALENTINES DAY"" in advance",valuable affectionate loveable eternal noble truthful intimate natural enamous happy valentines day in advance,130
ham,Is ur changes 2 da report big? Cos i've already made changes 2 da previous report.,is ur changes 2 da report big cos ive already made changes 2 da previous report,82
ham,Both :) i shoot big loads so get ready!,both  i shoot big loads so get ready,39
spam,Camera - You are awarded a SiPix Digital Camera! call 09061221066 fromm landline. Delivery within 28 days.,camera  you are awarded a sipix digital camera call 09061221066 fromm landline delivery within 28 days,106
ham,Life style garments account no please.,life style garments account no please,38
spam,Ur TONEXS subscription has been renewed and you have been charged £4.50. You can choose 10 more polys this month. www.clubzed.co.uk *BILLING MSG*,ur tonexs subscription has been renewed and you have been charged 450 you can choose 10 more polys this month wwwclubzedcouk billing msg,145
ham,"Guy, no flash me now. If you go call me, call me. How madam. Take care oh.",guy no flash me now if you go call me call me how madam take care oh,74
ham,Then ü wait 4 me at bus stop aft ur lect lar. If i dun c ü then i go get my car then come back n pick ü.,then  wait 4 me at bus stop aft ur lect lar if i dun c  then i go get my car then come back n pick ,104
spam,XCLUSIVE@CLUBSAISAI 2MOROW 28/5 SOIREE SPECIALE ZOUK WITH NICHOLS FROM PARIS.FREE ROSES 2 ALL LADIES !!! info: 07946746291/07880867867 ,xclusiveclubsaisai 2morow 285 soiree speciale zouk with nichols from parisfree roses 2 all ladies  info 0794674629107880867867 ,135
ham,Yo guess what I just dropped,yo guess what i just dropped,28
ham,Good morning pookie pie! Lol hope I didn't wake u up,good morning pookie pie lol hope i didnt wake u up,52
ham,Dear reached railway. What happen to you,dear reached railway what happen to you,40
ham,Lol. Well quality aint bad at all so i aint complaining,lol well quality aint bad at all so i aint complaining,55
ham,says the  &lt;#&gt;  year old with a man and money. I'm down to my last  &lt;#&gt; . Still waiting for that check.,says the  ltgt  year old with a man and money im down to my last  ltgt  still waiting for that check,114
ham,Sorry i'm not free...,sorry im not free,21
ham,Is that seriously how you spell his name?,is that seriously how you spell his name,41
ham,"I thought i'd get him a watch, just cos thats the kind of thing u get4an18th. And he loves so much!",i thought id get him a watch just cos thats the kind of thing u get4an18th and he loves so much,99
ham,Ultimately tor motive tui achieve korli.,ultimately tor motive tui achieve korli,40
ham,Hi! You just spoke to MANEESHA V. We'd like to know if you were satisfied with the experience. Reply Toll Free with Yes or No.,hi you just spoke to maneesha v wed like to know if you were satisfied with the experience reply toll free with yes or no,126
ham,I'm working technical support :)voice process.,im working technical support voice process,46
spam,Natalie (20/F) is inviting you to be her friend. Reply YES-165 or NO-165 See her: www.SMS.ac/u/natalie2k9 STOP? Send STOP FRND to 62468,natalie 20f is inviting you to be her friend reply yes165 or no165 see her wwwsmsacunatalie2k9 stop send stop frnd to 62468,135
ham,How stupid to say that i challenge god.You dont think at all on what i write instead you respond immed.,how stupid to say that i challenge godyou dont think at all on what i write instead you respond immed,103
spam,You have won a Nokia 7250i. This is what you get when you win our FREE auction. To take part send Nokia to 86021 now. HG/Suite342/2Lands Row/W1JHL 16+,you have won a nokia 7250i this is what you get when you win our free auction to take part send nokia to 86021 now hgsuite3422lands roww1jhl 16,150
ham,Yeah right! I'll bring my tape measure fri!,yeah right ill bring my tape measure fri,43
ham,Cool. So how come you havent been wined and dined before?,cool so how come you havent been wined and dined before,57
ham,Yay! You better not have told that to 5 other girls either.,yay you better not have told that to 5 other girls either,59
ham,"Hello. Sort of out in town already. That . So dont rush home, I am eating nachos. Will let you know eta.",hello sort of out in town already that  so dont rush home i am eating nachos will let you know eta,104
ham,I cant wait to see you! How were the photos were useful? :),i cant wait to see you how were the photos were useful ,59
spam,Send a logo 2 ur lover - 2 names joined by a heart. Txt LOVE NAME1 NAME2 MOBNO eg LOVE ADAM EVE 07123456789 to 87077 Yahoo! POBox36504W45WQ TxtNO 4 no ads 150p.,send a logo 2 ur lover  2 names joined by a heart txt love name1 name2 mobno eg love adam eve 07123456789 to 87077 yahoo pobox36504w45wq txtno 4 no ads 150p,160
ham,"Nope. Since ayo travelled, he has forgotten his guy",nope since ayo travelled he has forgotten his guy,51
spam,"Dear Voucher Holder, To claim this weeks offer, at you PC please go to http://www.e-tlp.co.uk/reward. Ts&Cs apply.",dear voucher holder to claim this weeks offer at you pc please go to httpwwwetlpcoukreward tscs apply,114
ham,Yup... Hey then one day on fri we can ask miwa and jiayin take leave go karaoke ,yup hey then one day on fri we can ask miwa and jiayin take leave go karaoke ,80
ham,Pls i wont belive god.not only jesus.,pls i wont belive godnot only jesus,37
ham,"Mum, i've sent you many many messages since i got here. I just want to know that you are actually getting them. Do enjoy the rest of your day.",mum ive sent you many many messages since i got here i just want to know that you are actually getting them do enjoy the rest of your day,142
spam,4mths half price Orange line rental & latest camera phones 4 FREE. Had your phone 11mths ? Call MobilesDirect free on 08000938767 to update now! or2stoptxt,4mths half price orange line rental  latest camera phones 4 free had your phone 11mths  call mobilesdirect free on 08000938767 to update now or2stoptxt,155
ham,"Sorry, I'll call later ok bye",sorry ill call later ok bye,29
spam,"This is the 2nd time we have tried 2 contact u. U have won the 750 Pound prize. 2 claim is easy, call 08718726970 NOW! Only 10p per min. BT-national-rate ",this is the 2nd time we have tried 2 contact u u have won the 750 pound prize 2 claim is easy call 08718726970 now only 10p per min btnationalrate ,154
ham,"Good afternoon on this glorious anniversary day, my sweet J !! I hope this finds you happy and content, my Prey. I think of you and send a teasing kiss from across the sea coaxing images of fond souveniers ... You Cougar-Pen",good afternoon on this glorious anniversary day my sweet j  i hope this finds you happy and content my prey i think of you and send a teasing kiss from across the sea coaxing images of fond souveniers  you cougarpen,224
ham,Did u got that persons story,did u got that persons story,28
ham,From 5 to 2 only my work timing.,from 5 to 2 only my work timing,32
ham,K.i will send in  &lt;#&gt;  min:),ki will send in  ltgt  min,34
ham,"Oh, then your phone phoned me but it disconnected",oh then your phone phoned me but it disconnected,49
ham,"A swt thought: ""Nver get tired of doing little things 4 lovable persons.."" Coz..somtimes those little things occupy d biggest part in their Hearts.. Gud ni8",a swt thought nver get tired of doing little things 4 lovable persons cozsomtimes those little things occupy d biggest part in their hearts gud ni8,156
ham,R u in this continent?,r u in this continent,22
spam,Sorry! U can not unsubscribe yet. THE MOB offer package has a min term of 54 weeks> pls resubmit request after expiry. Reply THEMOB HELP 4 more info,sorry u can not unsubscribe yet the mob offer package has a min term of 54 weeks pls resubmit request after expiry reply themob help 4 more info,148
ham,Hello my little party animal! I just thought I'd buzz you as you were with your friends ...*grins*... Reminding you were loved and send a naughty adoring kiss,hello my little party animal i just thought id buzz you as you were with your friends grins reminding you were loved and send a naughty adoring kiss,158
spam,Hard LIVE 121 chat just 60p/min. Choose your girl and connect LIVE. Call 09094646899 now! Cheap Chat UK's biggest live service. VU BCM1896WC1N3XX,hard live 121 chat just 60pmin choose your girl and connect live call 09094646899 now cheap chat uks biggest live service vu bcm1896wc1n3xx,145
spam,Do you want a New Nokia 3510i colour phone DeliveredTomorrow? With 300 free minutes to any mobile + 100 free texts + Free Camcorder reply or call 08000930705,do you want a new nokia 3510i colour phone deliveredtomorrow with 300 free minutes to any mobile  100 free texts  free camcorder reply or call 08000930705,157
ham,I absolutely LOVE South Park! I only recently started watching the office.,i absolutely love south park i only recently started watching the office,74
spam,GSOH? Good with SPAM the ladies?U could b a male gigolo? 2 join the uk's fastest growing mens club reply ONCALL. mjzgroup. 08714342399.2stop reply STOP. msg@£1.50rcvd,gsoh good with spam the ladiesu could b a male gigolo 2 join the uks fastest growing mens club reply oncall mjzgroup 087143423992stop reply stop msg150rcvd,166
ham,Be sure to check your yahoo email. We sent photos yesterday,be sure to check your yahoo email we sent photos yesterday,59
ham,Which channel:-):-):):-).,which channel,25
ham,"Goodmorning, today i am late for 1hr.",goodmorning today i am late for 1hr,37
spam,Gr8 new service - live sex video chat on your mob - see the sexiest dirtiest girls live on ur phone - 4 details text horny to 89070 to cancel send STOP to 89070,gr8 new service  live sex video chat on your mob  see the sexiest dirtiest girls live on ur phone  4 details text horny to 89070 to cancel send stop to 89070,160
ham,I tot it's my group mate... Lucky i havent reply... Wat time do ü need to leave... ,i tot its my group mate lucky i havent reply wat time do  need to leave ,83
ham,Friends that u can stay on fb chat with,friends that u can stay on fb chat with,39
spam,Guess who am I?This is the first time I created a web page WWW.ASJESUS.COM read all I wrote. I'm waiting for your opinions. I want to be your friend 1/1,guess who am ithis is the first time i created a web page wwwasjesuscom read all i wrote im waiting for your opinions i want to be your friend 11,152
ham,Kallis is ready for bat in 2nd innings,kallis is ready for bat in 2nd innings,38
spam,Thanks for your subscription to Ringtone UK your mobile will be charged £5/month Please confirm by replying YES or NO. If you reply NO you will not be charged,thanks for your subscription to ringtone uk your mobile will be charged 5month please confirm by replying yes or no if you reply no you will not be charged,158
ham,What u talking bout early morning? It's almost noon where your at!,what u talking bout early morning its almost noon where your at,66
spam,Hi its LUCY Hubby at meetins all day Fri & I will B alone at hotel U fancy cumin over? Pls leave msg 2day 09099726395 Lucy x Calls£1/minMobsmoreLKPOBOX177HP51FL,hi its lucy hubby at meetins all day fri  i will b alone at hotel u fancy cumin over pls leave msg 2day 09099726395 lucy x calls1minmobsmorelkpobox177hp51fl,160
ham,"Hey ! I want you ! I crave you ! I miss you ! I need you ! I love you, Ahmad Saeed al Hallaq ...",hey  i want you  i crave you  i miss you  i need you  i love you ahmad saeed al hallaq ,96
ham,Many more happy returns of the day. I wish you happy birthday.,many more happy returns of the day i wish you happy birthday,62
ham,It is only yesterday true true.,it is only yesterday true true,31
spam,"Free Msg: get Gnarls Barkleys ""Crazy"" ringtone TOTALLY FREE just reply GO to this message right now!",free msg get gnarls barkleys crazy ringtone totally free just reply go to this message right now,100
ham,Lol no ouch but wish i'd stayed out a bit longer,lol no ouch but wish id stayed out a bit longer,48
ham,IM GONNA MISS U SO MUCH,im gonna miss u so much,23
ham,What type of stuff do you sing?,what type of stuff do you sing,31
ham,How many times i told in the stage all use to laugh. You not listen aha.,how many times i told in the stage all use to laugh you not listen aha,72
spam,You have been specially selected to receive a 2000 pound award! Call 08712402050 BEFORE the lines close. Cost 10ppm. 16+. T&Cs apply. AG Promo,you have been specially selected to receive a 2000 pound award call 08712402050 before the lines close cost 10ppm 16 tcs apply ag promo,142
ham,"I'm a guy, browsin is compulsory",im a guy browsin is compulsory,32
ham,Hey happy birthday...,hey happy birthday,21
ham,Of course ! Don't tease me ... You know I simply must see ! *grins* ... Do keep me posted my prey ... *loving smile* *devouring kiss*,of course  dont tease me  you know i simply must see  grins  do keep me posted my prey  loving smile devouring kiss,133
ham,"sorry, no, have got few things to do. may be in pub later.",sorry no have got few things to do may be in pub later,58
ham,Not thought bout it... || Drink in tap & spile at seven. || Is that pub on gas st off broad st by canal. || Ok?,not thought bout it  drink in tap  spile at seven  is that pub on gas st off broad st by canal  ok,111
ham,K.then any other special?,kthen any other special,25
spam,You are being ripped off! Get your mobile content from www.clubmoby.com call 08717509990 poly/true/Pix/Ringtones/Games six downloads for only 3,you are being ripped off get your mobile content from wwwclubmobycom call 08717509990 polytruepixringtonesgames six downloads for only 3,143
ham,Ok.. Ü finishing soon?,ok  finishing soon,22
ham,"Dont worry, 1 day very big lambu ji vl come..til then enjoy batchlor party:-)",dont worry 1 day very big lambu ji vl cometil then enjoy batchlor party,77
ham,Hey next sun 1030 there's a basic yoga course... at bugis... We can go for that... Pilates intro next sat.... Tell me what time you r free,hey next sun 1030 theres a basic yoga course at bugis we can go for that pilates intro next sat tell me what time you r free,138
ham,"The affidavit says  &lt;#&gt;  E Twiggs St, division g, courtroom  &lt;#&gt; , &lt;TIME&gt;  AM. I'll double check and text you again tomorrow",the affidavit says  ltgt  e twiggs st division g courtroom  ltgt  lttimegt  am ill double check and text you again tomorrow,142
ham,Come to medical college at 7pm ......forward it da,come to medical college at 7pm forward it da,50
ham,Ugh fuck it I'm resubbing to eve,ugh fuck it im resubbing to eve,32
ham,Hi baby ive just got back from work and i was wanting to see u allday! I hope i didnt piss u off on the phone today. If u are up give me a call xxx,hi baby ive just got back from work and i was wanting to see u allday i hope i didnt piss u off on the phone today if u are up give me a call xxx,147
spam,U have a secret admirer. REVEAL who thinks U R So special. Call 09065174042. To opt out Reply REVEAL STOP. 1.50 per msg recd. Cust care 07821230901,u have a secret admirer reveal who thinks u r so special call 09065174042 to opt out reply reveal stop 150 per msg recd cust care 07821230901,147
ham,Your opinion about me? 1. Over 2. Jada 3. Kusruthi 4. Lovable 5. Silent 6. Spl character 7. Not matured 8. Stylish 9. Simple Pls reply..,your opinion about me 1 over 2 jada 3 kusruthi 4 lovable 5 silent 6 spl character 7 not matured 8 stylish 9 simple pls reply,136
ham,I donno if they are scorable,i donno if they are scorable,28
ham,Ü give me some time to walk there., give me some time to walk there,34
ham,When you are big..| God will bring success.,when you are big god will bring success,43
ham,Much better now thanks lol,much better now thanks lol,26
spam,"Auction round 4. The highest bid is now £54. Next maximum bid is £71. To bid, send BIDS e. g. 10 (to bid £10) to 83383. Good luck.",auction round 4 the highest bid is now 54 next maximum bid is 71 to bid send bids e g 10 to bid 10 to 83383 good luck,130
ham,Sad story of a Man - Last week was my b'day. My Wife did'nt wish me. My Parents forgot n so did my Kids . I went to work. Even my Colleagues did not wish.,sad story of a man  last week was my bday my wife didnt wish me my parents forgot n so did my kids  i went to work even my colleagues did not wish,154
ham,Hey you can pay. With salary de. Only  &lt;#&gt; .,hey you can pay with salary de only  ltgt ,50
spam,As one of our registered subscribers u can enter the draw 4 a 100 G.B. gift voucher by replying with ENTER. To unsubscribe text STOP,as one of our registered subscribers u can enter the draw 4 a 100 gb gift voucher by replying with enter to unsubscribe text stop,132
ham,That's necessarily respectful,thats necessarily respectful,29
ham,I love working from home :),i love working from home ,27
ham,"idc get over here, you are not weaseling your way out of this shit twice in a row",idc get over here you are not weaseling your way out of this shit twice in a row,81
ham,"Very hurting n meaningful lines ever: ""I compromised everything for my love, But at d end my love compromised me for everything:-("".. Gud mornin:-)",very hurting n meaningful lines ever i compromised everything for my love but at d end my love compromised me for everything gud mornin,147
ham,"Yes..but they said its IT.,",yesbut they said its it,27
spam,PRIVATE! Your 2003 Account Statement for 07808 XXXXXX shows 800 un-redeemed S. I. M. points. Call 08719899217 Identifier Code: 41685 Expires 07/11/04,private your 2003 account statement for 07808 xxxxxx shows 800 unredeemed s i m points call 08719899217 identifier code 41685 expires 071104,149
ham,Okie,okie,4
ham,I got to video tape pple type in message lor. U so free wan 2 help me? Hee... Cos i noe u wan 2 watch infernal affairs so ask u along. Asking shuhui oso.,i got to video tape pple type in message lor u so free wan 2 help me hee cos i noe u wan 2 watch infernal affairs so ask u along asking shuhui oso,153
ham,how are you? I miss you!,how are you i miss you,24
ham,"Babe! I fucking love you too !! You know? Fuck it was so good to hear your voice. I so need that. I crave it. I can't get enough. I adore you, Ahmad *kisses*",babe i fucking love you too  you know fuck it was so good to hear your voice i so need that i crave it i cant get enough i adore you ahmad kisses,157
ham,"Call me, i am senthil from hsbc.",call me i am senthil from hsbc,32
spam,WOW! The Boys R Back. TAKE THAT 2007 UK Tour. Win VIP Tickets & pre-book with VIP Club. Txt CLUB to 81303. Trackmarque Ltd info@vipclub4u.,wow the boys r back take that 2007 uk tour win vip tickets  prebook with vip club txt club to 81303 trackmarque ltd infovipclub4u,138
ham,Also where's the piece,also wheres the piece,22
ham,"You have come into my life and brought the sun ..Shiny down on me, warming my heart. Putting a constant smile on my face ... Making me feel loved and cared for",you have come into my life and brought the sun shiny down on me warming my heart putting a constant smile on my face  making me feel loved and cared for,159
ham,"Yes obviously, but you are the eggs-pert and the potato head… Speak soon! ",yes obviously but you are the eggspert and the potato head speak soon ,74
ham,ALRITE,alrite,6
ham,"Sorry chikku, my cell got some problem thts y i was nt able to reply u or msg u..",sorry chikku my cell got some problem thts y i was nt able to reply u or msg u,81
spam,Do you want a new Video phone? 600 anytime any network mins 400 Inclusive Video calls AND downloads 5 per week Free delTOMORROW call 08002888812 or reply NOW,do you want a new video phone 600 anytime any network mins 400 inclusive video calls and downloads 5 per week free deltomorrow call 08002888812 or reply now,157
ham,Convey my regards to him,convey my regards to him,24
spam,"Congratulations! Thanks to a good friend U have WON the £2,000 Xmas prize. 2 claim is easy, just call 08718726978 NOW! Only 10p per minute. BT-national-rate",congratulations thanks to a good friend u have won the 2000 xmas prize 2 claim is easy just call 08718726978 now only 10p per minute btnationalrate,156
ham,Aiyar dun disturb u liao... Thk u have lots 2 do aft ur cupboard come...,aiyar dun disturb u liao thk u have lots 2 do aft ur cupboard come,72
ham,"Hey chief, can you give me a bell when you get this. Need to talk to you about this royal visit on the 1st june. ",hey chief can you give me a bell when you get this need to talk to you about this royal visit on the 1st june ,113
ham,"If we hit it off, you can move in with me :)",if we hit it off you can move in with me ,44
ham,The Xmas story is peace.. The Xmas msg is love.. The Xmas miracle is jesus.. Hav a blessed month ahead &amp; wish U Merry Xmas...,the xmas story is peace the xmas msg is love the xmas miracle is jesus hav a blessed month ahead amp wish u merry xmas,129
ham,"that would be good … I'll phone you tomo lunchtime, shall I, to organise something?",that would be good  ill phone you tomo lunchtime shall i to organise something,83
ham,Takin a shower now but yeah I'll leave when I'm done,takin a shower now but yeah ill leave when im done,52
ham,See? I thought it all through,see i thought it all through,29
spam,"Shop till u Drop, IS IT YOU, either 10K, 5K, £500 Cash or £100 Travel voucher, Call now, 09064011000. NTT PO Box CR01327BT fixedline Cost 150ppm mobile vary",shop till u drop is it you either 10k 5k 500 cash or 100 travel voucher call now 09064011000 ntt po box cr01327bt fixedline cost 150ppm mobile vary,156
ham,"I keep seeing weird shit and bein all ""woah"" then realising it's actually reasonable and I'm all ""oh""",i keep seeing weird shit and bein all woah then realising its actually reasonable and im all oh,101
ham,Oh k. . I will come tomorrow,oh k  i will come tomorrow,28
ham,Love it! I want to flood that pretty pussy with cum...,love it i want to flood that pretty pussy with cum,54
ham,Auntie huai juan never pick up her phone,auntie huai juan never pick up her phone,40
ham,No need lar i go engin? Cos my sis at arts today...,no need lar i go engin cos my sis at arts today,51
ham,K.k.this month kotees birthday know?,kkthis month kotees birthday know,36
spam,100 dating service cal;l 09064012103 box334sk38ch,100 dating service call 09064012103 box334sk38ch,49
ham,ITS A LAPTOP TAKE IT WITH YOU.,its a laptop take it with you,30
ham,Re your call; You didn't see my facebook huh?,re your call you didnt see my facebook huh,45
ham,Ok that's great thanx a lot.,ok thats great thanx a lot,28
ham,"""CHA QUITEAMUZING THATSCOOL BABE,PROBPOP IN & CU SATTHEN HUNNY 4BREKKIE! LOVE JEN XXX. PSXTRA LRG PORTIONS 4 ME PLEASE """,cha quiteamuzing thatscool babeprobpop in  cu satthen hunny 4brekkie love jen xxx psxtra lrg portions 4 me please ,121
ham,Tessy..pls do me a favor. Pls convey my birthday wishes to Nimya..pls dnt forget it. Today is her birthday Shijas,tessypls do me a favor pls convey my birthday wishes to nimyapls dnt forget it today is her birthday shijas,113
ham,Did you try making another butt.,did you try making another butt,32
spam,A £400 XMAS REWARD IS WAITING FOR YOU! Our computer has randomly picked you from our loyal mobile customers to receive a £400 reward. Just call 09066380611 ,a 400 xmas reward is waiting for you our computer has randomly picked you from our loyal mobile customers to receive a 400 reward just call 09066380611 ,156
spam,What do U want for Xmas? How about 100 free text messages & a new video phone with half price line rental? Call free now on 0800 0721072 to find out more!,what do u want for xmas how about 100 free text messages  a new video phone with half price line rental call free now on 0800 0721072 to find out more,154
ham,You could have seen me..i did't recognise you Face.:),you could have seen mei didt recognise you face,53
ham,Can you plz tell me the ans. BSLVYL sent via fullonsms.com,can you plz tell me the ans bslvyl sent via fullonsmscom,58
ham,Aight what time you want me to come up?,aight what time you want me to come up,39
spam,"FREE GAME. Get Rayman Golf 4 FREE from the O2 Games Arcade. 1st get UR games settings. Reply POST, then save & activ8. Press 0 key for Arcade. Termsapply",free game get rayman golf 4 free from the o2 games arcade 1st get ur games settings reply post then save  activ8 press 0 key for arcade termsapply,153
ham,I hate when she does this. She turns what should be a fun shopping trip into an annoying day of how everything would look in her house.,i hate when she does this she turns what should be a fun shopping trip into an annoying day of how everything would look in her house,135
ham,Goodo! Yes we must speak friday - egg-potato ratio for tortilla needed! ,goodo yes we must speak friday  eggpotato ratio for tortilla needed ,72
ham,"Yo, call me when you get the chance, a friend of mine wanted me to ask you about a big order",yo call me when you get the chance a friend of mine wanted me to ask you about a big order,92
ham,I'm at bruce &amp; fowler now but I'm in my mom's car so I can't park (long story),im at bruce amp fowler now but im in my moms car so i cant park long story,82
spam,You are awarded a SiPix Digital Camera! call 09061221061 from landline. Delivery within 28days. T Cs Box177. M221BP. 2yr warranty. 150ppm. 16 . p p£3.99,you are awarded a sipix digital camera call 09061221061 from landline delivery within 28days t cs box177 m221bp 2yr warranty 150ppm 16  p p399,152
ham,Have you emigrated or something? Ok maybe 5.30 was a bit hopeful...,have you emigrated or something ok maybe 530 was a bit hopeful,67
ham,"She said,'' do u mind if I go into the bedroom for a minute ? '' ''OK'', I sed in a sexy mood. She came out 5 minuts latr wid a cake...n My Wife,",she said do u mind if i go into the bedroom for a minute   ok i sed in a sexy mood she came out 5 minuts latr wid a caken my wife,145
ham,Ok lor...,ok lor,9
ham,"It doesnt make sense to take it there unless its free. If you need to know more, wikipedia.com",it doesnt make sense to take it there unless its free if you need to know more wikipediacom,94
ham,Want to send me a virtual hug?... I need one,want to send me a virtual hug i need one,44
ham,"""EY! CALM DOWNON THEACUSATIONS.. ITXT U COS IWANA KNOW WOTU R DOIN AT THEW/END... HAVENTCN U IN AGES..RING ME IF UR UP4 NETHING SAT.LOVE J XXX.""",ey calm downon theacusations itxt u cos iwana know wotu r doin at thewend haventcn u in agesring me if ur up4 nething satlove j xxx,144
ham,If you ask her or she say any please message.,if you ask her or she say any please message,45
ham,You intrepid duo you! Have a great time and see you both soon. ,you intrepid duo you have a great time and see you both soon ,63
ham,In meeting da. I will call you,in meeting da i will call you,30
spam,Todays Voda numbers ending 5226 are selected to receive a ?350 award. If you hava a match please call 08712300220 quoting claim code 1131 standard rates app ,todays voda numbers ending 5226 are selected to receive a 350 award if you hava a match please call 08712300220 quoting claim code 1131 standard rates app ,157
ham,Badrith is only for chennai:)i will surely pick for us:)no competition for him.,badrith is only for chennaii will surely pick for usno competition for him,79
ham,Jus telling u dat i'll b leaving 4 shanghai on 21st instead so we'll haf more time 2 meet up cya...,jus telling u dat ill b leaving 4 shanghai on 21st instead so well haf more time 2 meet up cya,99
ham,Just sleeping..and surfing,just sleepingand surfing,26
ham,Haha... Yup hopefully  we will lose a few kg by mon. after hip hop can go orchard and weigh again,haha yup hopefully  we will lose a few kg by mon after hip hop can go orchard and weigh again,97
ham,Yar else i'll thk of all sorts of funny things.,yar else ill thk of all sorts of funny things,47
ham,"K, can I pick up another 8th when you're done?",k can i pick up another 8th when youre done,46
ham,The message sent is askin for  &lt;#&gt; dollars. Shoul i pay  &lt;#&gt;  or  &lt;#&gt; ?,the message sent is askin for  ltgt dollars shoul i pay  ltgt  or  ltgt ,89
ham,"Sorry, I'll call later",sorry ill call later,22
ham,If I die I want u to have all my stuffs.,if i die i want u to have all my stuffs,40
ham,He is there. You call and meet him,he is there you call and meet him,34
ham,Ummmmmaah Many many happy returns of d day my dear sweet heart.. HAPPY BIRTHDAY dear,ummmmmaah many many happy returns of d day my dear sweet heart happy birthday dear,84
ham,"Carlos took a while (again), we leave in a minute",carlos took a while again we leave in a minute,49
ham,How was txting and driving,how was txting and driving,26
spam,"u r subscribed 2 TEXTCOMP 250 wkly comp. 1st wk?s free question follows, subsequent wks charged@150p/msg.2 unsubscribe txt STOP 2 84128,custcare 08712405020",u r subscribed 2 textcomp 250 wkly comp 1st wks free question follows subsequent wks charged150pmsg2 unsubscribe txt stop 2 84128custcare 08712405020,156
ham,Yes I started to send requests to make it but pain came back so I'm back in bed. Double coins at the factory too. I gotta cash in all my nitros.,yes i started to send requests to make it but pain came back so im back in bed double coins at the factory too i gotta cash in all my nitros,144
ham,I tot u reach liao. He said t-shirt.,i tot u reach liao he said tshirt,36
spam,"Spook up your mob with a Halloween collection of a logo & pic message plus a free eerie tone, txt CARD SPOOK to 8007 zed 08701417012150p per logo/pic",spook up your mob with a halloween collection of a logo  pic message plus a free eerie tone txt card spook to 8007 zed 08701417012150p per logopic,149
ham,No. On the way home. So if not for the long dry spell the season would have been over,no on the way home so if not for the long dry spell the season would have been over,85
ham,If i start sending blackberry torch to nigeria will you find buyer for me?like 4a month. And tell dad not to buy bb from anyone oh.,if i start sending blackberry torch to nigeria will you find buyer for melike 4a month and tell dad not to buy bb from anyone oh,131
spam,LIFE has never been this much fun and great until you came in. You made it truly special for me. I won't forget you! enjoy @ one gbp/sms,life has never been this much fun and great until you came in you made it truly special for me i wont forget you enjoy  one gbpsms,136
ham,"If you're still up, maybe leave the credit card so I can get gas when I get back like he told me to",if youre still up maybe leave the credit card so i can get gas when i get back like he told me to,99
spam,Urgent! Please call 09061743811 from landline. Your ABTA complimentary 4* Tenerife Holiday or £5000 cash await collection SAE T&Cs Box 326 CW25WX 150ppm,urgent please call 09061743811 from landline your abta complimentary 4 tenerife holiday or 5000 cash await collection sae tcs box 326 cw25wx 150ppm,152
ham,Oh god. I'm gonna Google nearby cliffs now.,oh god im gonna google nearby cliffs now,43
ham,Or just do that 6times,or just do that 6times,22
ham,"Hey babe! I saw you came online for a second and then you disappeared, what happened ?",hey babe i saw you came online for a second and then you disappeared what happened ,86
ham,"wow. You're right! I didn't mean to do that. I guess once i gave up on boston men and changed my search location to nyc, something changed. Cuz on my signin page it still says boston.",wow youre right i didnt mean to do that i guess once i gave up on boston men and changed my search location to nyc something changed cuz on my signin page it still says boston,183
ham,Am going to take bath ill place the key in window:-),am going to take bath ill place the key in window,52
ham,K..k:)how much does it cost?,kkhow much does it cost,28
ham,"Dear Hero,i am leaving to qatar tonite for an apt opportunity.pls do keep in touch at  &lt;EMAIL&gt; ,kerala",dear heroi am leaving to qatar tonite for an apt opportunitypls do keep in touch at  ltemailgt kerala,108
ham,K I'll take care of it,k ill take care of it,22
ham,Kay... Since we are out already ,kay since we are out already ,32
ham,That's good. Lets thank God. Please complete the drug. Have lots of water. And have a beautiful day.,thats good lets thank god please complete the drug have lots of water and have a beautiful day,100
spam,"tddnewsletter@emc1.co.uk (More games from TheDailyDraw) Dear Helen, Dozens of Free Games - with great prizesWith..",tddnewsletteremc1couk more games from thedailydraw dear helen dozens of free games  with great prizeswith,114
ham,I told that am coming on wednesday.,i told that am coming on wednesday,35
ham,am up to my eyes in philosophy,am up to my eyes in philosophy,30
spam,This message is free. Welcome to the new & improved Sex & Dogging club! To unsubscribe from this service reply STOP. msgs@150p 18+only,this message is free welcome to the new  improved sex  dogging club to unsubscribe from this service reply stop msgs150p 18only,134
ham,I had it already..sabarish asked me to go..,i had it alreadysabarish asked me to go,43
ham,"Wen ur lovable bcums angry wid u, dnt take it seriously.. Coz being angry is d most childish n true way of showing deep affection, care n luv!.. kettoda manda... Have nice day da.",wen ur lovable bcums angry wid u dnt take it seriously coz being angry is d most childish n true way of showing deep affection care n luv kettoda manda have nice day da,179
ham,"HI HUN! IM NOT COMIN 2NITE-TELL EVERY1 IM SORRY 4 ME, HOPE U AVA GOODTIME!OLI RANG MELNITE IFINK IT MITE B SORTED,BUT IL EXPLAIN EVERYTHIN ON MON.L8RS.x",hi hun im not comin 2nitetell every1 im sorry 4 me hope u ava goodtimeoli rang melnite ifink it mite b sortedbut il explain everythin on monl8rsx,152
ham,"Okies... I'll go yan jiu too... We can skip ard oso, go cine den go mrt one, blah blah blah... ",okies ill go yan jiu too we can skip ard oso go cine den go mrt one blah blah blah ,95
ham,This pen thing is beyond a joke. Wont a Biro do? Don't do a masters as can't do this ever again! ,this pen thing is beyond a joke wont a biro do dont do a masters as cant do this ever again ,97
ham,"Sorry, I'll call later",sorry ill call later,22
ham,Can you call me plz. Your number shows out of coveragd area. I have urgnt call in vasai &amp; have to reach before 4'o clock so call me plz,can you call me plz your number shows out of coveragd area i have urgnt call in vasai amp have to reach before 4o clock so call me plz,139
ham,Wishing you a beautiful day. Each moment revealing even more things to keep you smiling. Do enjoy it.,wishing you a beautiful day each moment revealing even more things to keep you smiling do enjoy it,101
ham,Yes princess! I want to please you every night. Your wish is my command...,yes princess i want to please you every night your wish is my command,74
ham,Go fool dont cheat others ok,go fool dont cheat others ok,28
ham,U coming 2 pick me?,u coming 2 pick me,19
ham,Yup i'm elaborating on the safety aspects and some other issues..,yup im elaborating on the safety aspects and some other issues,65
ham,Can you do a mag meeting this avo at some point?,can you do a mag meeting this avo at some point,48
ham,Lol u still feeling sick?,lol u still feeling sick,25
ham,I wud never mind if u dont miss me or if u dont need me.. But u wil really hurt me wen u need me &amp; u dont tell me......... Take care:-),i wud never mind if u dont miss me or if u dont need me but u wil really hurt me wen u need me amp u dont tell me take care,139
ham,"Sorry, I'll call later",sorry ill call later,22
spam,"URGENT! You have won a 1 week FREE membership in our £100,000 Prize Jackpot! Txt the word: CLAIM to No: 81010 T&C www.dbuk.net LCCLTD POBOX 4403LDNW1A7RW18",urgent you have won a 1 week free membership in our 100000 prize jackpot txt the word claim to no 81010 tc wwwdbuknet lccltd pobox 4403ldnw1a7rw18,155
spam,GENT! We are trying to contact you. Last weekends draw shows that you won a £1000 prize GUARANTEED. Call 09064012160. Claim Code K52. Valid 12hrs only. 150ppm ,gent we are trying to contact you last weekends draw shows that you won a 1000 prize guaranteed call 09064012160 claim code k52 valid 12hrs only 150ppm ,159
ham,Ok lor ü reaching then message me.,ok lor  reaching then message me,34
spam,Hello. We need some posh birds and chaps to user trial prods for champneys. Can i put you down? I need your address and dob asap. Ta r,hello we need some posh birds and chaps to user trial prods for champneys can i put you down i need your address and dob asap ta r,134
ham,Yeah imma come over cause jay wants to do some drugs,yeah imma come over cause jay wants to do some drugs,52
ham,"Solve d Case : A Man Was Found Murdered On  &lt;DECIMAL&gt; . &lt;#&gt;  AfterNoon. 1,His wife called Police. 2,Police questioned everyone. 3,Wife: Sir,I was sleeping, when the murder took place. 4.Cook: I was cooking. 5.Gardener: I was picking vegetables. 6.House-Maid: I went 2 d post office. 7.Children: We went 2 play. 8.Neighbour: We went 2 a marriage. Police arrested d murderer Immediately. Who's It? Reply With Reason, If U r Brilliant.",solve d case  a man was found murdered on  ltdecimalgt  ltgt  afternoon 1his wife called police 2police questioned everyone 3wife siri was sleeping when the murder took place 4cook i was cooking 5gardener i was picking vegetables 6housemaid i went 2 d post office 7children we went 2 play 8neighbour we went 2 a marriage police arrested d murderer immediately whos it reply with reason if u r brilliant,444
ham,I havent add ü yet right.. ,i havent add  yet right ,27
spam,"Hack Chat. Get backdoor entry into 121 chat rooms at a fraction of the cost. Reply NEO69 or call 09050280520, to subscribe 25p pm. DPS, Bcm box 8027 Ldn, wc1n3xx",hack chat get backdoor entry into 121 chat rooms at a fraction of the cost reply neo69 or call 09050280520 to subscribe 25p pm dps bcm box 8027 ldn wc1n3xx,161
ham,Will do. Was exhausted on train this morning. Too much wine and pie. You sleep well too,will do was exhausted on train this morning too much wine and pie you sleep well too,87
ham,For fear of fainting with the of all that housework you just did? Quick have a cuppa,for fear of fainting with the of all that housework you just did quick have a cuppa,84
ham,"I can't keep going through this. It was never my intention to run you out, but if you choose to do that rather than keep the room clean so *I* don't have to say no to visitors, then maybe that's the best choice. Yes, I wanted you to be embarassed, so maybe you'd feel for once how I feel when i have a friend who wants to drop buy and i have to say no, as happened this morning. I've tried everything. I don't know what else to do.",i cant keep going through this it was never my intention to run you out but if you choose to do that rather than keep the room clean so i dont have to say no to visitors then maybe thats the best choice yes i wanted you to be embarassed so maybe youd feel for once how i feel when i have a friend who wants to drop buy and i have to say no as happened this morning ive tried everything i dont know what else to do,431
ham,There r many model..sony ericson also der.. &lt;#&gt; ..it luks good bt i forgot modl no,there r many modelsony ericson also der ltgt it luks good bt i forgot modl no,88
ham,Hi there. We have now moved in2 our pub . Would be great 2 c u if u cud come up.,hi there we have now moved in2 our pub  would be great 2 c u if u cud come up,80
ham,Miss call miss call khelate kintu opponenter miss call dhorte lage. Thats d rule. One with great phone receiving quality wins.,miss call miss call khelate kintu opponenter miss call dhorte lage thats d rule one with great phone receiving quality wins,126
ham,S:)no competition for him.,sno competition for him,26
spam,U have a secret admirer. REVEAL who thinks U R So special. Call 09065174042. To opt out Reply REVEAL STOP. 1.50 per msg recd. Cust care 07821230901,u have a secret admirer reveal who thinks u r so special call 09065174042 to opt out reply reveal stop 150 per msg recd cust care 07821230901,147
spam,Money i have won wining number 946 wot do i do next,money i have won wining number 946 wot do i do next,51
ham,Well keep in mind I've only got enough gas for one more round trip barring a sudden influx of cash,well keep in mind ive only got enough gas for one more round trip barring a sudden influx of cash,98
ham,Why i come in between you people,why i come in between you people,32
ham,"Thanx. Yup we coming back on sun. Finish dinner going back 2 hotel now. Time flies, we're tog 4 exactly a mth today. Hope we'll haf many more mths to come...",thanx yup we coming back on sun finish dinner going back 2 hotel now time flies were tog 4 exactly a mth today hope well haf many more mths to come,157
ham,"K I'm ready,  &lt;#&gt; ?",k im ready  ltgt ,25
ham,PISS IS TALKING IS SOMEONE THAT REALISE U THAT POINT THIS AT IS IT.(NOW READ IT BACKWARDS),piss is talking is someone that realise u that point this at is itnow read it backwards,90
ham,My friends use to call the same.,my friends use to call the same,32
ham,"I don't know, same thing that's wrong everyso often, he panicks starts goin on bout not bein good enough …",i dont know same thing thats wrong everyso often he panicks starts goin on bout not bein good enough ,106
ham,Y lei?,y lei,6
ham,Hope this text meets you smiling. If not then let this text give you a reason to smile. Have a beautiful day.,hope this text meets you smiling if not then let this text give you a reason to smile have a beautiful day,109
ham,Good morning princess! How are you?,good morning princess how are you,35
ham,Thts wat Wright Brother did to fly..,thts wat wright brother did to fly,36
ham,I want to be inside you every night...,i want to be inside you every night,38
ham,No need for the drug anymore.,no need for the drug anymore,29
ham,Thx. All will be well in a few months,thx all will be well in a few months,37
ham,"Lemme know when I can swing by and pick up, I'm free basically any time after 1 all this semester",lemme know when i can swing by and pick up im free basically any time after 1 all this semester,97
ham,Ok u can take me shopping when u get paid =D,ok u can take me shopping when u get paid d,44
spam,"U can WIN £100 of Music Gift Vouchers every week starting NOW Txt the word DRAW to 87066 TsCs www.Idew.com SkillGame, 1Winaweek, age16. 150ppermessSubscription",u can win 100 of music gift vouchers every week starting now txt the word draw to 87066 tscs wwwidewcom skillgame 1winaweek age16 150ppermesssubscription,159
ham,"Did you say bold, then torch later. Or one torch and 2bold?",did you say bold then torch later or one torch and 2bold,59
ham,Jus came back fr lunch wif my sis only. U leh?,jus came back fr lunch wif my sis only u leh,46
ham,"Dad wanted to talk about the apartment so I got a late start, omw now",dad wanted to talk about the apartment so i got a late start omw now,69
spam,"SMS. ac Blind Date 4U!: Rodds1 is 21/m from Aberdeen, United Kingdom. Check Him out http://img. sms. ac/W/icmb3cktz8r7!-4 no Blind Dates send HIDE",sms ac blind date 4u rodds1 is 21m from aberdeen united kingdom check him out httpimg sms acwicmb3cktz8r74 no blind dates send hide,146
ham,No prob. I will send to your email.,no prob i will send to your email,35
ham,I know a few people I can hit up and fuck to the yes,i know a few people i can hit up and fuck to the yes,52
ham,Is she replying. Has boye changed his phone number,is she replying has boye changed his phone number,50
ham,I will come with karnan car. Please wait till 6pm will directly goto doctor.,i will come with karnan car please wait till 6pm will directly goto doctor,76
ham,I'm on the bus. Love you,im on the bus love you,24
ham,Ü only send me the contents page..., only send me the contents page,35
ham,&lt;#&gt; ISH MINUTES WAS 5 MINUTES AGO. WTF.,ltgt ish minutes was 5 minutes ago wtf,45
ham,Hui xin is in da lib.,hui xin is in da lib,21
ham,My tuition is at 330. Hm we go for the 1120 to 1205 one? Do you mind?,my tuition is at 330 hm we go for the 1120 to 1205 one do you mind,69
spam,Block Breaker now comes in deluxe format with new features and great graphics from T-Mobile. Buy for just £5 by replying GET BBDELUXE and take the challenge,block breaker now comes in deluxe format with new features and great graphics from tmobile buy for just 5 by replying get bbdeluxe and take the challenge,156
ham,:-( sad puppy noise, sad puppy noise,19
ham,R U &SAM P IN EACHOTHER. IF WE MEET WE CAN GO 2 MY HOUSE,r u sam p in eachother if we meet we can go 2 my house,56
spam,HMV BONUS SPECIAL 500 pounds of genuine HMV vouchers to be won. Just answer 4 easy questions. Play Now! Send HMV to 86688 More info:www.100percent-real.com,hmv bonus special 500 pounds of genuine hmv vouchers to be won just answer 4 easy questions play now send hmv to 86688 more infowww100percentrealcom,155
ham,"Thats a bit weird, even ?- where is the do supposed to be happening? But good idea, sure they will be in pub!",thats a bit weird even  where is the do supposed to be happening but good idea sure they will be in pub,109
ham,Can you let me know details of fri when u find out cos I'm not in tom or fri. mentionned chinese. Thanks,can you let me know details of fri when u find out cos im not in tom or fri mentionned chinese thanks,104
ham,"Can you pls pls send me a mail on all you know about relatives coming to deliver here? All you know about costs, risks, benefits and anything else. Thanks.",can you pls pls send me a mail on all you know about relatives coming to deliver here all you know about costs risks benefits and anything else thanks,155
spam,we tried to contact you re your response to our offer of a new nokia fone and camcorder hit reply or call 08000930705 for delivery,we tried to contact you re your response to our offer of a new nokia fone and camcorder hit reply or call 08000930705 for delivery,130
ham,She doesnt need any test.,she doesnt need any test,25
spam,tells u 2 call 09066358152 to claim £5000 prize. U have 2 enter all ur mobile & personal details @ the prompts. Careful!,tells u 2 call 09066358152 to claim 5000 prize u have 2 enter all ur mobile  personal details  the prompts careful,120
ham,Depends on individual lor e hair dresser say pretty but my parents say look gong. U kaypoh.. I also dunno wat she collecting.,depends on individual lor e hair dresser say pretty but my parents say look gong u kaypoh i also dunno wat she collecting,125
ham,"Sorry, went to bed early, nightnight",sorry went to bed early nightnight,36
ham,"Sorry, I'll call later",sorry ill call later,22
ham,"Actually, my mobile is full of msg. And i m doing a work online, where i need to send them  &lt;#&gt;  sent msg i wil explain u later.",actually my mobile is full of msg and i m doing a work online where i need to send them  ltgt  sent msg i wil explain u later,134
spam,URGENT! Your Mobile number has been awarded with a £2000 prize GUARANTEED. Call 09058094454 from land line. Claim 3030. Valid 12hrs only,urgent your mobile number has been awarded with a 2000 prize guaranteed call 09058094454 from land line claim 3030 valid 12hrs only,136
ham,I will reach ur home in  &lt;#&gt;  minutes,i will reach ur home in  ltgt  minutes,43
ham,That's one of the issues but california is okay. No snow so its manageable,thats one of the issues but california is okay no snow so its manageable,74
spam,"For ur chance to win a £250 wkly shopping spree TXT: SHOP to 80878. T's&C's www.txt-2-shop.com custcare 08715705022, 1x150p/wk",for ur chance to win a 250 wkly shopping spree txt shop to 80878 tscs wwwtxt2shopcom custcare 08715705022 1x150pwk,126
ham,K come to nordstrom when you're done,k come to nordstrom when youre done,36
ham,Lil fever:) now fine:),lil fever now fine,22
ham,K fyi x has a ride early tomorrow morning but he's crashing at our place tonight,k fyi x has a ride early tomorrow morning but hes crashing at our place tonight,80
ham,"We have sent JD for Customer Service cum Accounts Executive to ur mail id, For details contact us",we have sent jd for customer service cum accounts executive to ur mail id for details contact us,97
ham,How come guoyang go n tell her? Then u told her?,how come guoyang go n tell her then u told her,48
ham,"Sorry man, accidentally left my phone on silent last night and didn't check it til I got up",sorry man accidentally left my phone on silent last night and didnt check it til i got up,91
ham,Omg how did u know what I ate?,omg how did u know what i ate,30
ham,That's a shame! Maybe cld meet for few hrs tomo?,thats a shame maybe cld meet for few hrs tomo,48
ham,"I‘ve got some salt, you can rub it in my open wounds if you like!",ive got some salt you can rub it in my open wounds if you like,65
ham,Tomorrow i am not going to theatre. . . So i can come wherever u call me. . . Tell me where and when to come tomorrow,tomorrow i am not going to theatre   so i can come wherever u call me   tell me where and when to come tomorrow,117
ham,From tomorrow onwards eve 6 to 3 work.,from tomorrow onwards eve 6 to 3 work,38
ham,I thought slide is enough.,i thought slide is enough,26
ham,Oh:)as usual vijay film or its different?,ohas usual vijay film or its different,41
ham,Yup n her fren lor. I'm meeting my fren at 730.,yup n her fren lor im meeting my fren at 730,47
ham,"Fun fact: although you would think armand would eventually build up a tolerance or some shit considering how much he smokes, he gets fucked up in like 2 hits",fun fact although you would think armand would eventually build up a tolerance or some shit considering how much he smokes he gets fucked up in like 2 hits,157
ham,Dunno he jus say go lido. Same time 930.,dunno he jus say go lido same time 930,40
ham,"Aight no rush, I'll ask jay",aight no rush ill ask jay,27
spam,This is the 2nd time we have tried to contact u. U have won the £1450 prize to claim just call 09053750005 b4 310303. T&Cs/stop SMS 08718725756. 140ppm,this is the 2nd time we have tried to contact u u have won the 1450 prize to claim just call 09053750005 b4 310303 tcsstop sms 08718725756 140ppm,151
spam,"Thanks for your ringtone order, ref number R836. Your mobile will be charged £4.50. Should your tone not arrive please call customer services on 09065069154",thanks for your ringtone order ref number r836 your mobile will be charged 450 should your tone not arrive please call customer services on 09065069154,156
spam,You have an important customer service announcement. Call FREEPHONE 0800 542 0825 now!,you have an important customer service announcement call freephone 0800 542 0825 now,86
ham,By monday next week. Give me the full gist,by monday next week give me the full gist,42
ham,"Dear all, as we know  &lt;#&gt; th is the  &lt;#&gt; th birthday of our loving Gopalettan. We are planning to give a small gift on that day. Those who like to participate in that you are welcome. Please contact our admin team for more details",dear all as we know  ltgt th is the  ltgt th birthday of our loving gopalettan we are planning to give a small gift on that day those who like to participate in that you are welcome please contact our admin team for more details,242
spam,"Bored of speed dating? Try SPEEDCHAT, txt SPEEDCHAT to 80155, if you don't like em txt SWAP and get a new chatter! Chat80155 POBox36504W45WQ 150p/msg rcd 16",bored of speed dating try speedchat txt speedchat to 80155 if you dont like em txt swap and get a new chatter chat80155 pobox36504w45wq 150pmsg rcd 16,156
ham,"Ya they are well and fine., BBD(pooja) full pimples..even she become quite black..and ur rite here its too cold, wearing sweatter..",ya they are well and fine bbdpooja full pimpleseven she become quite blackand ur rite here its too cold wearing sweatter,131
ham,Today my system sh get ready.all is well and i am also in the deep well,today my system sh get readyall is well and i am also in the deep well,71
ham,"What's up bruv, hope you had a great break. Do have a rewarding semester.",whats up bruv hope you had a great break do have a rewarding semester,73
ham,An excellent thought by a misundrstud frnd: I knw u hate me bt the day wen u'll knw the truth u'll hate urself:-( Gn:-),an excellent thought by a misundrstud frnd i knw u hate me bt the day wen ull knw the truth ull hate urself gn,119
spam,"Urgent -call 09066649731from Landline. Your complimentary 4* Ibiza Holiday or £10,000 cash await collection SAE T&Cs PO BOX 434 SK3 8WP 150ppm 18+",urgent call 09066649731from landline your complimentary 4 ibiza holiday or 10000 cash await collection sae tcs po box 434 sk3 8wp 150ppm 18,146
ham,"As I entered my cabin my PA said, '' Happy B'day Boss !!''. I felt special. She askd me 4 lunch. After lunch she invited me to her apartment. We went there.",as i entered my cabin my pa said  happy bday boss  i felt special she askd me 4 lunch after lunch she invited me to her apartment we went there,156
ham,K. I will sent it again,k i will sent it again,23
ham,Pathaya enketa maraikara pa',pathaya enketa maraikara pa,28
ham,Thanks for ve lovely wisheds. You rock,thanks for ve lovely wisheds you rock,38
ham,Thanks for understanding. I've been trying to tell sura that.,thanks for understanding ive been trying to tell sura that,61
spam,You won't believe it but it's true. It's Incredible Txts! Reply G now to learn truly amazing things that will blow your mind. From O2FWD only 18p/txt,you wont believe it but its true its incredible txts reply g now to learn truly amazing things that will blow your mind from o2fwd only 18ptxt,149
ham,Mine here like all fr china then so noisy.,mine here like all fr china then so noisy,42
ham,Well there's a pattern emerging of my friends telling me to drive up and come smoke with them and then telling me that I'm a weed fiend/make them smoke too much/impede their doing other things so you see how I'm hesitant,well theres a pattern emerging of my friends telling me to drive up and come smoke with them and then telling me that im a weed fiendmake them smoke too muchimpede their doing other things so you see how im hesitant,220
ham,"Hello. No news on job, they are making me wait a fifth week! Yeah im up for some woozles and weasels... In exeter still, but be home about 3. ",hello no news on job they are making me wait a fifth week yeah im up for some woozles and weasels in exeter still but be home about 3 ,142
ham,Thanks honey but still haven't heard anything I will leave it a bit longer so not 2 crowd him and will try later - great advice thanks hope cardiff is still there!,thanks honey but still havent heard anything i will leave it a bit longer so not 2 crowd him and will try later  great advice thanks hope cardiff is still there,163
spam,"SMS SERVICES. for your inclusive text credits, pls goto www.comuk.net login= 3qxj9 unsubscribe with STOP, no extra charge. help 08702840625.COMUK. 220-CM2 9AE",sms services for your inclusive text credits pls goto wwwcomuknet login 3qxj9 unsubscribe with stop no extra charge help 08702840625comuk 220cm2 9ae,158
spam,You are a winner U have been specially selected 2 receive £1000 or a 4* holiday (flights inc) speak to a live operator 2 claim 0871277810910p/min (18+) ,you are a winner u have been specially selected 2 receive 1000 or a 4 holiday flights inc speak to a live operator 2 claim 0871277810910pmin 18 ,152
ham,Great comedy..cant stop laughing da:),great comedycant stop laughing da,37
ham,Anyway holla at me whenever you're around because I need an excuse to go creep on people in sarasota,anyway holla at me whenever youre around because i need an excuse to go creep on people in sarasota,100
ham,Were gonna go get some tacos,were gonna go get some tacos,28
spam,Jamster! To get your free wallpaper text HEART to 88888 now! T&C apply. 16 only. Need Help? Call 08701213186.,jamster to get your free wallpaper text heart to 88888 now tc apply 16 only need help call 08701213186,109
ham,Yar... I tot u knew dis would happen long ago already.,yar i tot u knew dis would happen long ago already,54
ham,Does she usually take fifteen fucking minutes to respond to a yes or no question,does she usually take fifteen fucking minutes to respond to a yes or no question,80
ham,Thanx but my birthday is over already.,thanx but my birthday is over already,38
ham,Was playng 9 doors game and gt racing on phone lol,was playng 9 doors game and gt racing on phone lol,50
spam,Want a new Video Phone? 750 anytime any network mins? Half price line rental free text for 3 months? Reply or call 08000930705 for free delivery,want a new video phone 750 anytime any network mins half price line rental free text for 3 months reply or call 08000930705 for free delivery,144
ham,Hi did u decide wot 2 get 4 his bday if not ill prob jus get him a voucher frm virgin or sumfing ,hi did u decide wot 2 get 4 his bday if not ill prob jus get him a voucher frm virgin or sumfing ,97
ham,If you don't respond imma assume you're still asleep and imma start calling n shit,if you dont respond imma assume youre still asleep and imma start calling n shit,82
ham,"She was supposed to be but couldn't make it, she's still in town though",she was supposed to be but couldnt make it shes still in town though,71
ham,Yes! I am a one woman man! Please tell me your likes and dislikes in bed...,yes i am a one woman man please tell me your likes and dislikes in bed,75
ham,"Time n Smile r the two crucial things in our life. Sometimes time makes us to forget smile, and sometimes someone's smile makes us to forget time gud noon",time n smile r the two crucial things in our life sometimes time makes us to forget smile and sometimes someones smile makes us to forget time gud noon,154
ham,Ü bot notes oredi... Cos i juz rem i got..., bot notes oredi cos i juz rem i got,43
ham,Cheers for the message Zogtorius. Ive been staring at my phone for an age deciding whether to text or not.,cheers for the message zogtorius ive been staring at my phone for an age deciding whether to text or not,107
ham,"Sorry,  in meeting I'll call you later",sorry  in meeting ill call you later,38
ham,"Aiyo... U always c our ex one... I dunno abt mei, she haven reply... First time u reply so fast... Y so lucky not workin huh, got bao by ur sugardad ah...gee.. ",aiyo u always c our ex one i dunno abt mei she haven reply first time u reply so fast y so lucky not workin huh got bao by ur sugardad ahgee ,160
spam,Free Top ringtone -sub to weekly ringtone-get 1st week free-send SUBPOLY to 81618-?3 per week-stop sms-08718727870,free top ringtone sub to weekly ringtoneget 1st week freesend subpoly to 816183 per weekstop sms08718727870,114
ham,Yup... Ok i go home look at the timings then i msg ü again... Xuhui going to learn on 2nd may too but her lesson is at 8am,yup ok i go home look at the timings then i msg  again xuhui going to learn on 2nd may too but her lesson is at 8am,122
ham,Yeah no probs - last night is obviously catching up with you... Speak soon ,yeah no probs  last night is obviously catching up with you speak soon ,75
ham,I'm sick !! I'm needy !! I want you !! *pouts* *stomps feet* Where are you ?! *pouts* *stomps feet* I want my slave !! I want him now !!,im sick  im needy  i want you  pouts stomps feet where are you  pouts stomps feet i want my slave  i want him now ,136
ham,Let me know how it changes in the next 6hrs. It can even be appendix but you are out of that age range. However its not impossible. So just chill and let me know in 6hrs,let me know how it changes in the next 6hrs it can even be appendix but you are out of that age range however its not impossible so just chill and let me know in 6hrs,169
ham,"Sorry, I'll call later",sorry ill call later,22
ham,*deep sigh* ... I miss you :-( ... I am really surprised you haven't gone to the net cafe yet to get to me ... Don't you miss me?,deep sigh  i miss you   i am really surprised you havent gone to the net cafe yet to get to me  dont you miss me,129
ham,I know I'm lacking on most of this particular dramastorm's details but for the most part I'm not worried about that,i know im lacking on most of this particular dramastorms details but for the most part im not worried about that,115
ham,Loosu go to hospital. De dont let it careless.,loosu go to hospital de dont let it careless,46
spam,Moby Pub Quiz.Win a £100 High Street prize if u know who the new Duchess of Cornwall will be? Txt her first name to 82277.unsub STOP £1.50 008704050406 SP Arrow,moby pub quizwin a 100 high street prize if u know who the new duchess of cornwall will be txt her first name to 82277unsub stop 150 008704050406 sp arrow,160
ham,Message:some text missing* Sender:Name Missing* *Number Missing *Sent:Date missing *Missing U a lot thats y everything is missing sent via fullonsms.com,messagesome text missing sendername missing number missing sentdate missing missing u a lot thats y everything is missing sent via fullonsmscom,152
ham,Ok.ok ok..then..whats ur todays plan,okok okthenwhats ur todays plan,36
ham,"Awesome, think we can get an 8th at usf some time tonight?",awesome think we can get an 8th at usf some time tonight,58
ham,"Wishing you and your family Merry ""X"" mas and HAPPY NEW Year in advance..",wishing you and your family merry x mas and happy new year in advance,73
ham,Prepare to be pleasured :),prepare to be pleasured ,26
ham,She left it very vague. She just said she would inform the person in accounting about the delayed rent and that i should discuss with the housing agency about my renting another place. But checking online now and all places around usc are  &lt;#&gt;  and up,she left it very vague she just said she would inform the person in accounting about the delayed rent and that i should discuss with the housing agency about my renting another place but checking online now and all places around usc are  ltgt  and up,257
ham,When i have stuff to sell i.ll tell you,when i have stuff to sell ill tell you,39
ham,Then she buying today? Ü no need to c meh...,then she buying today  no need to c meh,44
ham,"Have a lovely night and when you wake up to see this message, i hope you smile knowing all is as should be. Have a great morning",have a lovely night and when you wake up to see this message i hope you smile knowing all is as should be have a great morning,128
spam,"You've won tkts to the EURO2004 CUP FINAL or £800 CASH, to collect CALL 09058099801 b4190604, POBOX 7876150ppm",youve won tkts to the euro2004 cup final or 800 cash to collect call 09058099801 b4190604 pobox 7876150ppm,110
ham,I actually did for the first time in a while. I went to bed not too long after i spoke with you. Woke up at 7. How was your night?,i actually did for the first time in a while i went to bed not too long after i spoke with you woke up at 7 how was your night,130
spam,* FREE* POLYPHONIC RINGTONE Text SUPER to 87131 to get your FREE POLY TONE of the week now! 16 SN PoBox202 NR31 7ZS subscription 450pw, free polyphonic ringtone text super to 87131 to get your free poly tone of the week now 16 sn pobox202 nr31 7zs subscription 450pw,134
ham,Carlos is taking his sweet time as usual so let me know when you and patty are done/want to smoke and I'll tell him to haul ass,carlos is taking his sweet time as usual so let me know when you and patty are donewant to smoke and ill tell him to haul ass,127
ham,Ok i'm coming home now.,ok im coming home now,23
ham,I had a good time too. Its nice to do something a bit different with my weekends for a change. See ya soon,i had a good time too its nice to do something a bit different with my weekends for a change see ya soon,106
ham,Watching tv now. I got new job :),watching tv now i got new job ,33
ham,Your gonna be the death if me. I'm gonna leave a note that says its all robs fault. Avenge me.,your gonna be the death if me im gonna leave a note that says its all robs fault avenge me,94
ham,No we sell it all so we'll have tons if coins. Then sell our coins to someone thru paypal. Voila! Money back in life pockets:),no we sell it all so well have tons if coins then sell our coins to someone thru paypal voila money back in life pockets,126
ham,Did u see what I posted on your Facebook?,did u see what i posted on your facebook,41
spam,Summers finally here! Fancy a chat or flirt with sexy singles in yr area? To get MATCHED up just reply SUMMER now. Free 2 Join. OptOut txt STOP Help08714742804,summers finally here fancy a chat or flirt with sexy singles in yr area to get matched up just reply summer now free 2 join optout txt stop help08714742804,159
ham,Hi. Happy New Year. I dont mean to intrude but can you pls let me know how much tuition you paid last semester and how much this semester is. Thanks,hi happy new year i dont mean to intrude but can you pls let me know how much tuition you paid last semester and how much this semester is thanks,148
ham,Hi this is yijue... It's regarding the 3230 textbook it's intro to algorithms second edition... I'm selling it for $50...,hi this is yijue its regarding the 3230 textbook its intro to algorithms second edition im selling it for 50,121
spam,"This is the 2nd attempt to contract U, you have won this weeks top prize of either £1000 cash or £200 prize. Just call 09066361921",this is the 2nd attempt to contract u you have won this weeks top prize of either 1000 cash or 200 prize just call 09066361921,130
ham,As per your request 'Melle Melle (Oru Minnaminunginte Nurungu Vettam)' has been set as your callertune for all Callers. Press *9 to copy your friends Callertune,as per your request melle melle oru minnaminunginte nurungu vettam has been set as your callertune for all callers press 9 to copy your friends callertune,160
ham,Okie,okie,4
ham,I emailed yifeng my part oredi.. Can ü get it fr him..,i emailed yifeng my part oredi can  get it fr him,54
ham,"I'm there and I can see you, but you can't see me ? Maybe you should reboot ym ? I seen the buzz",im there and i can see you but you cant see me  maybe you should reboot ym  i seen the buzz,96
ham,Sac needs to carry on:),sac needs to carry on,23
ham,He says he'll give me a call when his friend's got the money but that he's definitely buying before the end of the week,he says hell give me a call when his friends got the money but that hes definitely buying before the end of the week,119
ham,Pandy joined 4w technologies today.he got job..,pandy joined 4w technologies todayhe got job,47
spam,YOU HAVE WON! As a valued Vodafone customer our computer has picked YOU to win a £150 prize. To collect is easy. Just call 09061743386 ,you have won as a valued vodafone customer our computer has picked you to win a 150 prize to collect is easy just call 09061743386 ,135
ham,Back in brum! Thanks for putting us up and keeping us all and happy. See you soon ,back in brum thanks for putting us up and keeping us all and happy see you soon ,82
ham,I'm at home n ready...,im at home n ready,22
ham,How much is blackberry bold2 in nigeria.,how much is blackberry bold2 in nigeria,40
spam,Free entry in 2 a weekly comp for a chance to win an ipod. Txt POD to 80182 to get entry (std txt rate) T&C's apply 08452810073 for details 18+,free entry in 2 a weekly comp for a chance to win an ipod txt pod to 80182 to get entry std txt rate tcs apply 08452810073 for details 18,143
ham,"Hi , where are you? We're at  and they're not keen to go out i kind of am but feel i shouldn't so can we go out tomo, don't mind do you?",hi  where are you were at  and theyre not keen to go out i kind of am but feel i shouldnt so can we go out tomo dont mind do you,136
ham,"It's fine, imma get a drink or somethin. Want me to come find you?",its fine imma get a drink or somethin want me to come find you,66
ham,Spending new years with my brother and his family. Lets plan to meet next week. Are you ready to be spoiled? :),spending new years with my brother and his family lets plan to meet next week are you ready to be spoiled ,111
ham,Me too baby! I promise to treat you well! I bet you will take good care of me...,me too baby i promise to treat you well i bet you will take good care of me,80
ham,When did dad get back.,when did dad get back,22
ham,But if she.s drinkin i'm ok.,but if shes drinkin im ok,28
ham,Shhhhh nobody is supposed to know!,shhhhh nobody is supposed to know,34
ham,But i juz remembered i gotta bathe my dog today..,but i juz remembered i gotta bathe my dog today,49
ham,"K.. I yan jiu liao... Sat we can go 4 bugis vill one frm 10 to 3 den hop to parco 4 nb. Sun can go cine frm 1030 to 2, den hop to orc mrt 4 hip hop at 4...",k i yan jiu liao sat we can go 4 bugis vill one frm 10 to 3 den hop to parco 4 nb sun can go cine frm 1030 to 2 den hop to orc mrt 4 hip hop at 4,155
ham,"Alright we'll bring it to you, see you in like  &lt;#&gt;  mins",alright well bring it to you see you in like  ltgt  mins,63
ham,Hello. They are going to the village pub at 8 so either come here or there accordingly. Ok?,hello they are going to the village pub at 8 so either come here or there accordingly ok,91
ham,Okay. I've seen it. So i should pick it on friday?,okay ive seen it so i should pick it on friday,50
ham,Oh yeah I forgot. U can only take 2 out shopping at once.,oh yeah i forgot u can only take 2 out shopping at once,57
spam,"500 New Mobiles from 2004, MUST GO! Txt: NOKIA to No: 89545 & collect yours today!From ONLY £1 www.4-tc.biz 2optout 087187262701.50gbp/mtmsg18",500 new mobiles from 2004 must go txt nokia to no 89545  collect yours todayfrom only 1 www4tcbiz 2optout 08718726270150gbpmtmsg18,142
ham,say thanks2. ,say thanks2 ,13
ham,You'll never believe this but i have actually got off at taunton. Wow,youll never believe this but i have actually got off at taunton wow,69
ham,Then cant get da laptop? My matric card wif ü lei... ,then cant get da laptop my matric card wif  lei ,53
ham,I dont want to hear philosophy. Just say what happen,i dont want to hear philosophy just say what happen,52
ham,I'm now but have to wait till 2 for the bus to pick me.,im now but have to wait till 2 for the bus to pick me,55
ham,Jus finish my lunch on my way home lor... I tot u dun wan 2 stay in sch today...,jus finish my lunch on my way home lor i tot u dun wan 2 stay in sch today,80
ham,How much is torch in 9ja.,how much is torch in 9ja,25
ham,"""ER, ENJOYIN INDIANS AT THE MO..yeP. SaLL gOoD HehE ;> hows bout u shexy? Pete Xx""",er enjoyin indians at the moyep sall good hehe  hows bout u shexy pete xx,82
ham,"Better than bb. If he wont use it, his wife will or them doctor",better than bb if he wont use it his wife will or them doctor,63
ham,Sad story of a Man - Last week was my b'day. My Wife did'nt wish me. My Parents forgot n so did my Kids . I went to work. Even my Colleagues did not wish.,sad story of a man  last week was my bday my wife didnt wish me my parents forgot n so did my kids  i went to work even my colleagues did not wish,154
ham,Sorry i cant take your call right now. It so happens that there r 2waxsto do wat you want. She can come and ill get her medical insurance. And she'll be able to deliver and have basic care. I'm currently shopping for the right medical insurance for her. So just give me til friday morning. Thats when i.ll see the major person that can guide me to the right insurance.,sorry i cant take your call right now it so happens that there r 2waxsto do wat you want she can come and ill get her medical insurance and shell be able to deliver and have basic care im currently shopping for the right medical insurance for her so just give me til friday morning thats when ill see the major person that can guide me to the right insurance,368
ham,"The sign of maturity is not when we start saying big things.. But actually it is, when we start understanding small things... *HAVE A NICE EVENING* BSLVYL",the sign of maturity is not when we start saying big things but actually it is when we start understanding small things have a nice evening bslvyl,154
ham,We live in the next  &lt;#&gt; mins,we live in the next  ltgt mins,35
ham,No got new job at bar in airport on satsgettin 4.47per hour but means no lie in! keep in touch,no got new job at bar in airport on satsgettin 447per hour but means no lie in keep in touch,94
spam,Filthy stories and GIRLS waiting for your,filthy stories and girls waiting for your,41
ham,S:-)if we have one good partnership going we will take lead:),sif we have one good partnership going we will take lead,61
ham,Lmao. Take a pic and send it to me.,lmao take a pic and send it to me,35
ham,Hello! How r u? Im bored. Inever thought id get bored with the tv but I am. Tell me something exciting has happened there? Anything! =/,hello how r u im bored inever thought id get bored with the tv but i am tell me something exciting has happened there anything ,135
ham,"Remember all those whom i hurt during days of satanic imposter in me.need to pay a price,so be it.may destiny keep me going and as u said pray that i get the mind to get over the same.",remember all those whom i hurt during days of satanic imposter in meneed to pay a priceso be itmay destiny keep me going and as u said pray that i get the mind to get over the same,184
ham,"No worries, hope photo shoot went well. have a spiffing fun at workage. ",no worries hope photo shoot went well have a spiffing fun at workage ,72
ham,You should know now. So how's anthony. Are you bringing money. I've school fees to pay and rent and stuff like that. Thats why i need your help. A friend in need....|,you should know now so hows anthony are you bringing money ive school fees to pay and rent and stuff like that thats why i need your help a friend in need,166
ham,Hmm ill have to think about it... ok you're forgiven! =D,hmm ill have to think about it ok youre forgiven d,56
spam,Don't b floppy... b snappy & happy! Only gay chat service with photo upload call 08718730666 (10p/min). 2 stop our texts call 08712460324,dont b floppy b snappy  happy only gay chat service with photo upload call 08718730666 10pmin 2 stop our texts call 08712460324,137
ham,That's cause your old. I live to be high.,thats cause your old i live to be high,41
ham,"Don't Think About ""What u Have Got"" Think About ""How to Use It That You Have Got"" gooD ni8",dont think about what u have got think about how to use it that you have got good ni8,90
ham,"I'm in a meeting, call me later at",im in a meeting call me later at,34
ham,I.ll give her once i have it. Plus she said grinule greet you whenever we speak,ill give her once i have it plus she said grinule greet you whenever we speak,79
ham,"Motivate Behind every darkness, there is a shining light waiting for you to find it... Behind every best friend, there is always trust and love... BSLVYL",motivate behind every darkness there is a shining light waiting for you to find it behind every best friend there is always trust and love bslvyl,153
ham,Call me when u finish then i come n pick u.,call me when u finish then i come n pick u,43
spam,18 days to Euro2004 kickoff! U will be kept informed of all the latest news and results daily. Unsubscribe send GET EURO STOP to 83222.,18 days to euro2004 kickoff u will be kept informed of all the latest news and results daily unsubscribe send get euro stop to 83222,135
ham,Pls speak to that customer machan.,pls speak to that customer machan,34
ham,"Honeybee Said: *I'm d Sweetest in d World* God Laughed &amp; Said: *Wait,U Havnt Met d Person Reading This Msg* MORAL: Even GOD Can Crack Jokes! GM+GN+GE+GN:)",honeybee said im d sweetest in d world god laughed amp said waitu havnt met d person reading this msg moral even god can crack jokes gmgngegn,158
spam,Bored housewives! Chat n date now! 0871750.77.11! BT-national rate 10p/min only from landlines!,bored housewives chat n date now 08717507711 btnational rate 10pmin only from landlines,95
spam,FREE UNLIMITED HARDCORE PORN direct 2 your mobile Txt PORN to 69200 & get FREE access for 24 hrs then chrgd@50p per day txt Stop 2exit. This msg is free,free unlimited hardcore porn direct 2 your mobile txt porn to 69200  get free access for 24 hrs then chrgd50p per day txt stop 2exit this msg is free,152
ham,"""SYMPTOMS"" when U are in love: ""1.U like listening songs 2.U get stopped where u see the name of your beloved 3.U won't get angry when your",symptoms when u are in love 1u like listening songs 2u get stopped where u see the name of your beloved 3u wont get angry when your,139
ham,Hey they r not watching movie tonight so i'll prob b home early...,hey they r not watching movie tonight so ill prob b home early,66
ham,Your right! I'll make the appointment right now.,your right ill make the appointment right now,48
spam,Not heard from U4 a while. Call 4 rude chat private line 01223585334 to cum. Wan 2C pics of me gettin shagged then text PIX to 8552. 2End send STOP 8552 SAM xxx,not heard from u4 a while call 4 rude chat private line 01223585334 to cum wan 2c pics of me gettin shagged then text pix to 8552 2end send stop 8552 sam xxx,160
spam,URGENT! Your Mobile number has been awarded with a £2000 prize GUARANTEED. Call 09058094455 from land line. Claim 3030. Valid 12hrs only,urgent your mobile number has been awarded with a 2000 prize guaranteed call 09058094455 from land line claim 3030 valid 12hrs only,136
ham,Don‘t give a flying monkeys wot they think and I certainly don‘t mind. Any friend of mine and all that!,dont give a flying monkeys wot they think and i certainly dont mind any friend of mine and all that,103
ham,Yo im right by yo work,yo im right by yo work,22
ham,"Science tells that chocolate will melt under the sunlight. Please don't walk under the sunlight. BCoz,I don't want to loss a sweet friend.",science tells that chocolate will melt under the sunlight please dont walk under the sunlight bcozi dont want to loss a sweet friend,138
ham,"Ya tel, wats ur problem..",ya tel wats ur problem,25
spam,"SMSSERVICES. for yourinclusive text credits, pls goto www.comuk.net login= 3qxj9 unsubscribe with STOP, no extra charge. help 08702840625.COMUK. 220-CM2 9AE",smsservices for yourinclusive text credits pls goto wwwcomuknet login 3qxj9 unsubscribe with stop no extra charge help 08702840625comuk 220cm2 9ae,156
ham,Sorry about that this is my mates phone and i didnt write it love Kate,sorry about that this is my mates phone and i didnt write it love kate,70
ham,You in your room? I need a few,you in your room i need a few,30
ham,Where are you lover ? I need you ...,where are you lover  i need you ,36
ham,Ugh I don't wanna get out of bed. It's so warm.,ugh i dont wanna get out of bed its so warm,47
ham,Tell your friends what you plan to do on Valentines day @ &lt;URL&gt;,tell your friends what you plan to do on valentines day  lturlgt,69
ham,Your opinion about me? 1. Over 2. Jada 3. Kusruthi 4. Lovable 5. Silent 6. Spl character 7. Not matured 8. Stylish 9. Simple Pls reply..,your opinion about me 1 over 2 jada 3 kusruthi 4 lovable 5 silent 6 spl character 7 not matured 8 stylish 9 simple pls reply,136
ham,"As I entered my cabin my PA said, '' Happy B'day Boss !!''. I felt special. She askd me 4 lunch. After lunch she invited me to her apartment. We went there.",as i entered my cabin my pa said  happy bday boss  i felt special she askd me 4 lunch after lunch she invited me to her apartment we went there,156
ham,I'm wif him now buying tix lar...,im wif him now buying tix lar,33
ham,Prakesh is there know.,prakesh is there know,22
ham,The world's most happiest frnds never have the same characters... Dey just have the best understanding of their differences...,the worlds most happiest frnds never have the same characters dey just have the best understanding of their differences,126
ham,"Single line with a big meaning::::: ""Miss anything 4 ur ""Best Life"" but, don't miss ur best life for anything... Gud nyt...",single line with a big meaning miss anything 4 ur best life but dont miss ur best life for anything gud nyt,123
ham,"Not much, just some textin'. How bout you?",not much just some textin how bout you,42
ham, what number do u live at? Is it 11?, what number do u live at is it 11,36
ham,That is wondar full flim.,that is wondar full flim,25
ham,Hey i'm bored... So i'm thinking of u... So wat r u doing?,hey im bored so im thinking of u so wat r u doing,58
spam,25p 4 alfie Moon's Children in need song on ur mob. Tell ur m8s. Txt Tone charity to 8007 for Nokias or Poly charity for polys: zed 08701417012 profit 2 charity.,25p 4 alfie moons children in need song on ur mob tell ur m8s txt tone charity to 8007 for nokias or poly charity for polys zed 08701417012 profit 2 charity,161
ham,Ok. Not sure what time tho as not sure if can get to library before class. Will try. See you at some point! Have good eve.,ok not sure what time tho as not sure if can get to library before class will try see you at some point have good eve,122
ham,645,645,3
ham,I'm gonna rip out my uterus.,im gonna rip out my uterus,28
spam,"Hello darling how are you today? I would love to have a chat, why dont you tell me what you look like and what you are in to sexy?",hello darling how are you today i would love to have a chat why dont you tell me what you look like and what you are in to sexy,130
ham,Studying. But i.ll be free next weekend.,studying but ill be free next weekend,40
spam,"New Mobiles from 2004, MUST GO! Txt: NOKIA to No: 89545 & collect yours today! From ONLY £1. www.4-tc.biz 2optout 087187262701.50gbp/mtmsg18 TXTAUCTION.",new mobiles from 2004 must go txt nokia to no 89545  collect yours today from only 1 www4tcbiz 2optout 08718726270150gbpmtmsg18 txtauction,152
ham,"""Hi its Kate it was lovely to see you tonight and ill phone you tomorrow. I got to sing and a guy gave me his card! xxx""",hi its kate it was lovely to see you tonight and ill phone you tomorrow i got to sing and a guy gave me his card xxx,120
ham,I don't think he has spatula hands!,i dont think he has spatula hands,35
ham,"Sorry, I'll call later",sorry ill call later,22
ham,Eh sorry leh... I din c ur msg. Not sad already lar. Me watching tv now. U still in office?,eh sorry leh i din c ur msg not sad already lar me watching tv now u still in office,91
ham,"Just dropped em off, omw back now",just dropped em off omw back now,33
ham,Lol yes. Our friendship is hanging on a thread cause u won't buy stuff.,lol yes our friendship is hanging on a thread cause u wont buy stuff,71
ham,"My planning usually stops at ""find hella weed, smoke hella weed""",my planning usually stops at find hella weed smoke hella weed,64
ham,Tell dear what happen to you. Why you talking to me like an alian,tell dear what happen to you why you talking to me like an alian,65
ham,No..few hours before.went to hair cut .,nofew hours beforewent to hair cut ,39
ham,"Shit that is really shocking and scary, cant imagine for a second. Def up for night out. Do u think there is somewhere i could crash for night, save on taxi?",shit that is really shocking and scary cant imagine for a second def up for night out do u think there is somewhere i could crash for night save on taxi,157
ham,when you and derek done with class?,when you and derek done with class,35
spam,ASKED 3MOBILE IF 0870 CHATLINES INCLU IN FREE MINS. INDIA CUST SERVs SED YES. L8ER GOT MEGA BILL. 3 DONT GIV A SHIT. BAILIFF DUE IN DAYS. I O £250 3 WANT £800,asked 3mobile if 0870 chatlines inclu in free mins india cust servs sed yes l8er got mega bill 3 dont giv a shit bailiff due in days i o 250 3 want 800,158
ham,"That's very rude, you on campus?",thats very rude you on campus,32
ham,Then we wait 4 u lor... No need 2 feel bad lar...,then we wait 4 u lor no need 2 feel bad lar,49
ham,"Isn't frnd a necesity in life? imagine urself witout a frnd.. hw'd u feel at ur colleg? wat'll u do wth ur cell? wat abt functions? thnk abt events espe'll cared, missed &amp; irritated u? 4wrd it to all those dear-loving frnds wthout whom u cant live.. I jst did it.. Takecare..:) GOODMORNING",isnt frnd a necesity in life imagine urself witout a frnd hwd u feel at ur colleg watll u do wth ur cell wat abt functions thnk abt events espell cared missed amp irritated u 4wrd it to all those dearloving frnds wthout whom u cant live i jst did it takecare goodmorning,293
ham,We have to pick rayan macleran there.,we have to pick rayan macleran there,37
ham,K:)eng rocking in ashes:),keng rocking in ashes,25
ham,Where to get those?,where to get those,19
ham,He's just gonna worry for nothing. And he won't give you money its no use.,hes just gonna worry for nothing and he wont give you money its no use,74
ham,No my mum went 2 dentist.,no my mum went 2 dentist,25
ham,How much u trying to get?,how much u trying to get,25
ham,"Haha, my friend tyler literally just asked if you could get him a dubsack",haha my friend tyler literally just asked if you could get him a dubsack,73
ham,Delhi and chennai still silent.,delhi and chennai still silent,31
ham,Aiyah sorry lor... I watch tv watch until i forgot 2 check my phone.,aiyah sorry lor i watch tv watch until i forgot 2 check my phone,68
ham,"Arms fine, how's Cardiff and uni? ",arms fine hows cardiff and uni ,34
ham,Call me when u're done...,call me when ure done,25
ham,"K, fyi I'm back in my parents' place in south tampa so I might need to do the deal somewhere else",k fyi im back in my parents place in south tampa so i might need to do the deal somewhere else,97
spam,"January Male Sale! Hot Gay chat now cheaper, call 08709222922. National rate from 1.5p/min cheap to 7.8p/min peak! To stop texts call 08712460324 (10p/min)",january male sale hot gay chat now cheaper call 08709222922 national rate from 15pmin cheap to 78pmin peak to stop texts call 08712460324 10pmin,155
ham,"(And my man carlos is definitely coming by mu tonight, no excuses)",and my man carlos is definitely coming by mu tonight no excuses,66
ham,Hi its me you are probably having too much fun to get this message but i thought id txt u cos im bored! and james has been farting at me all night,hi its me you are probably having too much fun to get this message but i thought id txt u cos im bored and james has been farting at me all night,146
ham,Ok thanx... Take care then...,ok thanx take care then,29
ham,Pls dont forget to study,pls dont forget to study,24
ham,We r outside already.,we r outside already,21
ham,Why are u up so early?,why are u up so early,22
ham,My birthday is on feb  &lt;#&gt;  da. .,my birthday is on feb  ltgt  da ,39
ham,No current and food here. I am alone also,no current and food here i am alone also,41
ham,Ü come lt 25 n pass to me lar, come lt 25 n pass to me lar,29
ham,U havent lost me ill always b here 4u.i didnt intend 2 hurt u but I never knew how u felt about me when Iwas+marine&thats what itried2tell urmom.i careabout u,u havent lost me ill always b here 4ui didnt intend 2 hurt u but i never knew how u felt about me when iwasmarinethats what itried2tell urmomi careabout u,161
ham,alright. Thanks for the advice. Enjoy your night out. I'ma try to get some sleep...,alright thanks for the advice enjoy your night out ima try to get some sleep,83
ham,You are a very very very very bad girl. Or lady.,you are a very very very very bad girl or lady,48
ham,He like not v shock leh. Cos telling shuhui is like telling leona also. Like dat almost all know liao. He got ask me abt ur reaction lor.,he like not v shock leh cos telling shuhui is like telling leona also like dat almost all know liao he got ask me abt ur reaction lor,137
ham,I will see in half an hour,i will see in half an hour,26
ham,U should have made an appointment,u should have made an appointment,33
ham,But i dint slept in afternoon.,but i dint slept in afternoon,30
ham,Oh ho. Is this the first time u use these type of words,oh ho is this the first time u use these type of words,55
ham,"Love isn't a decision, it's a feeling. If we could decide who to love, then, life would be much simpler, but then less magical",love isnt a decision its a feeling if we could decide who to love then life would be much simpler but then less magical,126
ham,"Maybe westshore or hyde park village, the place near my house?",maybe westshore or hyde park village the place near my house,62
ham,"Awesome question with a cute answer: Someone asked a boy ""how is ur life?"" . . He smiled &amp; answered: . . ""She is fine!"" Gudnite",awesome question with a cute answer someone asked a boy how is ur life   he smiled amp answered   she is fine gudnite,131
ham,Anything lar...,anything lar,15
ham,"Ta-Daaaaa! I am home babe, are you still up ?",tadaaaaa i am home babe are you still up ,45
ham,Have you heard about that job? I'm going to that wildlife talk again tonight if u want2come. Its that2worzels and a wizzle or whatever it is?! ,have you heard about that job im going to that wildlife talk again tonight if u want2come its that2worzels and a wizzle or whatever it is ,143
ham,So now my dad is gonna call after he gets out of work and ask all these crazy questions.,so now my dad is gonna call after he gets out of work and ask all these crazy questions,88
ham,"Sure thing big man. i have hockey elections at 6, shouldn‘t go on longer than an hour though",sure thing big man i have hockey elections at 6 shouldnt go on longer than an hour though,92
ham,Just sleeping..and surfing,just sleepingand surfing,26
ham,"Tonight? Yeah, I'd be down for that",tonight yeah id be down for that,35
spam,Todays Voda numbers ending 7548 are selected to receive a $350 award. If you have a match please call 08712300220 quoting claim code 4041 standard rates app,todays voda numbers ending 7548 are selected to receive a 350 award if you have a match please call 08712300220 quoting claim code 4041 standard rates app,156
ham,Yeah so basically any time next week you can get away from your mom &amp; get up before 3,yeah so basically any time next week you can get away from your mom amp get up before 3,89
ham,How have your little darlings been so far this week? Need a coffee run tomo?Can't believe it's that time of week already …,how have your little darlings been so far this week need a coffee run tomocant believe its that time of week already ,122
ham,Ü collecting ur laptop then going to configure da settings izzit?, collecting ur laptop then going to configure da settings izzit,65
ham,Ok thanx...,ok thanx,11
ham,Thats cool. i am a gentleman and will treat you with dignity and respect.,thats cool i am a gentleman and will treat you with dignity and respect,73
ham,How do you guys go to see movies on your side.,how do you guys go to see movies on your side,46
ham,Sent me ur email id soon,sent me ur email id soon,24
ham,I cant pick the phone right now. Pls send a message,i cant pick the phone right now pls send a message,51
ham,"When you just put in the + sign, choose my number and the pin will show. Right?",when you just put in the  sign choose my number and the pin will show right,79
ham,"Hello, my love. What are you doing? Did you get to that interview today? Are you you happy? Are you being a good boy? Do you think of me?Are you missing me ?",hello my love what are you doing did you get to that interview today are you you happy are you being a good boy do you think of meare you missing me ,157
ham,Have you got Xmas radio times. If not i will get it now,have you got xmas radio times if not i will get it now,55
ham,SORRY IM STIL FUCKED AFTER LAST NITE WENT TOBED AT 430 GOT UP 4 WORK AT 630,sorry im stil fucked after last nite went tobed at 430 got up 4 work at 630,75
ham,I'm at home. Please call,im at home please call,24
spam,Bored housewives! Chat n date now! 0871750.77.11! BT-national rate 10p/min only from landlines!,bored housewives chat n date now 08717507711 btnational rate 10pmin only from landlines,95
ham,What class of  &lt;#&gt;  reunion?,what class of  ltgt  reunion,34
ham,&lt;#&gt;  great loxahatchee xmas tree burning update: you can totally see stars here,ltgt  great loxahatchee xmas tree burning update you can totally see stars here,85
ham,"Aight, I'll text you when I'm back",aight ill text you when im back,34
ham,"""CAN I PLEASE COME UP NOW IMIN TOWN.DONTMATTER IF URGOIN OUTL8R,JUST REALLYNEED 2DOCD.PLEASE DONTPLEASE DONTIGNORE MYCALLS,U NO THECD ISV.IMPORTANT TOME 4 2MORO""",can i please come up now imin towndontmatter if urgoin outl8rjust reallyneed 2docdplease dontplease dontignore mycallsu no thecd isvimportant tome 4 2moro,161
ham,I'll meet you in the lobby,ill meet you in the lobby,26
ham,"There'll be a minor shindig at my place later tonight, you interested?",therell be a minor shindig at my place later tonight you interested,70
ham,"Babe, I need your advice",babe i need your advice,24
ham,"Same here, but I consider walls and bunkers and shit important just because I never play on peaceful but I guess your place is high enough that it don't matter",same here but i consider walls and bunkers and shit important just because i never play on peaceful but i guess your place is high enough that it dont matter,159
ham,Sorry completely forgot * will pop em round this week if your still here?,sorry completely forgot  will pop em round this week if your still here,73
ham,In sch but neva mind u eat 1st lor..,in sch but neva mind u eat 1st lor,36
ham,U gd lor go shopping i got stuff to do. U wan 2 watch infernal affairs a not? Come lar...,u gd lor go shopping i got stuff to do u wan 2 watch infernal affairs a not come lar,89
ham,Correct. So how was work today,correct so how was work today,30
ham,"""HI BABE UAWAKE?FEELLIKW SHIT.JUSTFOUND OUT VIA ALETTER THATMUM GOTMARRIED 4thNOV.BEHIND OURBACKS  FUCKINNICE!SELFISH,DEVIOUSBITCH.ANYWAY,IL CALL U""",hi babe uawakefeellikw shitjustfound out via aletter thatmum gotmarried 4thnovbehind ourbacks  fuckinniceselfishdeviousbitchanywayil call u,150
ham,"I have 2 sleeping bags, 1 blanket and paper and  phone details. Anything else?",i have 2 sleeping bags 1 blanket and paper and  phone details anything else,78
ham,Already one guy loving you:-.,already one guy loving you,29
ham,Nice talking to you! please dont forget my pix :) i want to see all of you...,nice talking to you please dont forget my pix  i want to see all of you,77
ham,"Sorry, I'll call later",sorry ill call later,22
ham,I hope you that's the result of being consistently intelligent and kind. Start asking him about practicum links and keep your ears open and all the best. ttyl,i hope you thats the result of being consistently intelligent and kind start asking him about practicum links and keep your ears open and all the best ttyl,158
ham,"Poyyarikatur,kolathupalayam,unjalur post,erode dis, &lt;#&gt; .",poyyarikaturkolathupalayamunjalur posterode dis ltgt ,63
ham,A guy who gets used but is too dumb to realize it.,a guy who gets used but is too dumb to realize it,50
spam,"Your account has been credited with 500 FREE Text Messages. To activate, just txt the word: CREDIT to No: 80488 T&Cs www.80488.biz",your account has been credited with 500 free text messages to activate just txt the word credit to no 80488 tcs www80488biz,130
spam,"For ur chance to win a £250 wkly shopping spree TXT: SHOP to 80878. T's&C's www.txt-2-shop.com custcare 08715705022, 1x150p/wk",for ur chance to win a 250 wkly shopping spree txt shop to 80878 tscs wwwtxt2shopcom custcare 08715705022 1x150pwk,126
spam,"YOU 07801543489 are guaranteed the latests Nokia Phone, a 40GB iPod MP3 player or a £500 prize! Txt word:COLLECT to No:83355! TC-LLC NY-USA 150p/Mt msgrcvd18+",you 07801543489 are guaranteed the latests nokia phone a 40gb ipod mp3 player or a 500 prize txt wordcollect to no83355 tcllc nyusa 150pmt msgrcvd18,158
ham,Whens your radio show?,whens your radio show,22
ham,Good Morning my Dear........... Have a great &amp; successful day.,good morning my dear have a great amp successful day,66
ham,Well I'm going to be an aunty!,well im going to be an aunty,30
ham,Good Morning plz call me sir,good morning plz call me sir,28
ham,Headin towards busetop,headin towards busetop,22
ham,"Haha... Where got so fast lose weight, thk muz go 4 a month den got effect... Gee,later we go aust put bk e weight.",haha where got so fast lose weight thk muz go 4 a month den got effect geelater we go aust put bk e weight,115
ham,K then 2marrow are you coming to class.,k then 2marrow are you coming to class,39
ham,Yeah whatever lol,yeah whatever lol,17
ham,"""HEY KATE, HOPE UR OK... WILL GIVE U A BUZ WEDLUNCH. GO OUTSOMEWHERE 4 ADRINK IN TOWN..CUD GO 2WATERSHD 4 A BIT? PPL FROMWRK WILL BTHERE. LOVE PETEXXX.""",hey kate hope ur ok will give u a buz wedlunch go outsomewhere 4 adrink in towncud go 2watershd 4 a bit ppl fromwrk will bthere love petexxx,152
ham,haha but no money leh... Later got to go for tuition... Haha and looking for empty slots for driving lessons,haha but no money leh later got to go for tuition haha and looking for empty slots for driving lessons,108
spam,Congratulations ur awarded either £500 of CD gift vouchers & Free entry 2 our £100 weekly draw txt MUSIC to 87066 TnCs www.Ldew.com1win150ppmx3age16,congratulations ur awarded either 500 of cd gift vouchers  free entry 2 our 100 weekly draw txt music to 87066 tncs wwwldewcom1win150ppmx3age16,148
ham,"Goodnight, sleep well da please take care pa. Please.",goodnight sleep well da please take care pa please,53
ham,"Im cool ta luv but v.tired 2 cause i have been doin loads of planning all wk, we have got our social services inspection at the nursery! Take care & spk sn x.",im cool ta luv but vtired 2 cause i have been doin loads of planning all wk we have got our social services inspection at the nursery take care  spk sn x,159
ham,Not getting anywhere with this damn job hunting over here!,not getting anywhere with this damn job hunting over here,58
ham,Aah bless! How's your arm?,aah bless hows your arm,26
ham,I will see in half an hour,i will see in half an hour,26
ham,"I'm back, lemme know when you're ready",im back lemme know when youre ready,38
ham,"Hey. What happened? U switch off ur cell d whole day. This isnt good. Now if u do care, give me a call tomorrow.",hey what happened u switch off ur cell d whole day this isnt good now if u do care give me a call tomorrow,112
ham,Ok.,ok,3
ham,Hmm thinking lor...,hmm thinking lor,19
ham,Goodmorning today i am late for  &lt;DECIMAL&gt; min.,goodmorning today i am late for  ltdecimalgt min,53
ham,Ok...,ok,5
ham,That's significant but dont worry.,thats significant but dont worry,34
ham,DO NOT B LATE LOVE MUM,do not b late love mum,22
ham,Yes:)sura in sun tv.:)lol.,yessura in sun tvlol,26
ham,Was it something u ate?,was it something u ate,23
ham,Sitting ard nothing to do lor. U leh busy w work?,sitting ard nothing to do lor u leh busy w work,49
ham,Ok then i will come to ur home after half an hour,ok then i will come to ur home after half an hour,49
ham,No de. But call me after some time. Ill tell you k,no de but call me after some time ill tell you k,50
ham,Hey hun-onbus goin 2 meet him. He wants 2go out 4a meal but I donyt feel like it cuz have 2 get last bus home!But hes sweet latelyxxx,hey hunonbus goin 2 meet him he wants 2go out 4a meal but i donyt feel like it cuz have 2 get last bus homebut hes sweet latelyxxx,133
ham,You bad girl. I can still remember them,you bad girl i can still remember them,39
ham,"Hello.How u doing?What u been up 2?When will u b moving out of the flat, cos I will need to arrange to pick up the lamp, etc. Take care. Hello caroline!",hellohow u doingwhat u been up 2when will u b moving out of the flat cos i will need to arrange to pick up the lamp etc take care hello caroline,152
ham,I want snow. It's just freezing and windy.,i want snow its just freezing and windy,42
ham,Dude we should go sup again,dude we should go sup again,27
ham,"Hi, Mobile no.  &lt;#&gt;  has added you in their contact list on www.fullonsms.com It s a great place to send free sms to people For more visit fullonsms.com",hi mobile no  ltgt  has added you in their contact list on wwwfullonsmscom it s a great place to send free sms to people for more visit fullonsmscom,158
ham,"Hey , is * rite u put »10 evey mnth is that all?",hey  is  rite u put 10 evey mnth is that all,48
ham,Ill call you evening ill some ideas.,ill call you evening ill some ideas,36
ham,"I know where the  &lt;#&gt;  is, I'll be there around 5",i know where the  ltgt  is ill be there around 5,55
ham,I think it's all still in my car,i think its all still in my car,32
ham,Actually i'm waiting for 2 weeks when they start putting ad.,actually im waiting for 2 weeks when they start putting ad,60
ham,HMM yeah if your not too grooved out! And im looking forward to my pound special :),hmm yeah if your not too grooved out and im looking forward to my pound special ,83
ham,"Good afternoon, my love. It was good to see your words on YM and get your tm. Very smart move, my slave ... *smiles* ... I drink my coffee and await you.",good afternoon my love it was good to see your words on ym and get your tm very smart move my slave  smiles  i drink my coffee and await you,153
ham,Am surfing online store. For offers do you want to buy any thing.,am surfing online store for offers do you want to buy any thing,65
ham,I love your ass! Do you enjoy doggy style? :),i love your ass do you enjoy doggy style ,45
ham,Nope... Juz off from work...,nope juz off from work,28
ham,Ummmmmaah Many many happy returns of d day my dear sweet heart.. HAPPY BIRTHDAY dear,ummmmmaah many many happy returns of d day my dear sweet heart happy birthday dear,84
ham,"Like I made him throw up when we were smoking in our friend's car one time, it was awesome",like i made him throw up when we were smoking in our friends car one time it was awesome,90
ham,Oh did you charge camera,oh did you charge camera,24
ham,Otherwise had part time job na-tuition..,otherwise had part time job natuition,40
ham,aathi..where are you dear..,aathiwhere are you dear,27
spam,A link to your picture has been sent. You can also use http://alto18.co.uk/wave/wave.asp?o=44345,a link to your picture has been sent you can also use httpalto18coukwavewaveaspo44345,96
ham,Pls give her prometazine syrup. 5mls then  &lt;#&gt; mins later feed.,pls give her prometazine syrup 5mls then  ltgt mins later feed,69
ham,Hey ! Don't forget ... You are MINE ... For ME ... My possession ... MY property ... MMM ... *childish smile* ...,hey  dont forget  you are mine  for me  my possession  my property  mmm  childish smile ,113
ham,Why she wants to talk to me,why she wants to talk to me,27
ham,Oh yes I can speak txt 2 u no! Hmm. Did u get  email?,oh yes i can speak txt 2 u no hmm did u get  email,53
ham,Where r we meeting?,where r we meeting,19
spam,"U can WIN £100 of Music Gift Vouchers every week starting NOW Txt the word DRAW to 87066 TsCs www.Idew.com SkillGame, 1Winaweek, age16. 150ppermessSubscription",u can win 100 of music gift vouchers every week starting now txt the word draw to 87066 tscs wwwidewcom skillgame 1winaweek age16 150ppermesssubscription,159
ham,If I get there before you after your ten billion calls and texts so help me god,if i get there before you after your ten billion calls and texts so help me god,79
spam,Cashbin.co.uk (Get lots of cash this weekend!) www.cashbin.co.uk Dear Welcome to the weekend We have got our biggest and best EVER cash give away!! These..,cashbincouk get lots of cash this weekend wwwcashbincouk dear welcome to the weekend we have got our biggest and best ever cash give away these,155
ham,"Superb Thought- ""Be grateful that u dont have everything u want. That means u still have an opportunity to be happier tomorrow than u are today."":-)",superb thought be grateful that u dont have everything u want that means u still have an opportunity to be happier tomorrow than u are today,148
ham,Mmm so yummy babe ... Nice jolt to the suzy,mmm so yummy babe  nice jolt to the suzy,43
ham,Near kalainar tv office.thenampet,near kalainar tv officethenampet,33
ham,Dear where you will be when i reach there,dear where you will be when i reach there,41
ham,I'm freezing and craving ice. Fml,im freezing and craving ice fml,33
ham,I'm stuck in da middle of da row on da right hand side of da lt... ,im stuck in da middle of da row on da right hand side of da lt ,67
ham,Can you use foreign stamps for whatever you send them off for? ,can you use foreign stamps for whatever you send them off for ,63
ham,"Sorry, I'll call later in meeting",sorry ill call later in meeting,33
ham,I'll pick you up at about 5.15pm to go to taunton if you still want to come.,ill pick you up at about 515pm to go to taunton if you still want to come,76
ham,It shall be fine. I have avalarr now. Will hollalater,it shall be fine i have avalarr now will hollalater,53
ham,"Thank You for calling.Forgot to say Happy Onam to you Sirji.I am fine here and remembered you when i met an insurance person.Meet You in Qatar Insha Allah.Rakhesh, ex Tata AIG who joined TISSCO,Tayseer.",thank you for callingforgot to say happy onam to you sirjii am fine here and remembered you when i met an insurance personmeet you in qatar insha allahrakhesh ex tata aig who joined tisscotayseer,202
ham,"""Hello-/@drivby-:0quit edrunk sorry iff pthis makes no senrd-dnot no how ^ dancce 2 drum n basq!ihave fun 2nhite x ros xxxxxxx""",hellodrivby0quit edrunk sorry iff pthis makes no senrddnot no how  dancce 2 drum n basqihave fun 2nhite x ros xxxxxxx,127
ham,"Good afternoon, my boytoy ... How are you feeling today ? Better I hope? Are you being my good boy? Are you my obedient, slave? Do you please your Queen?",good afternoon my boytoy  how are you feeling today  better i hope are you being my good boy are you my obedient slave do you please your queen,153
ham,"K, can that happen tonight?",k can that happen tonight,27
ham,"House-Maid is the murderer, coz the man was murdered on  &lt;#&gt; th January.. As public holiday all govt.instituitions are closed,including post office..understand?",housemaid is the murderer coz the man was murdered on  ltgt th january as public holiday all govtinstituitions are closedincluding post officeunderstand,166
ham,"K, wat s tht incident?",k wat s tht incident,22
ham,"Ditto. And you won't have to worry about me saying ANYTHING to you anymore. Like i said last night, you do whatever you want and i'll do the same. Peace.",ditto and you wont have to worry about me saying anything to you anymore like i said last night you do whatever you want and ill do the same peace,153
ham,I AM AT A PARTY WITH ALEX NICHOLS,i am at a party with alex nichols,33
ham, and  picking them up from various points, and  picking them up from various points,41
spam,Ur cash-balance is currently 500 pounds - to maximize ur cash-in now send COLLECT to 83600 only 150p/msg. CC: 08718720201 PO BOX 114/14 TCR/W1,ur cashbalance is currently 500 pounds  to maximize ur cashin now send collect to 83600 only 150pmsg cc 08718720201 po box 11414 tcrw1,142
ham,Babe ? I lost you ... Will you try rebooting ?,babe  i lost you  will you try rebooting ,46
ham,PLEASSSSSSSEEEEEE TEL ME V AVENT DONE SPORTSx,pleassssssseeeeee tel me v avent done sportsx,45
ham,"Once a fishrman woke early in d mrng. It was very dark. He waited a while &amp; found a sack ful of stones. He strtd throwin thm in2 d sea 2 pass time. Atlast he had jus 1stone, sun rose up &amp; he found out tht those r nt stones, those were diamonds. Moral:""Dont wake up early in d mrng'' GOOD night",once a fishrman woke early in d mrng it was very dark he waited a while amp found a sack ful of stones he strtd throwin thm in2 d sea 2 pass time atlast he had jus 1stone sun rose up amp he found out tht those r nt stones those were diamonds moraldont wake up early in d mrng good night,301
ham,"Sure, whenever you show the fuck up &gt;:(",sure whenever you show the fuck up gt,42
ham,Really dun bluff me leh... U sleep early too. Nite...,really dun bluff me leh u sleep early too nite,53
spam,"SMS. ac sun0819 posts HELLO:""You seem cool, wanted to say hi. HI!!!"" Stop? Send STOP to 62468",sms ac sun0819 posts helloyou seem cool wanted to say hi hi stop send stop to 62468,93
ham,K k pa Had your lunch aha.,k k pa had your lunch aha,26
ham,"K, I might come by tonight then if my class lets out early",k i might come by tonight then if my class lets out early,58
ham,"Hey babe, how's it going ? Did you ever figure out where your going for New Years ?",hey babe hows it going  did you ever figure out where your going for new years ,83
ham,I'll be at mu in like  &lt;#&gt;  seconds,ill be at mu in like  ltgt  seconds,41
ham,I'm coming home 4 dinner.,im coming home 4 dinner,25
spam,Call FREEPHONE 0800 542 0578 now!,call freephone 0800 542 0578 now,33
spam,Save money on wedding lingerie at www.bridal.petticoatdreams.co.uk Choose from a superb selection with national delivery. Brought to you by WeddingFriend,save money on wedding lingerie at wwwbridalpetticoatdreamscouk choose from a superb selection with national delivery brought to you by weddingfriend,153
ham,Sorry to be a pain. Is it ok if we meet another night? I spent late afternoon in casualty and that means i haven't done any of y stuff42moro and that includes all my time sheets and that. Sorry. ,sorry to be a pain is it ok if we meet another night i spent late afternoon in casualty and that means i havent done any of y stuff42moro and that includes all my time sheets and that sorry ,195
ham,Even if he my friend he is a priest call him now,even if he my friend he is a priest call him now,48
ham,Designation is software developer and may be she get chennai:),designation is software developer and may be she get chennai,62
ham,"""Gimme a few"" was  &lt;#&gt;  minutes ago",gimme a few was  ltgt  minutes ago,41
ham,I'm okay. Chasing the dream. What's good. What are you doing next.,im okay chasing the dream whats good what are you doing next,66
ham,Send his number and give reply tomorrow morning for why you said that to him like that ok,send his number and give reply tomorrow morning for why you said that to him like that ok,89
spam,Txt: CALL to No: 86888 & claim your reward of 3 hours talk time to use from your phone now! Subscribe6GBP/mnth inc 3hrs 16 stop?txtStop www.gamb.tv,txt call to no 86888  claim your reward of 3 hours talk time to use from your phone now subscribe6gbpmnth inc 3hrs 16 stoptxtstop wwwgambtv,147
spam,You are a winner you have been specially selected to receive £1000 cash or a £2000 award. Speak to a live operator to claim call 087123002209am-7pm. Cost 10p,you are a winner you have been specially selected to receive 1000 cash or a 2000 award speak to a live operator to claim call 087123002209am7pm cost 10p,157
ham,"Good FRIENDS CaRE for each Other.. CLoSE Friends UNDERSTaND each Other... and TRUE Friends STaY forever beyond words, beyond time. Gud ni8",good friends care for each other close friends understand each other and true friends stay forever beyond words beyond time gud ni8,138
ham,Oh just getting even with u.... u?,oh just getting even with u u,34
ham,Uncle boye. I need movies oh. Guide me. Plus you know torrents are not particularly legal here. And the system is slowing down. What should i do. Have a gr8 day. Plus have you started cos i dont meet you online. How was the honey moon.,uncle boye i need movies oh guide me plus you know torrents are not particularly legal here and the system is slowing down what should i do have a gr8 day plus have you started cos i dont meet you online how was the honey moon,235
ham,I am not at all happy with what you saying or doing,i am not at all happy with what you saying or doing,51
ham,"Nothing much, chillin at home. Any super bowl plan?",nothing much chillin at home any super bowl plan,51
ham,Omg I want to scream. I weighed myself and I lost more weight! Woohoo!,omg i want to scream i weighed myself and i lost more weight woohoo,70
ham,Hi! You just spoke to MANEESHA V. We'd like to know if you were satisfied with the experience. Reply Toll Free with Yes or No.,hi you just spoke to maneesha v wed like to know if you were satisfied with the experience reply toll free with yes or no,126
ham,Prabha..i'm soryda..realy..frm heart i'm sory,prabhaim sorydarealyfrm heart im sory,45
ham,As per your request 'Melle Melle (Oru Minnaminunginte Nurungu Vettam)' has been set as your callertune for all Callers. Press *9 to copy your friends Callertune,as per your request melle melle oru minnaminunginte nurungu vettam has been set as your callertune for all callers press 9 to copy your friends callertune,160
ham,All will come alive.better correct any good looking figure there itself..,all will come alivebetter correct any good looking figure there itself,73
ham,Also track down any lighters you can find,also track down any lighters you can find,41
ham,"Do you know why god created gap between your fingers..? So that, One who is made for you comes &amp; fills those gaps by holding your hand with LOVE..!",do you know why god created gap between your fingers so that one who is made for you comes amp fills those gaps by holding your hand with love,151
ham,I will be gentle princess! We will make sweet gentle love...,i will be gentle princess we will make sweet gentle love,60
ham,"Ya ok, vikky vl c witin  &lt;#&gt; mins and il reply u..",ya ok vikky vl c witin  ltgt mins and il reply u,56
ham,Ü v ma fan..., v ma fan,13
ham,Reverse is cheating. That is not mathematics.,reverse is cheating that is not mathematics,45
spam,Someone has conacted our dating service and entered your phone because they fancy you!To find out who it is call from landline 09111030116. PoBox12n146tf15,someone has conacted our dating service and entered your phone because they fancy youto find out who it is call from landline 09111030116 pobox12n146tf15,155
spam,We tried to contact you re your reply to our offer of a Video Handset? 750 anytime networks mins? UNLIMITED TEXT? Camcorder? Reply or call 08000930705 NOW,we tried to contact you re your reply to our offer of a video handset 750 anytime networks mins unlimited text camcorder reply or call 08000930705 now,154
ham,Also remember the beads don't come off. Ever.,also remember the beads dont come off ever,45
ham,"Damn, can you make it tonight or do you want to just wait til tomorrow",damn can you make it tonight or do you want to just wait til tomorrow,70
ham,I got lousy sleep. I kept waking up every 2 hours to see if my cat wanted to come in. I worry about him when its cold :(,i got lousy sleep i kept waking up every 2 hours to see if my cat wanted to come in i worry about him when its cold ,120
ham,Have a great trip to India. And bring the light to everyone not just with the project but with everyone that is lucky to see you smile. Bye. Abiola,have a great trip to india and bring the light to everyone not just with the project but with everyone that is lucky to see you smile bye abiola,147
ham,E admin building there? I might b slightly earlier... I'll call u when i'm reaching...,e admin building there i might b slightly earlier ill call u when im reaching,86
spam,"Will u meet ur dream partner soon? Is ur career off 2 a flyng start? 2 find out free, txt HORO followed by ur star sign, e. g. HORO ARIES",will u meet ur dream partner soon is ur career off 2 a flyng start 2 find out free txt horo followed by ur star sign e g horo aries,137
ham,I'm in office now . I will call you  &lt;#&gt;  min:),im in office now  i will call you  ltgt  min,53
ham,Don no da:)whats you plan?,don no dawhats you plan,26
ham,Yay can't wait to party together!,yay cant wait to party together,33
ham,"Cool, we shall go and see, have to go to tip anyway. Are you at home, got something to drop in later? So lets go to town tonight! Maybe mum can take us in.",cool we shall go and see have to go to tip anyway are you at home got something to drop in later so lets go to town tonight maybe mum can take us in,155
ham,"Nah, Wednesday. When should I bring the mini cheetos bag over?",nah wednesday when should i bring the mini cheetos bag over,62
ham,"A Boy loved a gal. He propsd bt she didnt mind. He gv lv lttrs, Bt her frnds threw thm. Again d boy decided 2 aproach d gal , dt time a truck was speeding towards d gal. Wn it was about 2 hit d girl,d boy ran like hell n saved her. She asked 'hw cn u run so fast?' D boy replied ""Boost is d secret of my energy"" n instantly d girl shouted ""our energy"" n Thy lived happily 2gthr drinking boost evrydy Moral of d story:- I hv free msgs:D;): gud ni8",a boy loved a gal he propsd bt she didnt mind he gv lv lttrs bt her frnds threw thm again d boy decided 2 aproach d gal  dt time a truck was speeding towards d gal wn it was about 2 hit d girld boy ran like hell n saved her she asked hw cn u run so fast d boy replied boost is d secret of my energy n instantly d girl shouted our energy n thy lived happily 2gthr drinking boost evrydy moral of d story i hv free msgsd gud ni8,446
ham,I borrow ur bag ok.,i borrow ur bag ok,19
ham,You lifted my hopes with the offer of money. I am in need. Especially when the end of the month approaches and it hurts my studying. Anyways have a gr8 weekend,you lifted my hopes with the offer of money i am in need especially when the end of the month approaches and it hurts my studying anyways have a gr8 weekend,159
ham,When is school starting. Where will you stay. What's the weather like. And the food. Do you have a social support system like friends in the school. All these things are important.,when is school starting where will you stay whats the weather like and the food do you have a social support system like friends in the school all these things are important,180
ham,"Sorry, I'll call later",sorry ill call later,22
ham,"&lt;#&gt; %of pple marry with their lovers... becz they hav gud undrstndng dat avoids problems. i sent dis 2 u, u wil get gud news on friday by d person you like. And tomorrow will be the best day of your life. Dont break this chain. If you break you will suffer. send this to  &lt;#&gt;  frnds in &lt;#&gt;  mins whn u read...",ltgt of pple marry with their lovers becz they hav gud undrstndng dat avoids problems i sent dis 2 u u wil get gud news on friday by d person you like and tomorrow will be the best day of your life dont break this chain if you break you will suffer send this to  ltgt  frnds in ltgt  mins whn u read,327
ham,V skint too but fancied few bevies.waz gona go meet &othrs in spoon but jst bin watchng planet earth&sofa is v comfey; If i dont make it hav gd night,v skint too but fancied few bevieswaz gona go meet othrs in spoon but jst bin watchng planet earthsofa is v comfey if i dont make it hav gd night,149
ham,Oh oh... Wasted... Den muz chiong on sat n sun liao...,oh oh wasted den muz chiong on sat n sun liao,54
ham,Try to do something dear. You read something for exams,try to do something dear you read something for exams,54
ham,Tiwary to rcb.battle between bang and kochi.,tiwary to rcbbattle between bang and kochi,44
ham,Yes :)it completely in out of form:)clark also utter waste.,yes it completely in out of formclark also utter waste,59
ham,"Babe ! How goes that day ? What are you doing ? Where are you ? I sip my cappuccino and think of you, my love ... I send a kiss to you from across the sea",babe  how goes that day  what are you doing  where are you  i sip my cappuccino and think of you my love  i send a kiss to you from across the sea,154
ham,That's y i said it's bad dat all e gals know u... Wat u doing now?,thats y i said its bad dat all e gals know u wat u doing now,66
ham,Ü log off 4 wat. It's sdryb8i, log off 4 wat its sdryb8i,29
ham,"HEY THERE BABE, HOW U DOIN? WOT U UP 2 2NITE LOVE ANNIE X.",hey there babe how u doin wot u up 2 2nite love annie x,58
ham,"1.20 that call cost. Which i guess isnt bad. Miss ya, need ya, want ya, love ya",120 that call cost which i guess isnt bad miss ya need ya want ya love ya,79
ham,I remain unconvinced that this isn't an elaborate test of my willpower,i remain unconvinced that this isnt an elaborate test of my willpower,70
ham,Hey... Why dont we just go watch x men and have lunch... Haha ,hey why dont we just go watch x men and have lunch haha ,62
ham,It's ok i wun b angry. Msg u aft i come home tonight.,its ok i wun b angry msg u aft i come home tonight,53
ham,"Nowadays people are notixiquating the laxinorficated opportunity for bambling of entropication.... Have you ever oblisingately opted ur books for the masteriastering amplikater of fidalfication? It is very champlaxigating, i think it is atrocious.. Wotz Ur Opinion???? Junna",nowadays people are notixiquating the laxinorficated opportunity for bambling of entropication have you ever oblisingately opted ur books for the masteriastering amplikater of fidalfication it is very champlaxigating i think it is atrocious wotz ur opinion junna,274
ham,"New Theory: Argument wins d SITUATION, but loses the PERSON. So dont argue with ur friends just.. . . . kick them &amp; say, I'm always correct.!",new theory argument wins d situation but loses the person so dont argue with ur friends just    kick them amp say im always correct,145
ham,Forgot to tell ü smth.. Can ü like number the sections so that it's clearer..,forgot to tell  smth can  like number the sections so that its clearer,77
ham,Prabha..i'm soryda..realy..frm heart i'm sory,prabhaim sorydarealyfrm heart im sory,45
ham,"Me also da, i feel yesterday night  wait til 2day night dear.",me also da i feel yesterday night  wait til 2day night dear,61
ham,"Trust me. Even if isn't there, its there.",trust me even if isnt there its there,41
ham,"I'm taking derek &amp; taylor to walmart, if I'm not back by the time you're done just leave the mouse on my desk and I'll text you when priscilla's ready",im taking derek amp taylor to walmart if im not back by the time youre done just leave the mouse on my desk and ill text you when priscillas ready,154
ham,Easy ah?sen got selected means its good..,easy ahsen got selected means its good,41
ham,Mum not going robinson already.,mum not going robinson already,31
ham,(You didn't hear it from me),you didnt hear it from me,28
ham,Change again... It's e one next to escalator...,change again its e one next to escalator,47
ham,"Hi, can i please get a  &lt;#&gt;  dollar loan from you. I.ll pay you back by mid february. Pls.",hi can i please get a  ltgt  dollar loan from you ill pay you back by mid february pls,96
ham,"The fact that you're cleaning shows you know why i'm upset. Your priority is constantly ""what i want to do,"" not ""what i need to do.""",the fact that youre cleaning shows you know why im upset your priority is constantly what i want to do not what i need to do,133
ham,1. Tension face 2. Smiling face 3. Waste face 4. Innocent face 5.Terror face 6.Cruel face 7.Romantic face 8.Lovable face 9.decent face  &lt;#&gt; .joker face.,1 tension face 2 smiling face 3 waste face 4 innocent face 5terror face 6cruel face 7romantic face 8lovable face 9decent face  ltgt joker face,158
ham,Ok.ok ok..then..whats ur todays plan,okok okthenwhats ur todays plan,36
spam,WIN a £200 Shopping spree every WEEK Starting NOW. 2 play text STORE to 88039. SkilGme. TsCs08714740323 1Winawk! age16 £1.50perweeksub.,win a 200 shopping spree every week starting now 2 play text store to 88039 skilgme tscs08714740323 1winawk age16 150perweeksub,135
ham,"Got hella gas money, want to go on a grand nature adventure with galileo in a little bit?",got hella gas money want to go on a grand nature adventure with galileo in a little bit,89
ham,I dunno until when... Lets go learn pilates...,i dunno until when lets go learn pilates,46
ham,Oh ok wait 4 me there... My lect havent finish,oh ok wait 4 me there my lect havent finish,46
ham,So how many days since then?,so how many days since then,28
ham,Dip's cell dead. So i m coming with him. U better respond else we shall come back.,dips cell dead so i m coming with him u better respond else we shall come back,82
ham,No one interested. May be some business plan.,no one interested may be some business plan,45
ham,Have a nice day my dear.,have a nice day my dear,24
ham,Anything lor if they all go then i go lor...,anything lor if they all go then i go lor,44
ham,May b approve panalam...but it should have more posts..,may b approve panalambut it should have more posts,55
spam,"Today's Offer! Claim ur £150 worth of discount vouchers! Text YES to 85023 now! SavaMob, member offers mobile! T Cs 08717898035. £3.00 Sub. 16 . Unsub reply X",todays offer claim ur 150 worth of discount vouchers text yes to 85023 now savamob member offers mobile t cs 08717898035 300 sub 16  unsub reply x,158
ham,Gain the rights of a wife.dont demand it.i am trying as husband too.Lets see,gain the rights of a wifedont demand iti am trying as husband toolets see,76
ham,Mode men or have you left.,mode men or have you left,26
ham,"Did he say how fantastic I am by any chance, or anything need a bigger life lift as losing the will 2 live, do you think I would be the first person 2 die from N V Q? ",did he say how fantastic i am by any chance or anything need a bigger life lift as losing the will 2 live do you think i would be the first person 2 die from n v q ,167
ham,"Alright if you're sure, let me know when you're leaving",alright if youre sure let me know when youre leaving,55
ham,"aight we can pick some up, you open before tonight?",aight we can pick some up you open before tonight,51
ham,Oh you got many responsibilities.,oh you got many responsibilities,33
ham,"Whatever, juliana. Do whatever you want.",whatever juliana do whatever you want,40
ham,"Tell you what, if you make a little spreadsheet and track whose idea it was to smoke to determine who ""smokes too much"" for the entire month of february, I'll come up",tell you what if you make a little spreadsheet and track whose idea it was to smoke to determine who smokes too much for the entire month of february ill come up,166
ham,And stop being an old man. You get to build snowman snow angels and snowball fights.,and stop being an old man you get to build snowman snow angels and snowball fights,84
ham,Ok lor. Msg me b4 u call.,ok lor msg me b4 u call,25
ham,"Short But Cute: ""Be a good person, but dont try to prove it.."" .Gud noon....",short but cute be a good person but dont try to prove it gud noon,76
ham,Yesterday its with me only . Now am going home.,yesterday its with me only  now am going home,47
ham,"""Speak only when you feel your words are better than the silence..."" Gud mrng:-)",speak only when you feel your words are better than the silence gud mrng,80
ham,Yes..he is really great..bhaji told kallis best cricketer after sachin in world:).very tough to get out.,yeshe is really greatbhaji told kallis best cricketer after sachin in worldvery tough to get out,104
ham,I realise you are a busy guy and i'm trying not to be a bother. I have to get some exams outta the way and then try the cars. Do have a gr8 day,i realise you are a busy guy and im trying not to be a bother i have to get some exams outta the way and then try the cars do have a gr8 day,143
ham,How are you. Wish you a great semester,how are you wish you a great semester,38
ham,Pass dis to all ur contacts n see wat u get! Red;i'm in luv wid u. Blue;u put a smile on my face. Purple;u r realy hot. Pink;u r so swt. Orange;i thnk i lyk u. Green;i realy wana go out wid u. Yelow;i wnt u bck. Black;i'm jealous of u. Brown;i miss you Nw plz giv me one color,pass dis to all ur contacts n see wat u get redim in luv wid u blueu put a smile on my face purpleu r realy hot pinku r so swt orangei thnk i lyk u greeni realy wana go out wid u yelowi wnt u bck blackim jealous of u browni miss you nw plz giv me one color,276
ham,"Er yeah, i will b there at 15:26, sorry! Just tell me which pub/cafe to sit in and come wen u can",er yeah i will b there at 1526 sorry just tell me which pubcafe to sit in and come wen u can,97
ham,I sent you  &lt;#&gt;  bucks,i sent you  ltgt  bucks,28
spam,"You are guaranteed the latest Nokia Phone, a 40GB iPod MP3 player or a £500 prize! Txt word: COLLECT to No: 83355! IBHltd LdnW15H 150p/Mtmsgrcvd18",you are guaranteed the latest nokia phone a 40gb ipod mp3 player or a 500 prize txt word collect to no 83355 ibhltd ldnw15h 150pmtmsgrcvd18,146
ham,Dude ive been seeing a lotta corvettes lately,dude ive been seeing a lotta corvettes lately,45
ham,Now am free call me pa.,now am free call me pa,23
ham,A lot of this sickness thing going round. Take it easy. Hope u feel better soon. Lol,a lot of this sickness thing going round take it easy hope u feel better soon lol,84
ham,Sday only joined.so training we started today:),sday only joinedso training we started today,47
ham,Do ü all wan 2 meet up n combine all the parts? How's da rest of da project going?,do  all wan 2 meet up n combine all the parts hows da rest of da project going,82
ham,Hi Harish's rent has been transfred to ur Acnt.,hi harishs rent has been transfred to ur acnt,47
ham,I'm at home. Please call,im at home please call,24
spam,Get a FREE mobile video player FREE movie. To collect text GO to 89105. Its free! Extra films can be ordered t's and c's apply. 18 yrs only,get a free mobile video player free movie to collect text go to 89105 its free extra films can be ordered ts and cs apply 18 yrs only,139
ham,Mm umma ask vava also to come tell him can play later together,mm umma ask vava also to come tell him can play later together,62
ham,Then u going ikea str aft dat?,then u going ikea str aft dat,30
ham,The greatest test of courage on earth is to bear defeat without losing heart....gn tc,the greatest test of courage on earth is to bear defeat without losing heartgn tc,85
ham,Yes. that will be fine. Love you. Be safe.,yes that will be fine love you be safe,42
ham,Usually the person is unconscious that's in children but in adults they may just behave abnormally. I.ll call you now,usually the person is unconscious thats in children but in adults they may just behave abnormally ill call you now,117
spam,Well done ENGLAND! Get the official poly ringtone or colour flag on yer mobile! text TONE or FLAG to 84199 NOW! Opt-out txt ENG STOP. Box39822 W111WX £1.50,well done england get the official poly ringtone or colour flag on yer mobile text tone or flag to 84199 now optout txt eng stop box39822 w111wx 150,155
ham,"awesome, how do I deal with the gate? Charles told me last night but, uh, yeah",awesome how do i deal with the gate charles told me last night but uh yeah,78
ham,Sorry da..today i wont come to play..i have driving clas..,sorry datoday i wont come to playi have driving clas,58
ham,"Just sent again. Do you scream and moan in bed, princess?",just sent again do you scream and moan in bed princess,57
ham,I lost 4 pounds since my doc visit last week woot woot! Now I'm gonna celebrate by stuffing my face!,i lost 4 pounds since my doc visit last week woot woot now im gonna celebrate by stuffing my face,100
spam,"Hottest pics straight to your phone!! See me getting Wet and Wanting, just for you xx Text PICS to 89555 now! txt costs 150p textoperator g696ga 18 XxX",hottest pics straight to your phone see me getting wet and wanting just for you xx text pics to 89555 now txt costs 150p textoperator g696ga 18 xxx,151
spam,Your 2004 account for 07XXXXXXXXX shows 786 unredeemed points. To claim call 08719181259 Identifier code: XXXXX Expires 26.03.05,your 2004 account for 07xxxxxxxxx shows 786 unredeemed points to claim call 08719181259 identifier code xxxxx expires 260305,128
ham,Im done. Just studyn in library,im done just studyn in library,31
ham,Hi Princess! Thank you for the pics. You are very pretty. How are you?,hi princess thank you for the pics you are very pretty how are you,70
ham,I want to lick your pussy now...,i want to lick your pussy now,32
spam,Call Germany for only 1 pence per minute! Call from a fixed line via access number 0844 861 85 85. No prepayment. Direct access! www.telediscount.co.uk,call germany for only 1 pence per minute call from a fixed line via access number 0844 861 85 85 no prepayment direct access wwwtelediscountcouk,151
ham,Anything lor is she coming?,anything lor is she coming,27
ham,Total video converter free download type this in google search:),total video converter free download type this in google search,64
ham,A bloo bloo bloo I'll miss the first bowl,a bloo bloo bloo ill miss the first bowl,41
ham,"I wonder if your phone battery went dead ? I had to tell you, I love you babe",i wonder if your phone battery went dead  i had to tell you i love you babe,77
ham,"Probably not, still going over some stuff here",probably not still going over some stuff here,46
ham,Great. Never been better. Each day gives even more reasons to thank God,great never been better each day gives even more reasons to thank god,71
ham,Yes. Nigh you cant aha.,yes nigh you cant aha,23
ham,Ok i msg u b4 i leave my house.,ok i msg u b4 i leave my house,31
spam,Todays Vodafone numbers ending with 4882 are selected to a receive a £350 award. If your number matches call 09064019014 to receive your £350 award.,todays vodafone numbers ending with 4882 are selected to a receive a 350 award if your number matches call 09064019014 to receive your 350 award,148
ham,"Mmmmmm ... I love you,so much, Ahmad ... I can't wait for this year to begin as every second takes me closer to being at your side. Happy New Year, my love!!",mmmmmm  i love youso much ahmad  i cant wait for this year to begin as every second takes me closer to being at your side happy new year my love,157
ham,Was actually about to send you a reminder today. Have a wonderful weekend,was actually about to send you a reminder today have a wonderful weekend,73
ham,His bday real is in april .,his bday real is in april ,27
ham,"K, jason says he's gonna be around so I'll be up there around  &lt;#&gt;",k jason says hes gonna be around so ill be up there around  ltgt,72
ham,"Aldrine, rakhesh ex RTM here.pls call.urgent.",aldrine rakhesh ex rtm herepls callurgent,45
ham,K.k:)apo k.good movie.,kkapo kgood movie,22
ham,Do you know where my lab goggles went,do you know where my lab goggles went,37
spam,Valentines Day Special! Win over £1000 in our quiz and take your partner on the trip of a lifetime! Send GO to 83600 now. 150p/msg rcvd. CustCare:08718720201,valentines day special win over 1000 in our quiz and take your partner on the trip of a lifetime send go to 83600 now 150pmsg rcvd custcare08718720201,157
ham,"Hmm well, night night ",hmm well night night ,22
ham,Message from . I am at Truro Hospital on ext. You can phone me here. as I have a phone by my side,message from  i am at truro hospital on ext you can phone me here as i have a phone by my side,97
ham,My uncles in Atlanta. Wish you guys a great semester.,my uncles in atlanta wish you guys a great semester,53
ham,Unfortunately i've just found out that we have to pick my sister up from the airport that evening so don't think i'll be going out at all. We should try to go out one of th,unfortunately ive just found out that we have to pick my sister up from the airport that evening so dont think ill be going out at all we should try to go out one of th,172
ham,Great! So what attracts you to the brothas?,great so what attracts you to the brothas,43
ham,"You are always putting your business out there. You put pictures of your ass on facebook. You are one of the most open people i've ever met. Why would i think a picture of your room would hurt you, make you feel violated.",you are always putting your business out there you put pictures of your ass on facebook you are one of the most open people ive ever met why would i think a picture of your room would hurt you make you feel violated,221
ham,Sorry * was at the grocers.,sorry  was at the grocers,27
ham,Dear how is chechi. Did you talk to her,dear how is chechi did you talk to her,39
ham,Is that what time you want me to come?,is that what time you want me to come,38
ham,New car and house for my parents.:)i have only new job in hand:),new car and house for my parentsi have only new job in hand,64
ham,"No dude, its not fake..my frnds got money, thts y i'm reffering u..if u member wit my mail link, u vl be credited  &lt;#&gt; rs and il be getiing  &lt;#&gt; rs..i can draw my acc wen it is  &lt;#&gt; rs..",no dude its not fakemy frnds got money thts y im reffering uif u member wit my mail link u vl be credited  ltgt rs and il be getiing  ltgt rsi can draw my acc wen it is  ltgt rs,204
ham,Pls call me da. What happen.,pls call me da what happen,28
ham,"Sorry I flaked last night, shit's seriously goin down with my roommate, what you up to tonight?",sorry i flaked last night shits seriously goin down with my roommate what you up to tonight,95
spam,YES! The only place in town to meet exciting adult singles is now in the UK. Txt CHAT to 86688 now! 150p/Msg.,yes the only place in town to meet exciting adult singles is now in the uk txt chat to 86688 now 150pmsg,109
ham,Ü still got lessons?  Ü in sch?, still got lessons   in sch,31
ham,"Send ur birthdate with month and year, I will tel u ur LIFE PARTNER'S name. and the method of calculation. Reply must.",send ur birthdate with month and year i will tel u ur life partners name and the method of calculation reply must,118
ham,Or u ask they all if next sat can a not. If all of them can make it then i'm ok lor.,or u ask they all if next sat can a not if all of them can make it then im ok lor,84
ham,Also maaaan are you missing out,also maaaan are you missing out,31
ham,Dont worry. I guess he's busy.,dont worry i guess hes busy,30
ham,Wow so healthy. Old airport rd lor. Cant thk of anything else. But i'll b bathing my dog later.,wow so healthy old airport rd lor cant thk of anything else but ill b bathing my dog later,95
ham,Have you heard from this week?,have you heard from this week,30
ham,Ok. C u then.,ok c u then,13
ham,Lul im gettin some juicy gossip at the hospital. Two nurses are talking about how fat they are gettin. And one thinks shes obese. Oyea.,lul im gettin some juicy gossip at the hospital two nurses are talking about how fat they are gettin and one thinks shes obese oyea,135
ham,Nothing just getting msgs by dis name wit different no's..,nothing just getting msgs by dis name wit different nos,58
spam,Do you want a New Nokia 3510i Colour Phone Delivered Tomorrow? With 200 FREE minutes to any mobile + 100 FREE text + FREE camcorder Reply or Call 08000930705,do you want a new nokia 3510i colour phone delivered tomorrow with 200 free minutes to any mobile  100 free text  free camcorder reply or call 08000930705,157
ham,Watch lor. I saw a few swatch one i thk quite ok. Ard 116 but i need 2nd opinion leh...,watch lor i saw a few swatch one i thk quite ok ard 116 but i need 2nd opinion leh,87
ham,His frens go then he in lor. Not alone wif my mum n sis lor.,his frens go then he in lor not alone wif my mum n sis lor,60
ham,And you! Will expect you whenever you text! Hope all goes well tomo ,and you will expect you whenever you text hope all goes well tomo ,68
ham,Are you willing to go for apps class.,are you willing to go for apps class,37
ham,So wat's da decision?,so wats da decision,21
ham,We still on for tonight?,we still on for tonight,24
ham,"Cool, I'll text you when I'm on the way",cool ill text you when im on the way,39
ham,"Aight, sounds good. When do you want me to come down?",aight sounds good when do you want me to come down,53
ham,Lol no. U can trust me.,lol no u can trust me,23
ham,S:)but he had some luck.2 catches put down:),sbut he had some luck2 catches put down,44
ham,Cant think of anyone with * spare room off * top of my head,cant think of anyone with  spare room off  top of my head,59
ham,JADE ITS PAUL. Y DIDNT U TXT ME? DO U REMEMBER ME FROM BARMED? I WANT 2 TALK 2 U! TXT ME,jade its paul y didnt u txt me do u remember me from barmed i want 2 talk 2 u txt me,89
ham,"Finally it has happened..! Aftr decades..! BEER is now cheaper than PETROL! The goverment expects us to ""DRINK"". . . But don't ""DRIVE """,finally it has happened aftr decades beer is now cheaper than petrol the goverment expects us to drink   but dont drive ,135
ham,Well at this right I'm gonna have to get up and check today's steam sales/pee so text me when you want me to come get you,well at this right im gonna have to get up and check todays steam salespee so text me when you want me to come get you,121
ham,For many things its an antibiotic and it can be used for chest abdomen and gynae infections even bone infections.,for many things its an antibiotic and it can be used for chest abdomen and gynae infections even bone infections,113
ham,Shall i get my pouch?,shall i get my pouch,21
ham,Must come later.. I normally bathe him in da afternoon mah..,must come later i normally bathe him in da afternoon mah,60
ham,There's no point hangin on to mr not right if he's not makin u happy,theres no point hangin on to mr not right if hes not makin u happy,68
ham,"""OH FUCK. JUSWOKE UP IN A BED ON A BOATIN THE DOCKS. SLEPT WID 25 YEAR OLD. SPINOUT! GIV U DA GOSSIP L8R. XXX""",oh fuck juswoke up in a bed on a boatin the docks slept wid 25 year old spinout giv u da gossip l8r xxx,110
spam,FREEMSG: Our records indicate you may be entitled to 3750 pounds for the Accident you had. To claim for free reply with YES to this msg. To opt out text STOP,freemsg our records indicate you may be entitled to 3750 pounds for the accident you had to claim for free reply with yes to this msg to opt out text stop,157
ham,I am in office:)whats the matter..msg me now.i will call you at break:).,i am in officewhats the mattermsg me nowi will call you at break,72
ham,Cause I'm not freaky lol,cause im not freaky lol,24
ham,"They can try! They can get lost, in fact. Tee hee",they can try they can get lost in fact tee hee,49
ham,Eek that's a lot of time especially since American Pie is like 8 minutes long. I can't stop singing it.,eek thats a lot of time especially since american pie is like 8 minutes long i cant stop singing it,103
ham,5 nights...We nt staying at port step liao...Too ex,5 nightswe nt staying at port step liaotoo ex,51
ham,Havent shopping now lor i juz arrive only,havent shopping now lor i juz arrive only,41
ham,ZOE IT JUST HIT ME 2 IM FUCKING SHITIN MYSELF IL DEFO TRY MY HARDEST 2 CUM 2MOROW LUV U MILLIONS LEKDOG,zoe it just hit me 2 im fucking shitin myself il defo try my hardest 2 cum 2morow luv u millions lekdog,103
ham,NO GIFTS!! You trying to get me to throw myself off a cliff or something?,no gifts you trying to get me to throw myself off a cliff or something,73
ham,You getting back any time soon?,you getting back any time soon,31
ham,"Ok da, i already planned. I wil pick you.",ok da i already planned i wil pick you,41
ham,S.s:)i thinl role is like sachin.just standing. Others have to hit.,ssi thinl role is like sachinjust standing others have to hit,67
spam,88800 and 89034 are premium phone services call 08718711108,88800 and 89034 are premium phone services call 08718711108,59
spam,"Got what it takes 2 take part in the WRC Rally in Oz? U can with Lucozade Energy! Text RALLY LE to 61200 (25p), see packs or lucozade.co.uk/wrc & itcould be u!",got what it takes 2 take part in the wrc rally in oz u can with lucozade energy text rally le to 61200 25p see packs or lucozadecoukwrc  itcould be u,159
ham,What's a feathery bowa? Is that something guys have that I don't know about?,whats a feathery bowa is that something guys have that i dont know about,76
ham,Tired. I haven't slept well the past few nights.,tired i havent slept well the past few nights,48
ham,hope things went well at 'doctors' ;) reminds me i still need 2go.did u c d little thing i left in the lounge?,hope things went well at doctors  reminds me i still need 2godid u c d little thing i left in the lounge,110
ham,Yeah I can still give you a ride,yeah i can still give you a ride,32
ham,Have you seen who's back at Holby?!,have you seen whos back at holby,35
ham,R u meeting da ge at nite tmr?,r u meeting da ge at nite tmr,30
ham,"As usual..iam fine, happy &amp; doing well..:)",as usualiam fine happy amp doing well,46
spam,"3 FREE TAROT TEXTS! Find out about your love life now! TRY 3 FOR FREE! Text CHANCE to 85555 16 only! After 3 Free, Msgs £1.50 each",3 free tarot texts find out about your love life now try 3 for free text chance to 85555 16 only after 3 free msgs 150 each,130
ham,Shall i start from hear.,shall i start from hear,24
ham,"Sorry, I'll call later",sorry ill call later,22
ham,Oh :-)only 4 outside players allowed to play know,oh only 4 outside players allowed to play know,49
ham,I pocked you up there before,i pocked you up there before,28
ham,"Ill call u 2mrw at ninish, with my address that icky American freek wont stop callin me 2 bad Jen k eh?",ill call u 2mrw at ninish with my address that icky american freek wont stop callin me 2 bad jen k eh,103
ham,Yes just finished watching days of our lives. I love it.,yes just finished watching days of our lives i love it,56
ham,Heart is empty without love.. Mind is empty without wisdom.. Eyes r empty without dreams &amp; Life is empty without frnds.. So Alwys Be In Touch. Good night &amp; sweet dreams,heart is empty without love mind is empty without wisdom eyes r empty without dreams amp life is empty without frnds so alwys be in touch good night amp sweet dreams,176
ham,At 7 we will go ok na.,at 7 we will go ok na,22
ham,Cool. Do you like swimming? I have a pool and jacuzzi at my house.,cool do you like swimming i have a pool and jacuzzi at my house,66
ham,"The  &lt;#&gt; g that i saw a few days ago, the guy wants sell wifi only for  &lt;#&gt;  and with 3g for  &lt;#&gt; . That's why i blanked him.",the  ltgt g that i saw a few days ago the guy wants sell wifi only for  ltgt  and with 3g for  ltgt  thats why i blanked him,143
ham,Its ok my arm is feeling weak cuz i got a shot so we can go another time,its ok my arm is feeling weak cuz i got a shot so we can go another time,72
spam,Do you want a new Video handset? 750 any time any network mins? UNLIMITED TEXT? Camcorder? Reply or Call now 08000930705 for del Sat AM,do you want a new video handset 750 any time any network mins unlimited text camcorder reply or call now 08000930705 for del sat am,135
ham,Siva is in hostel aha:-.,siva is in hostel aha,24
ham,"Please protect yourself from e-threats. SIB never asks for sensitive information like Passwords,ATM/SMS PIN thru email. Never share your password with anybody.",please protect yourself from ethreats sib never asks for sensitive information like passwordsatmsms pin thru email never share your password with anybody,159
ham,We are okay. Going to sleep now. Later,we are okay going to sleep now later,38
ham,"Mah b, I'll pick it up tomorrow",mah b ill pick it up tomorrow,31
ham,* Will be september by then!, will be september by then,28
ham,Ha ha ha good joke. Girls are situation seekers.,ha ha ha good joke girls are situation seekers,48
